#usda 1.0

def "Island"
{
    def Scope "Hydrology"
    {
        def Scope "Rivers"
        {
            def Points "Nodes"
            {
                float3[] extent = [(-968.62744, 0.30008742, -968.62744), (921.5686, 176.84721, 984.3137)]
                int64[] ids = [0, 1, 2, 3, 4, 5, 6, 7, 8, 9, 10, 11, 12, 13, 14, 15, 16, 17, 18, 19, 20, 21, 22, 23, 24, 25, 26, 27, 28, 29, 30, 31, 32, 33, 34, 35, 36, 37, 38, 39, 40, 41, 42, 43, 44, 45, 46, 47, 48, 49, 50, 51, 52, 53, 54, 55, 56, 57, 58, 59, 60, 61, 62, 63, 64, 65, 66, 67, 68, 69, 70, 71, 72, 73, 74, 75, 76, 77, 78, 79, 80, 81, 82, 83, 84, 85, 86, 87, 88, 89, 90, 91, 92, 93, 94, 95, 96, 97]
                point3f[] points = [(-145.09804, 0.3007468, 976.4706), (-137.2549, 0.30054572, 984.3137), (105.882355, 1.9160721, 921.5686), (105.882355, 0.30207202, 984.3137), (-152.94118, 1.9725144, 913.72546), (-152.94118, 0.3133633, 968.62744), (-301.9608, 5.7013226, 835.2941), (-333.33334, 0.30411455, 929.41174), (-19.607843, 13.093846, 827.451), (-11.764706, 0.31436506, 968.62744), (192.15686, 27.894531, 749.0196), (270.58823, 0.30336058, 952.94116), (623.5294, 0.87373483, 717.64703), (647.05884, 0.31130245, 756.86273), (-349.01962, 35.05133, 662.7451), (-482.35294, 0.30019388, 874.5098), (11.764706, 82.471245, 584.3137), (19.607843, 0.3040347, 976.4706), (341.17648, 58.967995, 568.62744), (529.41174, 0.31028533, 843.13727), (403.92157, 54.825264, 545.098), (600, 0.30523044, 796.0784), (-129.41176, 94.621544, 537.2549), (-278.43137, 0.31289497, 937.2549), (-349.01962, 81.055595, 419.60785), (-694.1177, 0.32597983, 709.8039), (98.039215, 139.46178, 396.07843), (388.2353, 0.3084421, 913.72546), (-850.9804, 0.5191506, 380.39215), (-905.8823, 0.31117234, 411.7647), (615.6863, 31.216661, 380.39215), (843.13727, 0.30008742, 537.2549), (-803.9216, 4.6332393, 372.549), (-207.84314, 121.32006, 372.549), (-615.6863, 0.32281312, 780.39215), (741.17645, 11.779268, 372.549), (890.1961, 0.30009335, 450.98038), (-607.84314, 41.50782, 356.86273), (-850.9804, 0.3129612, 513.72546), (317.64706, 106.75946, 356.86273), (694.1177, 0.32914534, 709.8039), (490.19608, 65.59023, 341.17648), (827.451, 0.3126472, 552.94116), (-396.07843, 95.5283, 301.9608), (-764.7059, 0.30171365, 639.2157), (631.37256, 49.95945, 223.52942), (827.451, 0.44471288, 152.94118), (-756.86273, 29.043676, 160.78432), (-952.94116, 0.32189476, 192.15686), (-427.451, 114.10307, 137.2549), (568.62744, 76.41821, 137.2549), (764.7059, 0.44066685, 105.882355), (701.96075, 6.0493836, 27.450981), (733.3333, 0.36976066, 27.450981), (-66.666664, 169.8095, 3.9215686), (-3.9215686, 168.90341, -27.450981), (3.9215686, 169.2075, 3.9215686), (137.2549, 176.84721, 3.9215686), (3.9215686, 168.75772, -35.294117), (-670.58826, 52.82805, -3.9215686), (-968.62744, 0.3058342, 11.764706), (701.96075, 6.8287635, -11.764706), (733.3333, 0.36863473, -11.764706), (-207.84314, 0.30753258, -937.2549), (545.098, 87.73168, -58.82353), (733.3333, 0.3970043, -43.137257), (-419.60785, 127.56446, -82.35294), (-937.2549, 0.30753258, -301.9608), (631.37256, 52.100967, -254.90196), (921.5686, 0.3031595, -380.39215), (-639.2157, 35.450123, -301.9608), (-890.1961, 0.31209132, -443.13727), (607.84314, 52.5276, -317.64706), (890.1961, 0.3116194, -443.13727), (-607.84314, 38.504692, -325.4902), (-874.5098, 0.3121067, -474.5098), (-835.2941, 3.0208883, -333.33334), (-929.41174, 0.3034611, -364.70587), (411.7647, 99.78684, -356.86273), (756.86273, 0.31212738, -647.05884), (-443.13727, 73.2976, -372.549), (-819.60785, 0.31978187, -560.7843), (-341.17648, 88.256004, -419.60785), (-678.4314, 0.32160679, -725.4902), (349.01962, 88.0221, -443.13727), (513.72546, 0.3132196, -850.9804), (623.5294, 24.427326, -474.5098), (796.0784, 0.3044463, -600), (74.5098, 93.284546, -545.098), (176.47058, 0.3034611, -968.62744), (-388.2353, 46.46476, -592.15686), (-545.098, 0.30218732, -835.2941), (278.43137, 47.53622, -615.6863), (443.13727, 0.31209132, -890.1961), (607.84314, 1.8104565, -701.96075), (654.902, 0.31695402, -749.0196), (-372.549, 18.790342, -717.64703), (-482.35294, 0.30019388, -874.5098)]
            }

            def BasisCurves "Channels"
            {
                int[] curveVertexCounts = [2, 9, 8, 13, 19, 27, 6, 28, 51, 36, 34, 52, 46, 68, 8, 30, 7, 57, 20, 32, 50, 46, 49, 26, 26, 55, 26, 5, 9, 5, 18, 39, 5, 2, 116, 25, 67, 38, 33, 37, 35, 13, 46, 49, 45, 53, 23, 55, 32, 37, 7, 21]
                float3[] extent = [(-968.62744, 0.30008742, -968.62744), (921.5686, 176.84721, 984.3137)]
                point3f[] points = [(-145.09804, 0.3007468, 976.4706), (-137.2549, 0.30054572, 984.3137), (105.882355, 1.9160721, 921.5686), (105.882355, 1.4374901, 929.41174), (105.882355, 1.0528758, 937.2549), (105.882355, 0.75785685, 945.098), (105.882355, 0.54789984, 952.94116), (105.882355, 0.41362724, 960.7843), (105.882355, 0.34122846, 968.62744), (105.882355, 0.30813694, 976.4706), (105.882355, 0.30207202, 984.3137), (-152.94118, 1.9725144, 913.72546), (-152.94118, 1.4320704, 921.5686), (-152.94118, 1.0246133, 929.41174), (-152.94118, 0.735933, 937.2549), (-152.94118, 0.54190767, 945.098), (-152.94118, 0.41704112, 952.94116), (-152.94118, 0.34213263, 960.7843), (-152.94118, 0.3133633, 968.62744), (-301.9608, 5.7013226, 835.2941), (-309.80392, 4.4091253, 843.13727), (-309.80392, 3.6097252, 850.9804), (-309.80392, 3.012403, 858.82355), (-317.64706, 2.1092517, 866.6667), (-317.64706, 1.5999838, 874.5098), (-325.4902, 1.0818297, 882.35297), (-325.4902, 0.7328668, 890.1961), (-325.4902, 0.5661384, 898.03925), (-333.33334, 0.38478988, 905.8823), (-333.33334, 0.32613063, 913.72546), (-333.33334, 0.31220722, 921.5686), (-333.33334, 0.30411455, 929.41174), (-19.607843, 13.093846, 827.451), (-19.607843, 12.1515045, 835.2941), (-19.607843, 11.133008, 843.13727), (-11.764706, 9.34896, 850.9804), (-11.764706, 8.106384, 858.82355), (-11.764706, 7.0047827, 866.6667), (-11.764706, 5.9957805, 874.5098), (-11.764706, 5.0748644, 882.35297), (-11.764706, 4.2315598, 890.1961), (-11.764706, 3.4609258, 898.03925), (-11.764706, 2.7609756, 905.8823), (-11.764706, 2.1383617, 913.72546), (-11.764706, 1.6071079, 921.5686), (-11.764706, 1.1789783, 929.41174), (-11.764706, 0.84991395, 937.2549), (-11.764706, 0.60927993, 945.098), (-11.764706, 0.4499783, 952.94116), (-11.764706, 0.35353687, 960.7843), (-11.764706, 0.31436506, 968.62744), (192.15686, 27.894531, 749.0196), (192.15686, 25.372133, 756.86273), (200, 22.790821, 764.7059), (200, 20.744473, 772.549), (207.84314, 18.681862, 780.39215), (207.84314, 16.742857, 788.2353), (215.68628, 14.987311, 796.0784), (215.68628, 13.192084, 803.9216), (215.68628, 12.129098, 811.7647), (223.52942, 10.173985, 819.60785), (223.52942, 9.0908165, 827.451), (231.37254, 7.441267, 835.2941), (231.37254, 6.511554, 843.13727), (239.21568, 5.2320824, 850.9804), (239.21568, 4.3356767, 858.82355), (247.05882, 3.301367, 866.6667), (247.05882, 2.6361747, 874.5098), (247.05882, 2.2753634, 882.35297), (254.90196, 1.4613689, 890.1961), (254.90196, 1.1248357, 898.03925), (262.7451, 0.73504716, 905.8823), (262.7451, 0.4970571, 913.72546), (262.7451, 0.42344072, 921.5686), (262.7451, 0.3703112, 929.41174), (270.58823, 0.31216937, 937.2549), (270.58823, 0.30366215, 945.098), (270.58823, 0.30336058, 952.94116), (623.5294, 0.87373483, 717.64703), (623.5294, 0.6047112, 725.4902), (631.37256, 0.42103097, 733.3333), (639.2157, 0.34750035, 741.17645), (647.05884, 0.3401043, 749.0196), (647.05884, 0.31130245, 756.86273), (-349.01962, 35.05133, 662.7451), (-356.86273, 31.846647, 670.58826), (-356.86273, 30.103506, 678.4314), (-364.70587, 27.286293, 686.27454), (-364.70587, 25.580137, 694.1177), (-372.549, 22.985235, 701.96075), (-372.549, 21.45406, 709.8039), (-380.39215, 19.018478, 717.64703), (-388.2353, 17.106142, 725.4902), (-388.2353, 15.242324, 733.3333), (-396.07843, 13.233888, 741.17645), (-403.92157, 11.417985, 749.0196), (-403.92157, 10.080971, 756.86273), (-411.7647, 8.185571, 764.7059), (-419.60785, 6.543541, 772.549), (-427.451, 5.075981, 780.39215), (-435.29413, 3.8631892, 788.2353), (-443.13727, 2.6190064, 796.0784), (-450.98038, 1.6868075, 803.9216), (-458.82352, 1.0830489, 811.7647), (-458.82352, 0.7564488, 819.60785), (-466.66666, 0.47735795, 827.451), (-466.66666, 0.3991154, 835.2941), (-474.5098, 0.3315208, 843.13727), (-474.5098, 0.32432228, 850.9804), (-482.35294, 0.3198475, 858.82355), (-482.35294, 0.31590673, 866.6667), (-482.35294, 0.30019388, 874.5098), (11.764706, 82.471245, 584.3137), (11.764706, 80.0052, 592.15686), (11.764706, 77.79515, 600), (19.607843, 73.90688, 607.84314), (19.607843, 71.02999, 615.6863), (19.607843, 68.486496, 623.5294), (19.607843, 65.74334, 631.37256), (19.607843, 63.01179, 639.2157), (19.607843, 60.484543, 647.05884), (19.607843, 58.437275, 654.902), (11.764706, 54.971027, 662.7451), (11.764706, 52.40444, 670.58826), (11.764706, 51.062145, 678.4314), (11.764706, 50.025803, 686.27454), (11.764706, 48.272106, 694.1177), (11.764706, 46.208553, 701.96075), (11.764706, 44.0666, 709.8039), (11.764706, 41.92943, 717.64703), (11.764706, 39.347477, 725.4902), (11.764706, 35.64406, 733.3333), (11.764706, 32.71217, 741.17645), (11.764706, 30.446575, 749.0196), (11.764706, 28.521786, 756.86273), (11.764706, 26.699358, 764.7059), (11.764706, 24.989817, 772.549), (19.607843, 22.083076, 780.39215), (19.607843, 20.070333, 788.2353), (19.607843, 18.301113, 796.0784), (19.607843, 16.68905, 803.9216), (19.607843, 15.173123, 811.7647), (19.607843, 13.785276, 819.60785), (19.607843, 12.524072, 827.451), (19.607843, 11.32434, 835.2941), (19.607843, 10.181668, 843.13727), (19.607843, 9.071022, 850.9804), (19.607843, 8.000179, 858.82355), (19.607843, 6.96634, 866.6667), (19.607843, 5.9932714, 874.5098), (19.607843, 5.113965, 882.35297), (19.607843, 4.3085184, 890.1961), (19.607843, 3.5733392, 898.03925), (19.607843, 2.9100716, 905.8823), (19.607843, 2.3144548, 913.72546), (19.607843, 1.7970653, 921.5686), (19.607843, 1.3620807, 929.41174), (19.607843, 1.008289, 937.2549), (19.607843, 0.73818845, 945.098), (19.607843, 0.54161674, 952.94116), (19.607843, 0.4122346, 960.7843), (19.607843, 0.34045616, 968.62744), (19.607843, 0.3040347, 976.4706), (341.17648, 58.967995, 568.62744), (349.01962, 56.08921, 576.4706), (349.01962, 53.737507, 584.3137), (356.86273, 49.830982, 592.15686), (356.86273, 47.711884, 600), (364.70587, 44.094433, 607.84314), (372.549, 41.280533, 615.6863), (372.549, 38.73094, 623.5294), (380.39215, 35.77546, 631.37256), (388.2353, 33.036423, 639.2157), (396.07843, 30.604805, 647.05884), (396.07843, 27.970388, 654.902), (403.92157, 24.950935, 662.7451), (411.7647, 22.702288, 670.58826), (411.7647, 20.369057, 678.4314), (419.60785, 17.48053, 686.27454), (419.60785, 16.505306, 694.1177), (427.451, 13.885012, 701.96075), (435.29413, 12.388833, 709.8039), (435.29413, 10.99447, 717.64703), (443.13727, 9.256745, 725.4902), (450.98038, 7.9479656, 733.3333), (450.98038, 6.8384185, 741.17645), (458.82352, 5.3207917, 749.0196), (466.66666, 4.627941, 756.86273), (466.66666, 3.7149475, 764.7059), (474.5098, 2.7798202, 772.549), (482.35294, 1.888903, 780.39215), (490.19608, 1.551642, 788.2353), (490.19608, 1.0816995, 796.0784), (498.0392, 0.63258755, 803.9216), (505.88235, 0.46751073, 811.7647), (505.88235, 0.40303138, 819.60785), (513.72546, 0.3358294, 827.451), (521.5686, 0.32195863, 835.2941), (529.41174, 0.31028533, 843.13727), (403.92157, 54.825264, 545.098), (411.7647, 51.351067, 552.94116), (419.60785, 47.572598, 560.7843), (427.451, 43.796906, 568.62744), (435.29413, 40.223804, 576.4706), (443.13727, 37.7038, 576.4706), (450.98038, 34.36543, 584.3137), (458.82352, 30.982887, 592.15686), (466.66666, 28.057991, 600), (474.5098, 25.187374, 607.84314), (474.5098, 23.189623, 615.6863), (482.35294, 20.266932, 623.5294), (490.19608, 18.284256, 631.37256), (498.0392, 15.840544, 639.2157), (505.88235, 14.333027, 647.05884), (505.88235, 12.54478, 654.902), (513.72546, 10.588996, 662.7451), (513.72546, 9.501157, 670.58826), (521.5686, 7.749146, 678.4314), (529.41174, 6.5045905, 686.27454), (529.41174, 5.253601, 694.1177), (537.2549, 4.224762, 701.96075), (545.098, 3.8422227, 709.8039), (545.098, 2.4024594, 717.64703), (552.94116, 1.7801939, 725.4902), (560.7843, 1.5426747, 733.3333), (560.7843, 1.0329514, 741.17645), (568.62744, 0.53656065, 749.0196), (576.4706, 0.5009819, 756.86273), (584.3137, 0.42730817, 764.7059), (584.3137, 0.36848748, 772.549), (592.15686, 0.3379364, 780.39215), (600, 0.32867405, 788.2353), (600, 0.30523044, 796.0784), (-129.41176, 94.621544, 537.2549), (-129.41176, 92.41162, 545.098), (-137.2549, 90.354546, 552.94116), (-137.2549, 87.52042, 560.7843), (-137.2549, 85.40688, 568.62744), (-145.09804, 82.54866, 576.4706), (-145.09804, 79.60247, 584.3137), (-145.09804, 77.98263, 592.15686), (-152.94118, 73.94411, 600), (-152.94118, 71.41048, 607.84314), (-160.78432, 69.13861, 615.6863), (-160.78432, 66.11153, 623.5294), (-160.78432, 63.97285, 631.37256), (-168.62746, 61.709217, 639.2157), (-168.62746, 58.58585, 647.05884), (-168.62746, 56.37216, 654.902), (-176.47058, 53.915913, 662.7451), (-176.47058, 51.08849, 670.58826), (-176.47058, 49.598747, 678.4314), (-184.31372, 46.25614, 686.27454), (-184.31372, 44.03125, 694.1177), (-184.31372, 42.456005, 701.96075), (-192.15686, 39.060127, 709.8039), (-192.15686, 37.190697, 717.64703), (-200, 34.376507, 725.4902), (-200, 32.062885, 733.3333), (-200, 30.549227, 741.17645), (-207.84314, 27.55388, 749.0196), (-207.84314, 25.54489, 756.86273), (-215.68628, 23.452017, 764.7059), (-215.68628, 21.047235, 772.549), (-215.68628, 19.512438, 780.39215), (-223.52942, 17.549662, 788.2353), (-223.52942, 15.542052, 796.0784), (-223.52942, 14.212059, 803.9216), (-231.37254, 12.000294, 811.7647), (-231.37254, 10.733061, 819.60785), (-239.21568, 9.162608, 827.451), (-239.21568, 7.853636, 835.2941), (-247.05882, 6.5124884, 843.13727), (-247.05882, 5.4280586, 850.9804), (-254.90196, 4.5551124, 858.82355), (-254.90196, 3.500115, 866.6667), (-254.90196, 2.9359937, 874.5098), (-262.7451, 1.9959078, 882.35297), (-262.7451, 1.5147268, 890.1961), (-262.7451, 1.2236816, 898.03925), (-270.58823, 0.8071148, 905.8823), (-270.58823, 0.54497916, 913.72546), (-270.58823, 0.41922438, 921.5686), (-270.58823, 0.3579407, 929.41174), (-278.43137, 0.31289497, 937.2549), (-349.01962, 81.055595, 419.60785), (-356.86273, 79.281136, 427.451), (-364.70587, 77.11673, 435.29413), (-372.549, 75.218575, 443.13727), (-380.39215, 72.8361, 450.98038), (-388.2353, 70.706154, 458.82352), (-396.07843, 67.17444, 466.66666), (-403.92157, 64.50106, 474.5098), (-411.7647, 61.67147, 482.35294), (-419.60785, 59.238655, 482.35294), (-427.451, 55.46511, 490.19608), (-435.29413, 52.806446, 498.0392), (-443.13727, 50.326885, 498.0392), (-450.98038, 47.18679, 505.88235), (-458.82352, 46.00208, 505.88235), (-466.66666, 43.044888, 513.72546), (-474.5098, 41.472332, 521.5686), (-482.35294, 39.34645, 521.5686), (-490.19608, 36.50003, 529.41174), (-498.0392, 34.499508, 537.2549), (-505.88235, 32.355392, 537.2549), (-513.72546, 29.256573, 545.098), (-521.5686, 28.00947, 545.098), (-529.41174, 25.131071, 552.94116), (-537.2549, 23.215996, 560.7843), (-545.098, 20.69903, 560.7843), (-552.94116, 18.55099, 568.62744), (-560.7843, 16.755827, 576.4706), (-568.62744, 14.632645, 576.4706), (-576.4706, 11.127296, 584.3137), (-584.3137, 9.878809, 592.15686), (-592.15686, 8.548009, 600), (-600, 7.2710466, 607.84314), (-607.84314, 5.5339556, 615.6863), (-615.6863, 4.2912674, 623.5294), (-623.5294, 2.9981837, 631.37256), (-631.37256, 2.382594, 639.2157), (-639.2157, 1.6210994, 647.05884), (-647.05884, 1.3379416, 654.902), (-654.902, 0.87151545, 662.7451), (-662.7451, 0.7106627, 670.58826), (-670.58826, 0.49334756, 678.4314), (-678.4314, 0.41323695, 686.27454), (-686.27454, 0.35803118, 694.1177), (-694.1177, 0.34834775, 701.96075), (-694.1177, 0.32597983, 709.8039), (98.039215, 139.46178, 396.07843), (98.039215, 137.47874, 403.92157), (105.882355, 135.99358, 411.7647), (105.882355, 134.49673, 419.60785), (113.72549, 132.76439, 427.451), (121.56863, 130.55573, 435.29413), (129.41176, 128.99893, 435.29413), (137.2549, 126.4691, 443.13727), (145.09804, 123.50614, 450.98038), (152.94118, 120.67035, 458.82352), (160.78432, 117.380974, 466.66666), (168.62746, 114.662224, 474.5098), (168.62746, 111.54023, 482.35294), (176.47058, 108.12538, 490.19608), (184.31372, 105.18915, 498.0392), (192.15686, 101.65672, 505.88235), (192.15686, 98.76939, 513.72546), (200, 94.51141, 521.5686), (207.84314, 90.52495, 529.41174), (215.68628, 87.21198, 537.2549), (215.68628, 83.76739, 545.098), (223.52942, 80.02349, 552.94116), (223.52942, 77.68057, 560.7843), (231.37254, 74.026855, 568.62744), (231.37254, 71.28166, 576.4706), (239.21568, 68.236496, 584.3137), (239.21568, 65.10822, 592.15686), (239.21568, 63.478016, 600), (247.05882, 59.301403, 607.84314), (247.05882, 57.679955, 615.6863), (254.90196, 54.422634, 623.5294), (262.7451, 52.45546, 631.37256), (262.7451, 49.16598, 639.2157), (270.58823, 45.94342, 647.05884), (278.43137, 42.929783, 654.902), (278.43137, 40.456512, 662.7451), (286.2745, 37.05872, 670.58826), (294.11765, 34.778267, 678.4314), (294.11765, 31.68207, 686.27454), (301.9608, 28.650927, 694.1177), (301.9608, 27.263906, 701.96075), (309.80392, 23.568142, 709.8039), (317.64706, 21.425007, 717.64703), (317.64706, 18.913097, 725.4902), (325.4902, 17.740204, 733.3333), (325.4902, 14.835341, 741.17645), (325.4902, 13.918268, 749.0196), (333.33334, 11.707638, 756.86273), (333.33334, 10.956075, 764.7059), (341.17648, 8.438171, 772.549), (341.17648, 7.4196835, 780.39215), (349.01962, 6.7036805, 788.2353), (349.01962, 4.964851, 796.0784), (349.01962, 4.9657955, 803.9216), (356.86273, 3.1929264, 811.7647), (356.86273, 2.6309252, 819.60785), (356.86273, 2.3400018, 827.451), (364.70587, 1.9186156, 835.2941), (364.70587, 1.0987246, 843.13727), (364.70587, 1.0989469, 850.9804), (372.549, 0.5673199, 858.82355), (372.549, 0.4475709, 866.6667), (372.549, 0.42781675, 874.5098), (380.39215, 0.35012478, 882.35297), (380.39215, 0.31577602, 890.1961), (388.2353, 0.3126129, 898.03925), (388.2353, 0.31160402, 905.8823), (388.2353, 0.3084421, 913.72546), (-850.9804, 0.5191506, 380.39215), (-858.82355, 0.40270317, 388.2353), (-866.6667, 0.3849608, 388.2353), (-874.5098, 0.3199238, 396.07843), (-882.35297, 0.32461086, 403.92157), (-890.1961, 0.31476897, 403.92157), (-898.03925, 0.30897135, 403.92157), (-905.8823, 0.31117234, 411.7647), (615.6863, 31.216661, 380.39215), (623.5294, 28.962303, 380.39215), (631.37256, 27.150846, 388.2353), (639.2157, 24.921904, 388.2353), (647.05884, 23.269176, 396.07843), (654.902, 22.066374, 403.92157), (662.7451, 19.715954, 403.92157), (670.58826, 17.709002, 411.7647), (678.4314, 16.688995, 419.60785), (686.27454, 14.766098, 419.60785), (694.1177, 13.190637, 427.451), (701.96075, 11.619095, 435.29413), (709.8039, 10.941761, 435.29413), (717.64703, 8.594061, 443.13727), (725.4902, 8.047608, 450.98038), (733.3333, 6.6637344, 458.82352), (741.17645, 5.2863994, 458.82352), (749.0196, 3.9312077, 466.66666), (756.86273, 2.9901698, 474.5098), (764.7059, 2.9469986, 482.35294), (772.549, 1.8968354, 482.35294), (780.39215, 0.95328426, 490.19608), (788.2353, 0.8588954, 498.0392), (796.0784, 0.6739048, 505.88235), (803.9216, 0.51304847, 505.88235), (811.7647, 0.36842656, 513.72546), (819.60785, 0.33153382, 521.5686), (827.451, 0.32502478, 529.41174), (835.2941, 0.317284, 537.2549), (843.13727, 0.30008742, 537.2549), (-803.9216, 4.6332393, 372.549), (-811.7647, 3.92672, 372.549), (-819.60785, 3.4236145, 372.549), (-827.451, 2.4331756, 380.39215), (-835.2941, 1.5418124, 380.39215), (-843.13727, 0.94940495, 380.39215), (-850.9804, 0.5191506, 380.39215), (-207.84314, 121.32006, 372.549), (-215.68628, 118.94398, 380.39215), (-223.52942, 116.221664, 388.2353), (-231.37254, 113.860855, 396.07843), (-239.21568, 111.253456, 403.92157), (-247.05882, 108.018524, 411.7647), (-254.90196, 105.25072, 419.60785), (-262.7451, 102.35658, 427.451), (-270.58823, 100.03947, 435.29413), (-278.43137, 97.41781, 443.13727), (-286.2745, 95.28626, 450.98038), (-294.11765, 92.696785, 450.98038), (-301.9608, 90.50263, 458.82352), (-309.80392, 87.925896, 466.66666), (-317.64706, 85.83329, 474.5098), (-325.4902, 82.787445, 482.35294), (-333.33334, 79.6593, 490.19608), (-341.17648, 76.40566, 498.0392), (-349.01962, 74.03883, 498.0392), (-356.86273, 70.60699, 505.88235), (-364.70587, 66.848175, 513.72546), (-372.549, 63.481625, 521.5686), (-380.39215, 60.494698, 529.41174), (-388.2353, 57.764267, 537.2549), (-396.07843, 55.301792, 537.2549), (-403.92157, 51.83346, 545.098), (-411.7647, 49.256016, 552.94116), (-419.60785, 46.70976, 560.7843), (-427.451, 44.421444, 568.62744), (-435.29413, 42.041676, 576.4706), (-443.13727, 38.402515, 584.3137), (-450.98038, 34.894775, 592.15686), (-458.82352, 32.23973, 600), (-466.66666, 29.309591, 607.84314), (-474.5098, 27.128628, 615.6863), (-474.5098, 25.469446, 623.5294), (-482.35294, 22.28256, 631.37256), (-490.19608, 19.770134, 639.2157), (-498.0392, 17.597168, 647.05884), (-505.88235, 15.381926, 654.902), (-513.72546, 13.49048, 662.7451), (-513.72546, 11.574553, 670.58826), (-521.5686, 9.613678, 678.4314), (-529.41174, 7.5895166, 686.27454), (-537.2549, 6.377389, 694.1177), (-545.098, 4.8894706, 701.96075), (-552.94116, 3.816519, 709.8039), (-560.7843, 2.8622417, 717.64703), (-568.62744, 2.211323, 725.4902), (-568.62744, 1.5094193, 733.3333), (-576.4706, 0.9107967, 741.17645), (-584.3137, 0.57582295, 749.0196), (-592.15686, 0.42923304, 756.86273), (-600, 0.35563618, 764.7059), (-600, 0.34040588, 772.549), (-607.84314, 0.33417007, 772.549), (-615.6863, 0.32281312, 780.39215), (741.17645, 11.779268, 372.549), (749.0196, 10.577219, 372.549), (756.86273, 8.595729, 380.39215), (764.7059, 7.161194, 388.2353), (772.549, 6.553666, 388.2353), (780.39215, 4.9678226, 396.07843), (788.2353, 4.341941, 403.92157), (796.0784, 3.5341384, 403.92157), (803.9216, 2.5661495, 411.7647), (811.7647, 2.134256, 419.60785), (819.60785, 1.4317676, 419.60785), (827.451, 1.1050881, 427.451), (835.2941, 0.8101041, 427.451), (843.13727, 0.47378263, 435.29413), (850.9804, 0.45822236, 443.13727), (858.82355, 0.33336347, 443.13727), (866.6667, 0.32180783, 450.98038), (874.5098, 0.31994802, 450.98038), (882.35297, 0.3158588, 450.98038), (890.1961, 0.30009335, 450.98038), (-607.84314, 41.50782, 356.86273), (-615.6863, 39.11981, 364.70587), (-623.5294, 36.924538, 372.549), (-631.37256, 33.817093, 372.549), (-639.2157, 31.32492, 380.39215), (-647.05884, 29.178413, 388.2353), (-654.902, 26.608677, 388.2353), (-662.7451, 24.025345, 396.07843), (-670.58826, 22.103407, 403.92157), (-678.4314, 20.07693, 403.92157), (-686.27454, 17.763111, 411.7647), (-694.1177, 17.085098, 411.7647), (-701.96075, 14.372976, 419.60785), (-709.8039, 13.174981, 427.451), (-717.64703, 11.658172, 427.451), (-725.4902, 9.514392, 435.29413), (-733.3333, 8.911535, 435.29413), (-741.17645, 7.109058, 443.13727), (-749.0196, 5.5447035, 450.98038), (-756.86273, 4.8629622, 450.98038), (-764.7059, 3.3129635, 458.82352), (-772.549, 3.128938, 466.66666), (-780.39215, 2.0571773, 466.66666), (-788.2353, 1.4563051, 474.5098), (-796.0784, 1.1472877, 482.35294), (-803.9216, 0.7396609, 482.35294), (-811.7647, 0.45877704, 490.19608), (-819.60785, 0.46247002, 498.0392), (-827.451, 0.35418737, 498.0392), (-835.2941, 0.32608035, 505.88235), (-843.13727, 0.3240195, 505.88235), (-850.9804, 0.3129612, 513.72546), (317.64706, 106.75946, 356.86273), (325.4902, 103.774536, 364.70587), (333.33334, 101.60978, 372.549), (341.17648, 99.04076, 380.39215), (349.01962, 96.681015, 388.2353), (356.86273, 94.15419, 388.2353), (364.70587, 91.516106, 396.07843), (372.549, 88.22148, 403.92157), (380.39215, 85.970055, 411.7647), (388.2353, 83.03266, 411.7647), (396.07843, 80.17831, 419.60785), (403.92157, 77.19234, 427.451), (411.7647, 74.45881, 435.29413), (419.60785, 71.44527, 443.13727), (427.451, 69.01919, 450.98038), (435.29413, 66.28817, 458.82352), (443.13727, 63.623905, 466.66666), (450.98038, 60.434425, 474.5098), (458.82352, 58.11352, 474.5098), (466.66666, 54.568764, 482.35294), (474.5098, 51.522903, 490.19608), (482.35294, 48.05173, 498.0392), (490.19608, 44.7877, 505.88235), (498.0392, 41.02333, 513.72546), (505.88235, 37.649715, 521.5686), (513.72546, 33.93091, 529.41174), (521.5686, 30.752687, 537.2549), (529.41174, 27.366896, 545.098), (537.2549, 24.667248, 552.94116), (545.098, 21.767908, 560.7843), (552.94116, 19.544672, 568.62744), (560.7843, 16.981907, 576.4706), (568.62744, 15.059947, 584.3137), (576.4706, 12.719045, 592.15686), (584.3137, 11.078973, 600), (592.15686, 8.985308, 607.84314), (600, 7.60738, 615.6863), (607.84314, 5.595418, 623.5294), (615.6863, 4.465371, 631.37256), (623.5294, 4.109142, 631.37256), (631.37256, 3.0479786, 639.2157), (639.2157, 2.351571, 647.05884), (647.05884, 1.4802982, 654.902), (654.902, 1.091681, 662.7451), (662.7451, 0.6577431, 670.58826), (670.58826, 0.48979765, 678.4314), (678.4314, 0.37982547, 686.27454), (686.27454, 0.35479647, 694.1177), (694.1177, 0.35065997, 701.96075), (694.1177, 0.32914534, 709.8039), (490.19608, 65.59023, 341.17648), (498.0392, 63.687546, 341.17648), (505.88235, 61.418728, 349.01962), (513.72546, 59.308987, 356.86273), (521.5686, 57.18622, 364.70587), (521.5686, 54.837673, 372.549), (529.41174, 51.73509, 380.39215), (529.41174, 49.034485, 388.2353), (537.2549, 46.812576, 396.07843), (545.098, 44.179485, 403.92157), (552.94116, 41.813457, 411.7647), (560.7843, 38.75717, 419.60785), (568.62744, 36.091644, 419.60785), (576.4706, 33.02922, 427.451), (584.3137, 32.873253, 427.451), (592.15686, 30.280064, 435.29413), (600, 28.127407, 435.29413), (607.84314, 26.967, 435.29413), (615.6863, 25.335226, 443.13727), (623.5294, 23.115894, 443.13727), (631.37256, 22.207644, 443.13727), (639.2157, 19.591722, 450.98038), (647.05884, 18.031925, 450.98038), (654.902, 16.865847, 458.82352), (662.7451, 14.601083, 458.82352), (670.58826, 13.939213, 466.66666), (678.4314, 11.63615, 466.66666), (686.27454, 11.078822, 466.66666), (694.1177, 9.188029, 474.5098), (701.96075, 8.920922, 474.5098), (709.8039, 6.4162474, 482.35294), (717.64703, 6.1647162, 490.19608), (725.4902, 4.507488, 490.19608), (733.3333, 3.6142666, 498.0392), (741.17645, 2.9230547, 498.0392), (749.0196, 2.3019252, 505.88235), (756.86273, 2.1903996, 505.88235), (764.7059, 1.1557014, 513.72546), (772.549, 1.0054381, 521.5686), (780.39215, 0.6159646, 521.5686), (788.2353, 0.44463778, 529.41174), (796.0784, 0.39466846, 529.41174), (803.9216, 0.34450692, 537.2549), (811.7647, 0.3271531, 537.2549), (819.60785, 0.32539204, 545.098), (827.451, 0.3126472, 552.94116), (-396.07843, 95.5283, 301.9608), (-403.92157, 92.18834, 309.80392), (-411.7647, 89.33842, 317.64706), (-419.60785, 86.156944, 325.4902), (-427.451, 83.87136, 333.33334), (-435.29413, 81.23149, 341.17648), (-443.13727, 79.03683, 349.01962), (-450.98038, 75.826, 356.86273), (-458.82352, 72.26338, 364.70587), (-466.66666, 69.20534, 372.549), (-474.5098, 66.40382, 380.39215), (-482.35294, 64.495, 380.39215), (-490.19608, 60.205986, 388.2353), (-498.0392, 57.69332, 396.07843), (-505.88235, 55.554306, 403.92157), (-513.72546, 52.84323, 411.7647), (-521.5686, 50.307262, 419.60785), (-529.41174, 47.360435, 427.451), (-537.2549, 44.557266, 435.29413), (-545.098, 40.892467, 443.13727), (-552.94116, 38.663258, 450.98038), (-560.7843, 36.49384, 458.82352), (-560.7843, 33.903954, 466.66666), (-568.62744, 31.771143, 474.5098), (-576.4706, 29.163464, 482.35294), (-584.3137, 26.784595, 490.19608), (-592.15686, 23.997498, 498.0392), (-600, 21.695286, 505.88235), (-607.84314, 19.436638, 513.72546), (-615.6863, 17.476608, 521.5686), (-623.5294, 14.765531, 529.41174), (-631.37256, 12.228653, 537.2549), (-639.2157, 9.960115, 545.098), (-647.05884, 8.490073, 552.94116), (-654.902, 6.8357463, 560.7843), (-662.7451, 5.5845637, 568.62744), (-670.58826, 3.4132693, 576.4706), (-678.4314, 3.002794, 584.3137), (-686.27454, 2.7813754, 584.3137), (-694.1177, 1.6561913, 592.15686), (-701.96075, 0.86346364, 600), (-709.8039, 0.50502384, 607.84314), (-717.64703, 0.55791324, 615.6863), (-725.4902, 0.49578094, 623.5294), (-733.3333, 0.39279208, 631.37256), (-741.17645, 0.35499576, 631.37256), (-749.0196, 0.3421149, 639.2157), (-756.86273, 0.33045343, 639.2157), (-764.7059, 0.30171365, 639.2157), (631.37256, 49.95945, 223.52942), (639.2157, 47.814667, 223.52942), (647.05884, 45.95054, 223.52942), (654.902, 44.112072, 223.52942), (662.7451, 42.253433, 223.52942), (670.58826, 40.325607, 223.52942), (678.4314, 38.370125, 223.52942), (686.27454, 36.379, 223.52942), (694.1177, 34.36179, 223.52942), (701.96075, 32.319664, 223.52942), (709.8039, 30.262589, 223.52942), (717.64703, 28.230892, 223.52942), (725.4902, 26.299774, 223.52942), (733.3333, 24.500244, 223.52942), (741.17645, 22.073538, 215.68628), (749.0196, 20.38525, 215.68628), (756.86273, 18.839006, 215.68628), (764.7059, 16.518482, 207.84314), (772.549, 14.242683, 200), (780.39215, 12.580248, 200), (788.2353, 10.259023, 192.15686), (796.0784, 7.9085293, 184.31372), (803.9216, 5.6310143, 176.47058), (811.7647, 3.3975275, 168.62746), (819.60785, 1.5433985, 160.78432), (827.451, 0.44471288, 152.94118), (-756.86273, 29.043676, 160.78432), (-764.7059, 26.650923, 160.78432), (-772.549, 24.418222, 160.78432), (-780.39215, 22.528214, 160.78432), (-788.2353, 20.400967, 168.62746), (-796.0784, 17.933037, 168.62746), (-803.9216, 16.012886, 168.62746), (-811.7647, 14.618786, 168.62746), (-819.60785, 13.430534, 168.62746), (-827.451, 12.208758, 168.62746), (-835.2941, 10.150007, 176.47058), (-843.13727, 8.853519, 176.47058), (-850.9804, 7.5471787, 176.47058), (-858.82355, 6.375232, 176.47058), (-866.6667, 5.553692, 176.47058), (-874.5098, 4.963439, 176.47058), (-882.35297, 4.019613, 184.31372), (-890.1961, 2.8080254, 184.31372), (-898.03925, 2.1036758, 184.31372), (-905.8823, 1.6545982, 184.31372), (-913.72546, 1.3314267, 184.31372), (-921.5686, 1.0419399, 184.31372), (-929.41174, 0.6497149, 192.15686), (-937.2549, 0.44955784, 192.15686), (-945.098, 0.3562654, 192.15686), (-952.94116, 0.32189476, 192.15686), (-427.451, 114.10307, 137.2549), (-435.29413, 113.20336, 137.2549), (-443.13727, 111.62217, 145.09804), (-450.98038, 109.50886, 145.09804), (-458.82352, 108.26806, 145.09804), (-466.66666, 106.02602, 152.94118), (-474.5098, 103.4768, 152.94118), (-482.35294, 102.43592, 152.94118), (-490.19608, 99.45665, 160.78432), (-498.0392, 97.29077, 168.62746), (-505.88235, 95.02897, 168.62746), (-513.72546, 92.31368, 176.47058), (-521.5686, 89.849144, 184.31372), (-529.41174, 87.77806, 184.31372), (-537.2549, 84.38012, 192.15686), (-545.098, 81.586624, 200), (-552.94116, 78.88727, 200), (-560.7843, 75.50524, 207.84314), (-568.62744, 73.81228, 207.84314), (-576.4706, 69.682976, 215.68628), (-584.3137, 67.44737, 223.52942), (-592.15686, 64.189964, 223.52942), (-600, 62.085384, 231.37254), (-607.84314, 58.417633, 231.37254), (-615.6863, 55.355026, 239.21568), (-623.5294, 53.607025, 239.21568), (-631.37256, 49.531544, 247.05882), (-639.2157, 46.65319, 254.90196), (-647.05884, 44.69227, 254.90196), (-654.902, 40.895805, 262.7451), (-662.7451, 38.922398, 270.58823), (-670.58826, 36.13854, 270.58823), (-678.4314, 33.990654, 278.43137), (-686.27454, 31.107454, 278.43137), (-694.1177, 28.704002, 286.2745), (-701.96075, 26.59678, 286.2745), (-709.8039, 23.994503, 294.11765), (-717.64703, 22.333664, 294.11765), (-725.4902, 20.296158, 301.9608), (-733.3333, 19.507723, 301.9608), (-741.17645, 16.476807, 309.80392), (-749.0196, 15.65001, 309.80392), (-756.86273, 13.450351, 317.64706), (-764.7059, 12.042512, 325.4902), (-772.549, 10.406005, 325.4902), (-780.39215, 9.503316, 333.33334), (-788.2353, 7.8389907, 333.33334), (-796.0784, 6.4783897, 341.17648), (-803.9216, 5.4717216, 341.17648), (-811.7647, 4.4596224, 349.01962), (-819.60785, 3.8235378, 349.01962), (-827.451, 2.4871786, 356.86273), (-835.2941, 1.7888703, 364.70587), (-843.13727, 0.9391302, 372.549), (-850.9804, 0.5191506, 380.39215), (568.62744, 76.41821, 137.2549), (576.4706, 73.05398, 145.09804), (584.3137, 70.45035, 145.09804), (592.15686, 66.13258, 152.94118), (600, 63.097473, 152.94118), (607.84314, 59.23693, 160.78432), (615.6863, 56.110085, 160.78432), (623.5294, 53.09955, 160.78432), (631.37256, 49.655525, 160.78432), (639.2157, 46.330444, 160.78432), (647.05884, 43.42268, 160.78432), (654.902, 40.64798, 160.78432), (662.7451, 36.073757, 152.94118), (670.58826, 32.837364, 152.94118), (678.4314, 29.887033, 152.94118), (686.27454, 27.420536, 152.94118), (694.1177, 23.402573, 145.09804), (701.96075, 20.010323, 145.09804), (709.8039, 17.614298, 145.09804), (717.64703, 13.144634, 137.2549), (725.4902, 10.948535, 137.2549), (733.3333, 7.2190924, 129.41176), (741.17645, 4.899335, 121.56863), (749.0196, 2.295583, 121.56863), (756.86273, 0.9408085, 113.72549), (764.7059, 0.44066685, 105.882355), (701.96075, 6.0493836, 27.450981), (709.8039, 3.151584, 27.450981), (717.64703, 1.4912115, 27.450981), (725.4902, 0.6953153, 27.450981), (733.3333, 0.36976066, 27.450981), (-66.666664, 169.8095, 3.9215686), (-58.82353, 169.71, 3.9215686), (-50.980392, 169.80034, -3.9215686), (-43.137257, 169.67903, -3.9215686), (-35.294117, 169.35246, -11.764706), (-27.450981, 169.21806, -11.764706), (-19.607843, 169.13354, -19.607843), (-11.764706, 169.0782, -19.607843), (-3.9215686, 168.90341, -27.450981), (3.9215686, 169.2075, 3.9215686), (-3.9215686, 169.16386, -3.9215686), (-3.9215686, 169.13495, -11.764706), (-3.9215686, 169.04068, -19.607843), (-3.9215686, 168.90341, -27.450981), (137.2549, 176.84721, 3.9215686), (129.41176, 176.7314, -3.9215686), (121.56863, 176.65735, -11.764706), (113.72549, 176.07574, -19.607843), (105.882355, 176.15245, -27.450981), (98.039215, 174.92255, -35.294117), (90.196075, 174.0063, -43.137257), (82.35294, 172.18866, -43.137257), (74.5098, 170.99419, -50.980392), (66.666664, 170.3619, -50.980392), (58.82353, 169.99442, -50.980392), (50.980392, 169.61116, -43.137257), (43.137257, 169.41162, -43.137257), (35.294117, 169.26997, -43.137257), (27.450981, 169.10762, -43.137257), (19.607843, 169.04652, -43.137257), (11.764706, 169.04274, -35.294117), (3.9215686, 168.75772, -35.294117), (-670.58826, 52.82805, -3.9215686), (-678.4314, 50.842007, -3.9215686), (-686.27454, 47.703808, 3.9215686), (-694.1177, 45.511566, 3.9215686), (-701.96075, 43.65021, 3.9215686), (-709.8039, 41.909157, 3.9215686), (-717.64703, 40.13998, 3.9215686), (-725.4902, 38.364838, 3.9215686), (-733.3333, 36.27789, 3.9215686), (-741.17645, 34.14565, 3.9215686), (-749.0196, 32.043156, 3.9215686), (-756.86273, 29.936588, 3.9215686), (-764.7059, 27.928205, 3.9215686), (-772.549, 26.100138, 3.9215686), (-780.39215, 24.35072, 3.9215686), (-788.2353, 22.654652, 3.9215686), (-796.0784, 20.973188, 3.9215686), (-803.9216, 19.257393, 3.9215686), (-811.7647, 17.551548, 3.9215686), (-819.60785, 15.888393, 3.9215686), (-827.451, 14.291367, 3.9215686), (-835.2941, 12.79076, 3.9215686), (-843.13727, 11.40239, 3.9215686), (-850.9804, 10.143472, 3.9215686), (-858.82355, 8.199434, 11.764706), (-866.6667, 6.8893743, 11.764706), (-874.5098, 5.7397575, 11.764706), (-882.35297, 4.7466903, 11.764706), (-890.1961, 3.9026997, 11.764706), (-898.03925, 3.1851406, 11.764706), (-905.8823, 2.5619793, 11.764706), (-913.72546, 2.0125105, 11.764706), (-921.5686, 1.5418344, 11.764706), (-929.41174, 1.1364505, 11.764706), (-937.2549, 0.81327724, 11.764706), (-945.098, 0.5657374, 11.764706), (-952.94116, 0.4111394, 11.764706), (-960.7843, 0.33254385, 11.764706), (-968.62744, 0.3058342, 11.764706), (701.96075, 6.8287635, -11.764706), (709.8039, 4.0466547, -11.764706), (717.64703, 2.0058236, -11.764706), (725.4902, 0.8408651, -11.764706), (733.3333, 0.36863473, -11.764706), (-3.9215686, 168.90341, -27.450981), (3.9215686, 168.75772, -35.294117), (3.9215686, 168.75772, -35.294117), (3.9215686, 168.68437, -43.137257), (3.9215686, 168.77594, -50.980392), (-3.9215686, 168.52463, -58.82353), (-3.9215686, 168.40182, -66.666664), (-3.9215686, 168.23203, -74.5098), (-3.9215686, 167.99995, -82.35294), (-3.9215686, 167.70316, -90.196075), (3.9215686, 167.73416, -98.039215), (11.764706, 167.60706, -105.882355), (19.607843, 167.58406, -113.72549), (27.450981, 167.2081, -121.56863), (35.294117, 166.63776, -129.41176), (35.294117, 166.1663, -137.2549), (43.137257, 166.08353, -145.09804), (43.137257, 165.35786, -152.94118), (43.137257, 164.88943, -160.78432), (50.980392, 164.27733, -168.62746), (50.980392, 164.02234, -176.47058), (43.137257, 164.41035, -184.31372), (35.294117, 163.64262, -192.15686), (27.450981, 161.42888, -200), (27.450981, 159.57812, -207.84314), (19.607843, 158.68022, -215.68628), (19.607843, 158.02913, -223.52942), (11.764706, 157.3077, -231.37254), (11.764706, 155.72606, -239.21568), (3.9215686, 155.0623, -247.05882), (3.9215686, 154.3021, -254.90196), (-3.9215686, 154.07393, -262.7451), (-3.9215686, 153.08438, -270.58823), (-3.9215686, 151.73317, -278.43137), (-3.9215686, 150.21565, -286.2745), (-3.9215686, 148.6317, -294.11765), (-3.9215686, 147.25735, -301.9608), (-3.9215686, 146.04515, -309.80392), (-3.9215686, 144.7432, -317.64706), (-3.9215686, 143.22289, -325.4902), (-3.9215686, 141.53679, -333.33334), (-3.9215686, 139.88087, -341.17648), (-3.9215686, 138.28769, -349.01962), (-3.9215686, 136.7533, -356.86273), (-3.9215686, 136.99539, -364.70587), (-11.764706, 135.4269, -372.549), (-19.607843, 133.68384, -380.39215), (-27.450981, 133.17407, -388.2353), (-35.294117, 130.91063, -396.07843), (-43.137257, 128.46451, -403.92157), (-43.137257, 126.55182, -411.7647), (-50.980392, 123.946396, -419.60785), (-58.82353, 121.6407, -427.451), (-66.666664, 119.151794, -435.29413), (-74.5098, 115.50598, -443.13727), (-82.35294, 111.4768, -450.98038), (-82.35294, 110.340485, -458.82352), (-82.35294, 109.825325, -466.66666), (-90.196075, 105.65829, -474.5098), (-90.196075, 103.54764, -482.35294), (-98.039215, 101.051384, -490.19608), (-98.039215, 97.71602, -498.0392), (-98.039215, 95.99963, -505.88235), (-105.882355, 92.61159, -513.72546), (-105.882355, 89.874146, -521.5686), (-105.882355, 87.65897, -529.41174), (-113.72549, 85.121704, -537.2549), (-113.72549, 81.738884, -545.098), (-113.72549, 79.03895, -552.94116), (-121.56863, 76.602005, -560.7843), (-121.56863, 73.03883, -568.62744), (-121.56863, 70.18904, -576.4706), (-121.56863, 67.9382, -584.3137), (-129.41176, 64.92518, -592.15686), (-129.41176, 61.554897, -600), (-129.41176, 59.717632, -607.84314), (-137.2549, 56.65616, -615.6863), (-137.2549, 53.591553, -623.5294), (-137.2549, 51.001743, -631.37256), (-137.2549, 49.09892, -639.2157), (-145.09804, 45.71151, -647.05884), (-145.09804, 42.7151, -654.902), (-152.94118, 38.311707, -662.7451), (-152.94118, 36.384663, -670.58826), (-152.94118, 35.164658, -678.4314), (-152.94118, 34.396515, -686.27454), (-160.78432, 31.676382, -694.1177), (-160.78432, 29.507086, -701.96075), (-160.78432, 28.222036, -709.8039), (-160.78432, 27.329172, -717.64703), (-168.62746, 25.011427, -725.4902), (-168.62746, 22.355938, -733.3333), (-168.62746, 20.536406, -741.17645), (-168.62746, 19.097784, -749.0196), (-168.62746, 17.957956, -756.86273), (-176.47058, 15.565776, -764.7059), (-176.47058, 13.702605, -772.549), (-176.47058, 12.094214, -780.39215), (-176.47058, 11.12532, -788.2353), (-184.31372, 9.716563, -796.0784), (-184.31372, 8.122583, -803.9216), (-184.31372, 6.9127526, -811.7647), (-184.31372, 6.1383476, -819.60785), (-184.31372, 5.4331264, -827.451), (-192.15686, 4.1406684, -835.2941), (-192.15686, 3.3609192, -843.13727), (-192.15686, 2.7089927, -850.9804), (-192.15686, 2.140396, -858.82355), (-200, 1.4956969, -866.6667), (-200, 1.1126776, -874.5098), (-200, 0.81641555, -882.35297), (-200, 0.61988944, -890.1961), (-207.84314, 0.42374527, -898.03925), (-207.84314, 0.35267055, -905.8823), (-207.84314, 0.31713673, -913.72546), (-207.84314, 0.31220722, -921.5686), (-207.84314, 0.30520087, -929.41174), (-207.84314, 0.30753258, -937.2549), (545.098, 87.73168, -58.82353), (552.94116, 83.72146, -58.82353), (560.7843, 80.3386, -58.82353), (568.62744, 77.45817, -58.82353), (576.4706, 72.30014, -66.666664), (584.3137, 68.1272, -66.666664), (592.15686, 64.29697, -66.666664), (600, 58.000065, -74.5098), (607.84314, 53.42753, -74.5098), (615.6863, 49.544968, -74.5098), (623.5294, 46.26281, -74.5098), (631.37256, 42.54419, -74.5098), (639.2157, 38.590862, -74.5098), (647.05884, 35.01344, -74.5098), (654.902, 29.166365, -66.666664), (662.7451, 24.682465, -66.666664), (670.58826, 20.778482, -66.666664), (678.4314, 15.658329, -58.82353), (686.27454, 11.618967, -58.82353), (694.1177, 8.623746, -58.82353), (701.96075, 6.89902, -58.82353), (709.8039, 2.3889027, -50.980392), (717.64703, 0.87408197, -50.980392), (725.4902, 0.74891263, -50.980392), (733.3333, 0.3970043, -43.137257), (-419.60785, 127.56446, -82.35294), (-427.451, 125.383736, -82.35294), (-435.29413, 121.982635, -90.196075), (-443.13727, 119.529755, -90.196075), (-450.98038, 115.57563, -98.039215), (-458.82352, 113.22844, -98.039215), (-466.66666, 110.03878, -105.882355), (-474.5098, 106.96764, -105.882355), (-482.35294, 103.98458, -113.72549), (-490.19608, 101.06349, -113.72549), (-498.0392, 97.79542, -121.56863), (-505.88235, 94.51686, -121.56863), (-513.72546, 90.64572, -129.41176), (-521.5686, 87.76186, -129.41176), (-529.41174, 84.04998, -137.2549), (-537.2549, 80.73576, -137.2549), (-545.098, 77.65289, -145.09804), (-552.94116, 74.54625, -145.09804), (-560.7843, 72.84713, -145.09804), (-568.62744, 68.94376, -152.94118), (-576.4706, 66.463684, -152.94118), (-584.3137, 63.52493, -160.78432), (-592.15686, 60.391872, -160.78432), (-600, 58.891697, -160.78432), (-607.84314, 54.737465, -168.62746), (-615.6863, 52.107136, -168.62746), (-623.5294, 50.24349, -168.62746), (-631.37256, 47.33547, -176.47058), (-639.2157, 44.71892, -176.47058), (-647.05884, 43.01278, -176.47058), (-654.902, 42.46657, -176.47058), (-662.7451, 39.986954, -184.31372), (-670.58826, 37.045837, -184.31372), (-678.4314, 35.734005, -184.31372), (-686.27454, 33.992207, -192.15686), (-694.1177, 31.945711, -192.15686), (-701.96075, 30.493137, -192.15686), (-709.8039, 28.236845, -200), (-717.64703, 26.734192, -200), (-725.4902, 24.995865, -207.84314), (-733.3333, 23.015083, -207.84314), (-741.17645, 20.902557, -215.68628), (-749.0196, 19.07521, -215.68628), (-756.86273, 16.952827, -223.52942), (-764.7059, 16.078085, -223.52942), (-772.549, 13.420215, -231.37254), (-780.39215, 12.3761635, -231.37254), (-788.2353, 10.341117, -239.21568), (-796.0784, 10.133285, -247.05882), (-803.9216, 7.4804564, -247.05882), (-811.7647, 7.181752, -254.90196), (-819.60785, 5.5321374, -254.90196), (-827.451, 5.6493464, -254.90196), (-835.2941, 3.4305055, -262.7451), (-843.13727, 3.2884045, -262.7451), (-850.9804, 2.427909, -270.58823), (-858.82355, 1.8028806, -270.58823), (-866.6667, 1.3725075, -278.43137), (-874.5098, 0.95843315, -278.43137), (-882.35297, 0.9743808, -278.43137), (-890.1961, 0.52600145, -286.2745), (-898.03925, 0.45714194, -286.2745), (-905.8823, 0.34794563, -294.11765), (-913.72546, 0.30920905, -294.11765), (-921.5686, 0.31720415, -294.11765), (-929.41174, 0.30859584, -301.9608), (-937.2549, 0.30753258, -301.9608), (631.37256, 52.100967, -254.90196), (639.2157, 49.45189, -254.90196), (647.05884, 47.966114, -254.90196), (654.902, 44.39502, -262.7451), (662.7451, 42.1025, -262.7451), (670.58826, 40.21918, -262.7451), (678.4314, 37.662125, -270.58823), (686.27454, 34.861603, -270.58823), (694.1177, 33.06111, -270.58823), (701.96075, 30.21468, -278.43137), (709.8039, 27.833591, -278.43137), (717.64703, 26.436361, -278.43137), (725.4902, 23.423407, -286.2745), (733.3333, 22.062582, -286.2745), (741.17645, 19.449982, -294.11765), (749.0196, 17.87027, -294.11765), (756.86273, 16.09799, -301.9608), (764.7059, 14.36488, -301.9608), (772.549, 12.712502, -309.80392), (780.39215, 11.357055, -309.80392), (788.2353, 10.173799, -317.64706), (796.0784, 8.737645, -317.64706), (803.9216, 7.6857862, -325.4902), (811.7647, 6.4074674, -325.4902), (819.60785, 5.567867, -333.33334), (827.451, 4.4319277, -333.33334), (835.2941, 3.6492252, -341.17648), (843.13727, 2.7793293, -341.17648), (850.9804, 2.1734557, -349.01962), (858.82355, 1.5423837, -349.01962), (866.6667, 1.0720131, -356.86273), (874.5098, 0.7628307, -356.86273), (882.35297, 0.5026022, -364.70587), (890.1961, 0.40576637, -364.70587), (898.03925, 0.32144415, -372.549), (905.8823, 0.31566072, -372.549), (913.72546, 0.30451667, -380.39215), (921.5686, 0.3031595, -380.39215), (-639.2157, 35.450123, -301.9608), (-647.05884, 33.047497, -309.80392), (-654.902, 31.075865, -317.64706), (-662.7451, 29.448633, -317.64706), (-670.58826, 26.449606, -325.4902), (-678.4314, 24.656006, -333.33334), (-686.27454, 23.284073, -333.33334), (-694.1177, 20.309168, -341.17648), (-701.96075, 18.625046, -349.01962), (-709.8039, 17.357992, -349.01962), (-717.64703, 14.793138, -356.86273), (-725.4902, 13.634872, -364.70587), (-733.3333, 12.231701, -364.70587), (-741.17645, 10.595314, -372.549), (-749.0196, 9.810301, -380.39215), (-756.86273, 8.525543, -380.39215), (-764.7059, 7.292131, -388.2353), (-772.549, 6.7368827, -388.2353), (-780.39215, 5.5641274, -396.07843), (-788.2353, 4.821475, -403.92157), (-796.0784, 4.0318956, -403.92157), (-803.9216, 3.3046904, -411.7647), (-811.7647, 2.695434, -411.7647), (-819.60785, 2.0309105, -419.60785), (-827.451, 1.616631, -419.60785), (-835.2941, 1.1334263, -427.451), (-843.13727, 0.8413795, -427.451), (-850.9804, 0.5614572, -435.29413), (-858.82355, 0.43660071, -435.29413), (-866.6667, 0.3411096, -443.13727), (-874.5098, 0.32364932, -443.13727), (-882.35297, 0.3159002, -443.13727), (-890.1961, 0.31209132, -443.13727), (607.84314, 52.5276, -317.64706), (615.6863, 49.50856, -317.64706), (623.5294, 47.7695, -317.64706), (631.37256, 43.928688, -325.4902), (639.2157, 41.771526, -325.4902), (647.05884, 38.97455, -333.33334), (654.902, 36.415855, -333.33334), (662.7451, 34.191555, -341.17648), (670.58826, 31.31121, -341.17648), (678.4314, 29.2409, -341.17648), (686.27454, 26.711428, -349.01962), (694.1177, 24.433962, -349.01962), (701.96075, 22.275358, -356.86273), (709.8039, 20.054108, -356.86273), (717.64703, 18.565628, -364.70587), (725.4902, 16.308903, -364.70587), (733.3333, 14.882426, -372.549), (741.17645, 13.011997, -372.549), (749.0196, 12.132882, -372.549), (756.86273, 10.127159, -380.39215), (764.7059, 9.283347, -380.39215), (772.549, 7.4094195, -388.2353), (780.39215, 6.6512723, -388.2353), (788.2353, 5.2916155, -396.07843), (796.0784, 4.485736, -396.07843), (803.9216, 3.2996905, -403.92157), (811.7647, 2.7906508, -403.92157), (819.60785, 2.0241213, -411.7647), (827.451, 1.5217993, -411.7647), (835.2941, 0.9742205, -419.60785), (843.13727, 0.765299, -419.60785), (850.9804, 0.50799656, -427.451), (858.82355, 0.40361622, -427.451), (866.6667, 0.32731688, -435.29413), (874.5098, 0.32369012, -435.29413), (882.35297, 0.31646496, -435.29413), (890.1961, 0.3116194, -443.13727), (-607.84314, 38.504692, -325.4902), (-615.6863, 36.45773, -333.33334), (-623.5294, 33.728085, -341.17648), (-631.37256, 31.625488, -349.01962), (-639.2157, 29.959158, -356.86273), (-647.05884, 27.180536, -356.86273), (-654.902, 24.811602, -364.70587), (-662.7451, 23.140427, -372.549), (-670.58826, 21.05087, -372.549), (-678.4314, 18.96315, -380.39215), (-686.27454, 17.33795, -388.2353), (-694.1177, 15.332749, -388.2353), (-701.96075, 13.983841, -396.07843), (-709.8039, 12.448466, -396.07843), (-717.64703, 10.556986, -403.92157), (-725.4902, 9.651072, -403.92157), (-733.3333, 8.365718, -411.7647), (-741.17645, 7.53822, -411.7647), (-749.0196, 6.175469, -419.60785), (-756.86273, 5.5011883, -419.60785), (-764.7059, 4.832043, -427.451), (-772.549, 3.7104445, -427.451), (-780.39215, 3.0791082, -435.29413), (-788.2353, 2.328383, -435.29413), (-796.0784, 2.0615497, -443.13727), (-803.9216, 1.3149381, -443.13727), (-811.7647, 0.97410285, -450.98038), (-819.60785, 0.72679305, -450.98038), (-827.451, 0.5083401, -458.82352), (-835.2941, 0.47053018, -458.82352), (-843.13727, 0.34040588, -466.66666), (-850.9804, 0.32889637, -474.5098), (-858.82355, 0.3200391, -474.5098), (-866.6667, 0.3171533, -474.5098), (-874.5098, 0.3121067, -474.5098), (-835.2941, 3.0208883, -333.33334), (-843.13727, 2.1587634, -341.17648), (-850.9804, 1.76895, -341.17648), (-858.82355, 1.4128721, -349.01962), (-866.6667, 0.8919136, -349.01962), (-874.5098, 0.8488371, -349.01962), (-882.35297, 0.438606, -356.86273), (-890.1961, 0.39298192, -356.86273), (-898.03925, 0.3464294, -364.70587), (-905.8823, 0.31633544, -364.70587), (-913.72546, 0.30796072, -364.70587), (-921.5686, 0.3117282, -364.70587), (-929.41174, 0.3034611, -364.70587), (411.7647, 99.78684, -356.86273), (419.60785, 97.794334, -356.86273), (427.451, 94.895, -364.70587), (435.29413, 91.70833, -372.549), (443.13727, 88.323, -380.39215), (450.98038, 84.07748, -388.2353), (458.82352, 79.92174, -396.07843), (466.66666, 75.79161, -403.92157), (474.5098, 72.005035, -411.7647), (482.35294, 68.03403, -419.60785), (490.19608, 64.45408, -427.451), (498.0392, 60.473343, -435.29413), (498.0392, 57.439865, -443.13727), (505.88235, 53.497475, -450.98038), (513.72546, 49.496098, -458.82352), (521.5686, 45.92429, -466.66666), (529.41174, 42.55647, -474.5098), (537.2549, 39.539627, -482.35294), (545.098, 36.401657, -490.19608), (552.94116, 34.21682, -490.19608), (560.7843, 30.996214, -498.0392), (568.62744, 28.532595, -505.88235), (576.4706, 26.899666, -513.72546), (584.3137, 24.034105, -513.72546), (592.15686, 22.28653, -521.5686), (600, 20.599699, -521.5686), (607.84314, 18.148924, -529.41174), (615.6863, 16.625208, -537.2549), (623.5294, 15.614017, -537.2549), (631.37256, 12.921022, -545.098), (639.2157, 10.940419, -552.94116), (647.05884, 9.981596, -560.7843), (654.902, 8.342267, -560.7843), (662.7451, 6.4943395, -568.62744), (670.58826, 4.9540377, -576.4706), (678.4314, 3.6769974, -584.3137), (686.27454, 2.8546677, -592.15686), (694.1177, 2.5611136, -592.15686), (701.96075, 1.843752, -600), (709.8039, 0.9768615, -607.84314), (717.64703, 0.5264704, -615.6863), (725.4902, 0.41045463, -623.5294), (733.3333, 0.36958975, -631.37256), (741.17645, 0.34804618, -639.2157), (749.0196, 0.3421149, -639.2157), (756.86273, 0.31212738, -647.05884), (-443.13727, 73.2976, -372.549), (-450.98038, 70.59241, -372.549), (-458.82352, 67.319084, -380.39215), (-466.66666, 65.19098, -380.39215), (-474.5098, 62.93071, -388.2353), (-482.35294, 60.110588, -388.2353), (-490.19608, 57.71292, -388.2353), (-498.0392, 55.315933, -388.2353), (-505.88235, 52.573624, -388.2353), (-513.72546, 49.423424, -388.2353), (-521.5686, 46.78432, -388.2353), (-529.41174, 44.61533, -388.2353), (-537.2549, 42.752583, -388.2353), (-545.098, 41.25265, -388.2353), (-552.94116, 38.375347, -396.07843), (-560.7843, 35.648865, -396.07843), (-568.62744, 34.246418, -396.07843), (-576.4706, 32.578266, -403.92157), (-584.3137, 30.939638, -403.92157), (-592.15686, 28.984997, -411.7647), (-600, 27.667633, -411.7647), (-607.84314, 24.735718, -419.60785), (-615.6863, 23.73474, -427.451), (-623.5294, 21.495995, -427.451), (-631.37256, 20.68875, -435.29413), (-639.2157, 18.209673, -435.29413), (-647.05884, 16.608376, -443.13727), (-654.902, 16.11891, -443.13727), (-662.7451, 13.515635, -450.98038), (-670.58826, 12.265294, -458.82352), (-678.4314, 10.928631, -466.66666), (-686.27454, 9.190014, -466.66666), (-694.1177, 8.242907, -474.5098), (-701.96075, 6.4036403, -482.35294), (-709.8039, 6.049071, -482.35294), (-717.64703, 3.9072468, -490.19608), (-725.4902, 3.934928, -498.0392), (-733.3333, 2.7406306, -498.0392), (-741.17645, 2.2507768, -505.88235), (-749.0196, 1.2823385, -513.72546), (-756.86273, 1.1978437, -521.5686), (-764.7059, 1.1486288, -521.5686), (-772.549, 0.5010913, -529.41174), (-780.39215, 0.46383667, -537.2549), (-788.2353, 0.4541787, -545.098), (-796.0784, 0.36140543, -545.098), (-803.9216, 0.33131975, -552.94116), (-811.7647, 0.32929733, -560.7843), (-819.60785, 0.31978187, -560.7843), (-341.17648, 88.256004, -419.60785), (-349.01962, 85.82591, -427.451), (-356.86273, 83.36664, -435.29413), (-364.70587, 81.618416, -435.29413), (-372.549, 79.05115, -443.13727), (-380.39215, 75.61923, -450.98038), (-388.2353, 71.58235, -458.82352), (-396.07843, 68.272995, -466.66666), (-403.92157, 66.03594, -466.66666), (-411.7647, 62.085094, -474.5098), (-419.60785, 59.23855, -482.35294), (-427.451, 56.205887, -482.35294), (-435.29413, 53.200195, -490.19608), (-443.13727, 51.230316, -490.19608), (-450.98038, 47.486744, -498.0392), (-458.82352, 44.686977, -505.88235), (-466.66666, 42.23711, -513.72546), (-474.5098, 40.31995, -513.72546), (-482.35294, 36.687622, -521.5686), (-490.19608, 33.328545, -529.41174), (-498.0392, 30.734924, -537.2549), (-505.88235, 28.468304, -545.098), (-513.72546, 25.974588, -552.94116), (-521.5686, 23.712025, -560.7843), (-529.41174, 21.242825, -568.62744), (-537.2549, 19.138063, -576.4706), (-545.098, 16.807865, -584.3137), (-552.94116, 14.859663, -592.15686), (-560.7843, 12.712857, -600), (-568.62744, 10.944676, -607.84314), (-576.4706, 9.057537, -615.6863), (-584.3137, 7.5589495, -623.5294), (-592.15686, 5.899434, -631.37256), (-600, 4.6875753, -639.2157), (-607.84314, 3.3867407, -647.05884), (-615.6863, 2.6925378, -654.902), (-623.5294, 1.7278309, -662.7451), (-631.37256, 1.3468404, -670.58826), (-639.2157, 0.8244071, -678.4314), (-647.05884, 0.611151, -686.27454), (-654.902, 0.40972725, -694.1177), (-662.7451, 0.36158934, -701.96075), (-670.58826, 0.35185212, -709.8039), (-678.4314, 0.34757546, -717.64703), (-678.4314, 0.32160679, -725.4902), (349.01962, 88.0221, -443.13727), (349.01962, 84.8612, -450.98038), (349.01962, 83.32205, -458.82352), (356.86273, 79.2872, -466.66666), (356.86273, 76.68399, -474.5098), (356.86273, 74.36239, -482.35294), (356.86273, 72.33702, -490.19608), (364.70587, 68.94232, -498.0392), (364.70587, 65.9912, -505.88235), (364.70587, 64.194756, -513.72546), (372.549, 60.17019, -521.5686), (372.549, 57.266384, -529.41174), (372.549, 55.150814, -537.2549), (380.39215, 52.14706, -545.098), (380.39215, 49.15628, -552.94116), (380.39215, 47.513268, -560.7843), (388.2353, 44.84805, -568.62744), (388.2353, 42.10926, -576.4706), (388.2353, 40.292904, -584.3137), (396.07843, 38.54894, -592.15686), (396.07843, 36.23771, -600), (396.07843, 34.054577, -607.84314), (396.07843, 33.330154, -615.6863), (403.92157, 29.570896, -623.5294), (403.92157, 27.853504, -631.37256), (411.7647, 26.396725, -639.2157), (411.7647, 23.829891, -647.05884), (411.7647, 22.635588, -654.902), (419.60785, 19.998869, -662.7451), (419.60785, 18.399366, -670.58826), (427.451, 17.073507, -678.4314), (427.451, 14.701862, -686.27454), (427.451, 14.022508, -694.1177), (435.29413, 11.35951, -701.96075), (435.29413, 10.586716, -709.8039), (443.13727, 8.538881, -717.64703), (443.13727, 8.19173, -725.4902), (450.98038, 6.01985, -733.3333), (458.82352, 5.5911436, -741.17645), (458.82352, 3.7490704, -749.0196), (466.66666, 3.335085, -756.86273), (466.66666, 2.3113472, -764.7059), (474.5098, 1.7067119, -772.549), (482.35294, 1.7020904, -780.39215), (482.35294, 0.8040551, -788.2353), (490.19608, 0.64781195, -796.0784), (490.19608, 0.6047052, -803.9216), (498.0392, 0.39767608, -811.7647), (505.88235, 0.3491928, -819.60785), (513.72546, 0.33090344, -827.451), (513.72546, 0.3226783, -835.2941), (513.72546, 0.3240195, -843.13727), (513.72546, 0.3132196, -850.9804), (623.5294, 24.427326, -474.5098), (631.37256, 21.928215, -482.35294), (639.2157, 19.645039, -490.19608), (647.05884, 16.53344, -498.0392), (654.902, 14.2727785, -505.88235), (662.7451, 12.592586, -513.72546), (670.58826, 10.972124, -521.5686), (678.4314, 9.666472, -521.5686), (686.27454, 7.582849, -529.41174), (694.1177, 6.175011, -537.2549), (701.96075, 4.7505884, -545.098), (709.8039, 4.311562, -552.94116), (717.64703, 2.8619413, -552.94116), (725.4902, 1.8952595, -560.7843), (733.3333, 1.5134908, -568.62744), (741.17645, 1.1671412, -576.4706), (749.0196, 0.6852943, -576.4706), (756.86273, 0.48094922, -584.3137), (764.7059, 0.37096405, -592.15686), (772.549, 0.34159213, -600), (780.39215, 0.3352889, -600), (788.2353, 0.32894546, -600), (796.0784, 0.3044463, -600), (74.5098, 93.284546, -545.098), (74.5098, 90.718185, -552.94116), (74.5098, 88.14448, -560.7843), (82.35294, 84.10258, -568.62744), (82.35294, 81.17974, -576.4706), (82.35294, 78.159256, -584.3137), (82.35294, 75.72653, -592.15686), (90.196075, 71.54003, -600), (90.196075, 68.51356, -607.84314), (98.039215, 64.71531, -615.6863), (98.039215, 61.579525, -623.5294), (105.882355, 57.40764, -631.37256), (105.882355, 54.342175, -639.2157), (113.72549, 51.52119, -647.05884), (113.72549, 49.445656, -654.902), (113.72549, 48.703568, -662.7451), (121.56863, 44.810673, -670.58826), (121.56863, 42.921726, -678.4314), (129.41176, 40.4237, -686.27454), (129.41176, 38.230877, -694.1177), (129.41176, 36.416496, -701.96075), (137.2549, 34.69912, -709.8039), (137.2549, 31.18326, -717.64703), (137.2549, 29.749586, -725.4902), (137.2549, 28.45976, -733.3333), (145.09804, 25.898005, -741.17645), (145.09804, 24.381342, -749.0196), (145.09804, 22.303278, -756.86273), (145.09804, 20.80179, -764.7059), (145.09804, 20.22036, -772.549), (152.94118, 18.195942, -780.39215), (152.94118, 14.894676, -788.2353), (152.94118, 13.431511, -796.0784), (152.94118, 12.244119, -803.9216), (152.94118, 10.989375, -811.7647), (152.94118, 9.693483, -819.60785), (160.78432, 8.3525305, -827.451), (160.78432, 7.229248, -835.2941), (160.78432, 6.198666, -843.13727), (160.78432, 4.7171187, -850.9804), (160.78432, 3.8378232, -858.82355), (160.78432, 4.0149193, -866.6667), (168.62746, 2.942045, -874.5098), (168.62746, 1.645265, -882.35297), (168.62746, 1.4189358, -890.1961), (168.62746, 1.1640484, -898.03925), (168.62746, 1.0466205, -905.8823), (176.47058, 0.7553791, -913.72546), (176.47058, 0.56710994, -921.5686), (176.47058, 0.38009456, -929.41174), (176.47058, 0.31839573, -937.2549), (176.47058, 0.3188422, -945.098), (176.47058, 0.31841937, -952.94116), (176.47058, 0.30165157, -960.7843), (176.47058, 0.3034611, -968.62744), (-388.2353, 46.46476, -592.15686), (-396.07843, 43.05736, -600), (-403.92157, 40.259228, -607.84314), (-403.92157, 37.679344, -615.6863), (-411.7647, 34.470516, -623.5294), (-419.60785, 32.100037, -631.37256), (-419.60785, 29.576246, -639.2157), (-427.451, 27.00121, -647.05884), (-435.29413, 24.879183, -654.902), (-435.29413, 22.69517, -662.7451), (-443.13727, 20.47792, -670.58826), (-443.13727, 19.089426, -678.4314), (-450.98038, 16.586792, -686.27454), (-458.82352, 14.615361, -694.1177), (-458.82352, 13.263791, -701.96075), (-466.66666, 11.090052, -709.8039), (-474.5098, 9.395308, -717.64703), (-474.5098, 8.181612, -725.4902), (-482.35294, 6.481363, -733.3333), (-490.19608, 5.250934, -741.17645), (-490.19608, 4.2640395, -749.0196), (-498.0392, 3.1504335, -756.86273), (-498.0392, 2.595605, -764.7059), (-505.88235, 1.7033447, -772.549), (-513.72546, 1.1233644, -780.39215), (-513.72546, 0.9078938, -788.2353), (-521.5686, 0.52652365, -796.0784), (-529.41174, 0.3922321, -803.9216), (-537.2549, 0.3456506, -811.7647), (-537.2549, 0.32582727, -819.60785), (-545.098, 0.3271856, -827.451), (-545.098, 0.30218732, -835.2941), (278.43137, 47.53622, -615.6863), (286.2745, 44.327576, -623.5294), (294.11765, 41.791706, -631.37256), (294.11765, 39.689957, -639.2157), (301.9608, 37.028446, -647.05884), (301.9608, 35.393253, -654.902), (309.80392, 32.67893, -662.7451), (309.80392, 31.172419, -670.58826), (317.64706, 29.151413, -678.4314), (317.64706, 27.154667, -686.27454), (325.4902, 25.232643, -694.1177), (325.4902, 23.284636, -701.96075), (333.33334, 21.787783, -709.8039), (333.33334, 19.769592, -717.64703), (341.17648, 17.779512, -725.4902), (341.17648, 16.24306, -733.3333), (349.01962, 14.522508, -741.17645), (349.01962, 13.400533, -749.0196), (356.86273, 11.124921, -756.86273), (364.70587, 10.004954, -764.7059), (364.70587, 8.717832, -772.549), (372.549, 6.9289517, -780.39215), (380.39215, 6.0947533, -788.2353), (380.39215, 4.8150845, -796.0784), (388.2353, 3.807793, -803.9216), (388.2353, 3.2512746, -811.7647), (396.07843, 2.2846804, -819.60785), (403.92157, 1.6392189, -827.451), (403.92157, 1.3000324, -835.2941), (411.7647, 0.80700713, -843.13727), (419.60785, 0.5665943, -850.9804), (419.60785, 0.42676058, -858.82355), (427.451, 0.33685717, -866.6667), (435.29413, 0.31861866, -874.5098), (435.29413, 0.3129612, -882.35297), (443.13727, 0.31354073, -882.35297), (443.13727, 0.31209132, -890.1961), (607.84314, 1.8104565, -701.96075), (615.6863, 1.1507341, -709.8039), (623.5294, 0.6757268, -717.64703), (631.37256, 0.4804679, -725.4902), (639.2157, 0.36916754, -733.3333), (647.05884, 0.34073114, -741.17645), (654.902, 0.31695402, -749.0196), (-372.549, 18.790342, -717.64703), (-380.39215, 16.443867, -725.4902), (-388.2353, 14.317568, -733.3333), (-388.2353, 13.076137, -741.17645), (-396.07843, 10.723986, -749.0196), (-403.92157, 8.9843, -756.86273), (-411.7647, 7.637298, -764.7059), (-419.60785, 6.5032997, -772.549), (-419.60785, 5.121894, -780.39215), (-427.451, 4.001387, -788.2353), (-435.29413, 2.833431, -796.0784), (-443.13727, 2.1703155, -803.9216), (-450.98038, 1.713244, -811.7647), (-450.98038, 1.0166743, -819.60785), (-458.82352, 0.6291701, -827.451), (-466.66666, 0.48208284, -835.2941), (-466.66666, 0.39036933, -843.13727), (-474.5098, 0.3252773, -850.9804), (-482.35294, 0.32075226, -858.82355), (-482.35294, 0.31637922, -866.6667), (-482.35294, 0.30019388, -874.5098)]
                int[] primvars:hydro:endNode = [1, 3, 5, 7, 9, 11, 13, 15, 17, 19, 21, 23, 25, 27, 29, 31, 28, 34, 36, 38, 40, 42, 44, 46, 48, 28, 51, 53, 55, 55, 58, 60, 62, 58, 63, 65, 67, 69, 71, 73, 75, 77, 79, 81, 83, 85, 87, 89, 91, 93, 95, 97] (
                    interpolation = "uniform"
                )
                int[] primvars:hydro:order = [1, 1, 1, 1, 1, 1, 1, 1, 1, 1, 1, 1, 1, 1, 2, 1, 1, 1, 1, 1, 1, 1, 1, 1, 1, 1, 1, 1, 1, 1, 1, 1, 1, 2, 2, 1, 1, 1, 1, 1, 1, 1, 1, 1, 1, 1, 1, 1, 1, 1, 1, 1] (
                    interpolation = "uniform"
                )
                int[] primvars:hydro:startNode = [0, 2, 4, 6, 8, 10, 12, 14, 16, 18, 20, 22, 24, 26, 28, 30, 32, 33, 35, 37, 39, 41, 43, 45, 47, 49, 50, 52, 54, 56, 57, 59, 61, 55, 58, 64, 66, 68, 70, 72, 74, 76, 78, 80, 82, 84, 86, 88, 90, 92, 94, 96] (
                    interpolation = "uniform"
                )
                uniform token type = "linear"
                float[] widths = [2, 2, 2, 2, 2, 2, 2, 2, 2, 2, 2, 2, 2, 2, 5, 2, 2, 2, 2, 2, 2, 2, 2, 2, 2, 2, 2, 2, 2, 2, 2, 2, 2, 5, 5, 2, 2, 2, 2, 2, 2, 2, 2, 2, 2, 2, 2, 2, 2, 2, 2, 2] (
                    interpolation = "uniform"
                )
                uniform token wrap = "nonperiodic"
            }

            def Scope "Water"
            {
                def Material "WaterMaterial"
                {
                    token outputs:surface.connect = </Island/Hydrology/Rivers/Water/WaterMaterial/PreviewSurface.outputs:surface>

                    def Shader "PreviewSurface"
                    {
                        uniform token info:id = "UsdPreviewSurface"
                        color3f inputs:diffuseColor = (0.04, 0.2, 0.35)
                        float inputs:metallic = 0
                        float inputs:opacity = 0.6
                        float inputs:roughness = 0.15
                        token outputs:surface
                    }
                }

                def Mesh "River_0" (
                    prepend apiSchemas = ["MaterialBindingAPI"]
                )
                {
                    float3[] extent = [(-147.92647, 0.29576918, 973.64215), (-134.42647, 0.31149578, 987.14215)]
                    int[] faceVertexCounts = [4]
                    int[] faceVertexIndices = [0, 2, 3, 1]
                    rel material:binding = </Island/Hydrology/Rivers/Water/WaterMaterial>
                    point3f[] points = [(-147.92647, 0.29938963, 979.299), (-142.2696, 0.31149578, 973.64215), (-140.08333, 0.29576918, 987.14215), (-134.42647, 0.29938963, 981.4853)]
                    texCoord2f[] primvars:st = [(0, 0), (1, 0), (0, 1), (1, 1)] (
                        interpolation = "vertex"
                    )
                    uniform token subdivisionScheme = "none"
                }

                def Mesh "River_1" (
                    prepend apiSchemas = ["MaterialBindingAPI"]
                )
                {
                    float3[] extent = [(101.882355, 0.2992891, 921.5686), (109.882355, 2.0438359, 984.3137)]
                    int[] faceVertexCounts = [4, 4, 4, 4, 4, 4, 4, 4]
                    int[] faceVertexIndices = [0, 2, 3, 1, 2, 4, 5, 3, 4, 6, 7, 5, 6, 8, 9, 7, 8, 10, 11, 9, 10, 12, 13, 11, 12, 14, 15, 13, 14, 16, 17, 15]
                    rel material:binding = </Island/Hydrology/Rivers/Water/WaterMaterial>
                    point3f[] points = [(101.882355, 1.9756528, 921.5686), (109.882355, 2.0438359, 921.5686), (101.882355, 1.5261309, 929.41174), (109.882355, 1.5140058, 929.41174), (101.882355, 1.1467993, 937.2549), (109.882355, 1.0835975, 937.2549), (101.882355, 0.84011203, 945.098), (109.882355, 0.76165557, 945.098), (101.882355, 0.60950935, 952.94116), (109.882355, 0.5376071, 952.94116), (101.882355, 0.44885647, 960.7843), (109.882355, 0.39633146, 960.7843), (101.882355, 0.35319626, 968.62744), (109.882355, 0.3309606, 968.62744), (101.882355, 0.30983213, 976.4706), (109.882355, 0.30090788, 976.4706), (101.882355, 0.30100495, 984.3137), (109.882355, 0.2992891, 984.3137)]
                    texCoord2f[] primvars:st = [(0, 0), (1, 0), (0, 0.12516482), (1, 0.12516482), (0, 0.2502474), (1, 0.2502474), (0, 0.3752682), (1, 0.3752682), (0, 0.5002454), (1, 0.5002454), (0, 0.62519616), (1, 0.62519616), (0, 0.75013393), (1, 0.75013393), (0, 0.87506753), (1, 0.87506753), (0, 1), (1, 1)] (
                        interpolation = "vertex"
                    )
                    uniform token subdivisionScheme = "none"
                }

                def Mesh "River_2" (
                    prepend apiSchemas = ["MaterialBindingAPI"]
                )
                {
                    float3[] extent = [(-156.94118, 0.3079347, 913.72546), (-148.94118, 2.2250745, 968.62744)]
                    int[] faceVertexCounts = [4, 4, 4, 4, 4, 4, 4]
                    int[] faceVertexIndices = [0, 2, 3, 1, 2, 4, 5, 3, 4, 6, 7, 5, 6, 8, 9, 7, 8, 10, 11, 9, 10, 12, 13, 11, 12, 14, 15, 13]
                    rel material:binding = </Island/Hydrology/Rivers/Water/WaterMaterial>
                    point3f[] points = [(-156.94118, 2.2250745, 913.72546), (-148.94118, 1.9732174, 913.72546), (-156.94118, 1.6067182, 921.5686), (-148.94118, 1.5287588, 921.5686), (-156.94118, 1.1277604, 929.41174), (-148.94118, 1.1526805, 929.41174), (-156.94118, 0.766272, 937.2549), (-148.94118, 0.8653145, 937.2549), (-156.94118, 0.5319783, 945.098), (-148.94118, 0.64542717, 945.098), (-156.94118, 0.39608657, 952.94116), (-148.94118, 0.48361993, 952.94116), (-156.94118, 0.32673833, 960.7843), (-148.94118, 0.37314415, 960.7843), (-156.94118, 0.3079347, 968.62744), (-148.94118, 0.3223696, 968.62744)]
                    texCoord2f[] primvars:st = [(0, 0), (1, 0), (0, 0.14309609), (1, 0.14309609), (0, 0.28604618), (1, 0.28604618), (0, 0.42890045), (1, 0.42890045), (0, 0.5717017), (1, 0.5717017), (0, 0.71447736), (1, 0.71447736), (0, 0.85724145), (1, 0.85724145), (0, 1), (1, 1)] (
                        interpolation = "vertex"
                    )
                    uniform token subdivisionScheme = "none"
                }

                def Mesh "River_3" (
                    prepend apiSchemas = ["MaterialBindingAPI"]
                )
                {
                    float3[] extent = [(-337.33334, 0.30775896, 832.4657), (-299.13235, 5.834473, 929.41174)]
                    int[] faceVertexCounts = [4, 4, 4, 4, 4, 4, 4, 4, 4, 4, 4, 4]
                    int[] faceVertexIndices = [0, 2, 3, 1, 2, 4, 5, 3, 4, 6, 7, 5, 6, 8, 9, 7, 8, 10, 11, 9, 10, 12, 13, 11, 12, 14, 15, 13, 14, 16, 17, 15, 16, 18, 19, 17, 18, 20, 21, 19, 20, 22, 23, 21, 22, 24, 25, 23]
                    rel material:binding = </Island/Hydrology/Rivers/Water/WaterMaterial>
                    point3f[] points = [(-304.7892, 5.834473, 832.4657), (-299.13235, 5.7787066, 838.12256), (-313.38162, 4.9706473, 841.3484), (-306.22623, 4.3756857, 844.9261), (-313.80392, 3.6343348, 850.9804), (-305.80392, 3.9371948, 850.9804), (-313.38162, 2.960013, 857.03467), (-306.22623, 3.3667123, 860.61237), (-321.22476, 2.3794136, 864.8778), (-314.06934, 2.1440885, 868.4555), (-321.22476, 1.6239182, 872.72095), (-314.06934, 1.8046052, 876.29865), (-329.0679, 1.3995402, 880.5641), (-321.91248, 1.0199404, 884.1418), (-329.4902, 0.78599495, 890.1961), (-321.4902, 0.85623544, 890.1961), (-329.0679, 0.5493965, 896.25037), (-321.91248, 0.6852011, 899.82806), (-336.91104, 0.46421236, 904.0935), (-329.7556, 0.38063705, 907.6712), (-337.33334, 0.32729858, 913.72546), (-329.33334, 0.35349792, 913.72546), (-337.33334, 0.31238064, 921.5686), (-329.33334, 0.32973665, 921.5686), (-337.33334, 0.30775896, 929.41174), (-329.33334, 0.31222802, 929.41174)]
                    texCoord2f[] primvars:st = [(0, 0), (1, 0), (0, 0.10404501), (1, 0.10404501), (0, 0.17750031), (1, 0.17750031), (0, 0.25078863), (1, 0.25078863), (0, 0.3544767), (1, 0.3544767), (0, 0.42770728), (1, 0.42770728), (0, 0.531166), (1, 0.531166), (0, 0.60431504), (1, 0.60431504), (0, 0.6774082), (1, 0.6774082), (0, 0.7807677), (1, 0.7807677), (0, 0.85384643), (1, 0.85384643), (0, 0.9269233), (1, 0.9269233), (0, 1), (1, 1)] (
                        interpolation = "vertex"
                    )
                    uniform token subdivisionScheme = "none"
                }

                def Mesh "River_4" (
                    prepend apiSchemas = ["MaterialBindingAPI"]
                )
                {
                    float3[] extent = [(-23.607843, 0.32829124, 827.451), (-7.7647057, 14.300593, 968.62744)]
                    int[] faceVertexCounts = [4, 4, 4, 4, 4, 4, 4, 4, 4, 4, 4, 4, 4, 4, 4, 4, 4, 4]
                    int[] faceVertexIndices = [0, 2, 3, 1, 2, 4, 5, 3, 4, 6, 7, 5, 6, 8, 9, 7, 8, 10, 11, 9, 10, 12, 13, 11, 12, 14, 15, 13, 14, 16, 17, 15, 16, 18, 19, 17, 18, 20, 21, 19, 20, 22, 23, 21, 22, 24, 25, 23, 24, 26, 27, 25, 26, 28, 29, 27, 28, 30, 31, 29, 30, 32, 33, 31, 32, 34, 35, 33, 34, 36, 37, 35]
                    rel material:binding = </Island/Hydrology/Rivers/Water/WaterMaterial>
                    point3f[] points = [(-23.607843, 14.300593, 827.451), (-15.607843, 13.740295, 827.451), (-23.607843, 13.549586, 835.2941), (-15.607843, 12.01327, 835.2941), (-23.185553, 12.153458, 844.9261), (-16.030134, 10.7674265, 841.3484), (-15.342415, 8.891757, 852.7692), (-8.186997, 11.126799, 849.1915), (-15.764706, 8.174223, 858.82355), (-7.7647057, 9.671437, 858.82355), (-15.764706, 7.1661215, 866.6667), (-7.7647057, 8.49172, 866.6667), (-15.764706, 6.167732, 874.5098), (-7.7647057, 7.3780065, 874.5098), (-15.764706, 5.2119904, 882.35297), (-7.7647057, 6.333666, 882.35297), (-15.764706, 4.322264, 890.1961), (-7.7647057, 5.357293, 890.1961), (-15.764706, 3.50413, 898.03925), (-7.7647057, 4.448929, 898.03925), (-15.764706, 2.7710059, 905.8823), (-7.7647057, 3.6073115, 905.8823), (-15.764706, 2.1479123, 913.72546), (-7.7647057, 2.8507335, 913.72546), (-15.764706, 1.629326, 921.5686), (-7.7647057, 2.1929219, 921.5686), (-15.764706, 1.2136651, 929.41174), (-7.7647057, 1.6439072, 929.41174), (-15.764706, 0.8836841, 937.2549), (-7.7647057, 1.1928607, 937.2549), (-15.764706, 0.62929803, 945.098), (-7.7647057, 0.8383672, 945.098), (-15.764706, 0.4667461, 952.94116), (-7.7647057, 0.57860726, 952.94116), (-15.764706, 0.37293682, 960.7843), (-7.7647057, 0.40906397, 960.7843), (-15.764706, 0.32829124, 968.62744), (-7.7647057, 0.33015418, 968.62744)]
                    texCoord2f[] primvars:st = [(0, 0), (1, 0), (0, 0.054417826), (1, 0.054417826), (0, 0.108900726), (1, 0.108900726), (0, 0.18629166), (1, 0.18629166), (0, 0.24099478), (1, 0.24099478), (0, 0.29555434), (1, 0.29555434), (0, 0.35002887), (1, 0.35002887), (0, 0.4044293), (1, 0.4044293), (0, 0.45876995), (1, 0.45876995), (0, 0.5130594), (1, 0.5130594), (0, 0.56730294), (1, 0.56730294), (0, 0.62150216), (1, 0.62150216), (0, 0.6756552), (1, 0.6756552), (0, 0.7297649), (1, 0.7297649), (0, 0.78384167), (1, 0.78384167), (0, 0.83789635), (1, 0.83789635), (0, 0.8919367), (1, 0.8919367), (0, 0.94597006), (1, 0.94597006), (0, 1), (1, 1)] (
                        interpolation = "vertex"
                    )
                    uniform token subdivisionScheme = "none"
                }

                def Mesh "River_5" (
                    prepend apiSchemas = ["MaterialBindingAPI"]
                )
                {
                    float3[] extent = [(188.15686, 0.29994708, 749.0196), (274.58823, 28.886814, 952.94116)]
                    int[] faceVertexCounts = [4, 4, 4, 4, 4, 4, 4, 4, 4, 4, 4, 4, 4, 4, 4, 4, 4, 4, 4, 4, 4, 4, 4, 4, 4, 4]
                    int[] faceVertexIndices = [0, 2, 3, 1, 2, 4, 5, 3, 4, 6, 7, 5, 6, 8, 9, 7, 8, 10, 11, 9, 10, 12, 13, 11, 12, 14, 15, 13, 14, 16, 17, 15, 16, 18, 19, 17, 18, 20, 21, 19, 20, 22, 23, 21, 22, 24, 25, 23, 24, 26, 27, 25, 26, 28, 29, 27, 28, 30, 31, 29, 30, 32, 33, 31, 32, 34, 35, 33, 34, 36, 37, 35, 36, 38, 39, 37, 38, 40, 41, 39, 40, 42, 43, 41, 42, 44, 45, 43, 44, 46, 47, 45, 46, 48, 49, 47, 48, 50, 51, 49, 50, 52, 53, 51]
                    rel material:binding = </Island/Hydrology/Rivers/Water/WaterMaterial>
                    point3f[] points = [(188.15686, 27.906496, 749.0196), (196.15686, 28.886814, 749.0196), (188.57915, 26.290636, 758.6516), (195.73457, 25.901108, 755.0739), (196.42229, 22.480663, 766.49475), (203.57771, 24.478296, 762.91705), (196.42229, 21.603188, 774.3379), (203.57771, 21.305918, 770.7602), (204.26543, 18.33484, 782.181), (211.42085, 20.291376, 778.60333), (204.26543, 17.403767, 790.0242), (211.42085, 17.167618, 786.4464), (212.10857, 14.536743, 797.8673), (219.26398, 16.496494, 794.28955), (211.68628, 13.834536, 803.9216), (219.68628, 13.545269, 803.9216), (212.10857, 13.122297, 813.5536), (219.26398, 11.996632, 809.9758), (219.9517, 10.371541, 821.39667), (227.10712, 10.79406, 817.819), (219.9517, 9.786599, 829.2398), (227.10712, 9.047936, 825.6621), (227.79485, 7.479836, 837.08295), (234.95026, 8.19579, 833.50525), (227.79485, 7.059664, 844.9261), (234.95026, 6.611835, 841.3484), (235.63797, 5.219962, 852.7692), (242.7934, 5.815903, 849.1915), (235.63797, 4.777901, 860.61237), (242.7934, 4.417108, 857.03467), (243.48111, 3.241074, 868.4555), (250.63654, 4.0116754, 864.8778), (243.05882, 3.069531, 874.5098), (251.05882, 2.6914477, 874.5098), (243.48111, 2.816005, 884.1418), (250.63654, 2.0927737, 880.5641), (251.32425, 1.5882769, 891.9849), (258.47968, 1.8370241, 888.4072), (251.32425, 1.4059701, 899.82806), (258.47968, 1.1090429, 896.25037), (259.1674, 0.68081933, 907.6712), (266.3228, 1.14053, 904.0935), (258.7451, 0.6129886, 913.72546), (266.7451, 0.6568552, 913.72546), (258.7451, 0.56438357, 921.5686), (266.7451, 0.3994832, 921.5686), (259.1674, 0.45010942, 931.2006), (266.3228, 0.33743826, 927.6229), (267.01053, 0.31232408, 939.04376), (274.16595, 0.33145845, 935.46606), (266.58823, 0.3054646, 945.098), (274.58823, 0.29994708, 945.098), (266.58823, 0.3076331, 952.94116), (274.58823, 0.30355164, 952.94116)]
                    texCoord2f[] primvars:st = [(0, 0), (1, 0), (0, 0.034488857), (1, 0.034488857), (0, 0.08216207), (1, 0.08216207), (0, 0.116093874), (1, 0.116093874), (0, 0.16332228), (1, 0.16332228), (0, 0.19714345), (1, 0.19714345), (0, 0.24415384), (1, 0.24415384), (0, 0.27783564), (1, 0.27783564), (0, 0.3109685), (1, 0.3109685), (0, 0.3581167), (1, 0.3581167), (0, 0.391261), (1, 0.391261), (0, 0.43820405), (1, 0.43820405), (0, 0.4712666), (1, 0.4712666), (0, 0.5180069), (1, 0.5180069), (0, 0.55105335), (1, 0.55105335), (0, 0.5976872), (1, 0.5976872), (0, 0.63063776), (1, 0.63063776), (0, 0.66350514), (1, 0.66350514), (0, 0.71006244), (1, 0.71006244), (0, 0.74292535), (1, 0.74292535), (0, 0.7893862), (1, 0.7893862), (0, 0.822234), (1, 0.822234), (0, 0.85506815), (1, 0.85506815), (0, 0.88790154), (1, 0.88790154), (0, 0.93433464), (1, 0.93433464), (0, 0.9671673), (1, 0.9671673), (0, 1), (1, 1)] (
                        interpolation = "vertex"
                    )
                    uniform token subdivisionScheme = "none"
                }

                def Mesh "River_6" (
                    prepend apiSchemas = ["MaterialBindingAPI"]
                )
                {
                    float3[] extent = [(619.5294, 0.30145502, 717.64703), (651.05884, 0.96270573, 756.86273)]
                    int[] faceVertexCounts = [4, 4, 4, 4, 4]
                    int[] faceVertexIndices = [0, 2, 3, 1, 2, 4, 5, 3, 4, 6, 7, 5, 6, 8, 9, 7, 8, 10, 11, 9]
                    rel material:binding = </Island/Hydrology/Rivers/Water/WaterMaterial>
                    point3f[] points = [(619.5294, 0.74122983, 717.64703), (627.5294, 0.96270573, 717.64703), (619.9517, 0.85166526, 727.27905), (627.1071, 0.5886058, 723.70135), (628.5441, 0.48329306, 736.16174), (634.201, 0.44401473, 730.5049), (636.38727, 0.3631243, 744.0049), (642.0441, 0.35352233, 738.348), (643.48114, 0.33981404, 750.8085), (650.63654, 0.3399207, 747.2308), (643.05884, 0.32295126, 756.86273), (651.05884, 0.30145502, 756.86273)]
                    texCoord2f[] primvars:st = [(0, 0), (1, 0), (0, 0.16026177), (1, 0.16026177), (0, 0.38680398), (1, 0.38680398), (0, 0.6133201), (1, 0.6133201), (0, 0.83983135), (1, 0.83983135), (0, 1), (1, 1)] (
                        interpolation = "vertex"
                    )
                    uniform token subdivisionScheme = "none"
                }

                def Mesh "River_7" (
                    prepend apiSchemas = ["MaterialBindingAPI"]
                )
                {
                    float3[] extent = [(-486.35294, 0.29938963, 659.9167), (-346.1912, 35.706898, 874.5098)]
                    int[] faceVertexCounts = [4, 4, 4, 4, 4, 4, 4, 4, 4, 4, 4, 4, 4, 4, 4, 4, 4, 4, 4, 4, 4, 4, 4, 4, 4, 4, 4]
                    int[] faceVertexIndices = [0, 2, 3, 1, 2, 4, 5, 3, 4, 6, 7, 5, 6, 8, 9, 7, 8, 10, 11, 9, 10, 12, 13, 11, 12, 14, 15, 13, 14, 16, 17, 15, 16, 18, 19, 17, 18, 20, 21, 19, 20, 22, 23, 21, 22, 24, 25, 23, 24, 26, 27, 25, 26, 28, 29, 27, 28, 30, 31, 29, 30, 32, 33, 31, 32, 34, 35, 33, 34, 36, 37, 35, 36, 38, 39, 37, 38, 40, 41, 39, 40, 42, 43, 41, 42, 44, 45, 43, 44, 46, 47, 45, 46, 48, 49, 47, 48, 50, 51, 49, 50, 52, 53, 51, 52, 54, 55, 53]
                    rel material:binding = </Island/Hydrology/Rivers/Water/WaterMaterial>
                    point3f[] points = [(-351.84802, 35.158276, 659.9167), (-346.1912, 35.706898, 665.57355), (-360.44046, 32.750286, 668.7994), (-353.28503, 32.074913, 672.3771), (-360.44046, 30.056576, 676.6425), (-353.28503, 31.077377, 680.2202), (-368.2836, 27.918087, 684.48566), (-361.12817, 27.423903, 688.06335), (-368.2836, 25.512049, 692.3288), (-361.12817, 26.320395, 695.9065), (-376.12674, 23.74274, 700.17194), (-368.9713, 23.070932, 703.74963), (-376.12674, 21.4644, 708.0151), (-368.9713, 22.391644, 711.5928), (-383.22058, 19.913597, 714.8186), (-377.56372, 18.943953, 720.47546), (-391.813, 18.116549, 723.70135), (-384.6576, 16.612513, 727.27905), (-391.813, 15.6413145, 731.5445), (-384.6576, 16.114626, 735.1222), (-398.90686, 14.270126, 738.348), (-393.25, 13.087051, 744.0049), (-407.49927, 12.341414, 747.2308), (-400.34387, 11.184635, 750.8085), (-407.49927, 10.109837, 755.0739), (-400.34387, 11.165896, 758.6516), (-414.59314, 8.784824, 761.87744), (-408.93628, 8.758796, 767.5343), (-422.43628, 7.2239585, 769.7206), (-416.77942, 6.9789977, 775.37744), (-430.27942, 5.8556266, 777.5637), (-424.62256, 5.2553816, 783.2206), (-438.12256, 4.3900585, 785.40686), (-432.4657, 3.8436003, 791.0637), (-445.96567, 2.970266, 793.25), (-440.30884, 2.6273122, 798.90686), (-453.8088, 1.8806058, 801.09314), (-448.15198, 1.6492993, 806.75), (-462.40125, 1.3078414, 809.9758), (-455.24582, 1.0461901, 813.5536), (-462.40125, 0.75662637, 817.819), (-455.24582, 0.97513324, 821.39667), (-470.2444, 0.63858604, 825.6621), (-463.08896, 0.49345475, 829.2398), (-470.2444, 0.39473495, 833.50525), (-463.08896, 0.5013892, 837.08295), (-478.08752, 0.35604703, 841.3484), (-470.9321, 0.34413552, 844.9261), (-478.08752, 0.32136884, 849.1915), (-470.9321, 0.34099084, 852.7692), (-485.93066, 0.31722105, 857.03467), (-478.77524, 0.31956986, 860.61237), (-486.35294, 0.31214046, 866.6667), (-478.35294, 0.31647974, 866.6667), (-486.35294, 0.29938963, 874.5098), (-478.35294, 0.3037079, 874.5098)]
                    texCoord2f[] primvars:st = [(0, 0), (1, 0), (0, 0.04271544), (1, 0.04271544), (0, 0.072441034), (1, 0.072441034), (0, 0.11478105), (1, 0.11478105), (0, 0.14447726), (1, 0.14447726), (0, 0.18662219), (1, 0.18662219), (0, 0.21618755), (1, 0.21618755), (0, 0.25820228), (1, 0.25820228), (0, 0.29984477), (1, 0.29984477), (0, 0.3296704), (1, 0.3296704), (0, 0.3713748), (1, 0.3713748), (0, 0.41295812), (1, 0.41295812), (0, 0.44239432), (1, 0.44239432), (0, 0.4840262), (1, 0.4840262), (0, 0.5255105), (1, 0.5255105), (0, 0.56690514), (1, 0.56690514), (0, 0.6081868), (1, 0.6081868), (0, 0.6494812), (1, 0.6494812), (0, 0.6906628), (1, 0.6906628), (0, 0.7317606), (1, 0.7317606), (0, 0.76080334), (1, 0.76080334), (0, 0.80185336), (1, 0.80185336), (0, 0.83087236), (1, 0.83087236), (0, 0.87191015), (1, 0.87191015), (0, 0.9009277), (1, 0.9009277), (0, 0.9419648), (1, 0.9419648), (0, 0.9709824), (1, 0.9709824), (0, 1), (1, 1)] (
                        interpolation = "vertex"
                    )
                    uniform token subdivisionScheme = "none"
                }

                def Mesh "River_8" (
                    prepend apiSchemas = ["MaterialBindingAPI"]
                )
                {
                    float3[] extent = [(7.7647057, 0.30633545, 584.3137), (23.607843, 84.112366, 976.4706)]
                    int[] faceVertexCounts = [4, 4, 4, 4, 4, 4, 4, 4, 4, 4, 4, 4, 4, 4, 4, 4, 4, 4, 4, 4, 4, 4, 4, 4, 4, 4, 4, 4, 4, 4, 4, 4, 4, 4, 4, 4, 4, 4, 4, 4, 4, 4, 4, 4, 4, 4, 4, 4, 4, 4]
                    int[] faceVertexIndices = [0, 2, 3, 1, 2, 4, 5, 3, 4, 6, 7, 5, 6, 8, 9, 7, 8, 10, 11, 9, 10, 12, 13, 11, 12, 14, 15, 13, 14, 16, 17, 15, 16, 18, 19, 17, 18, 20, 21, 19, 20, 22, 23, 21, 22, 24, 25, 23, 24, 26, 27, 25, 26, 28, 29, 27, 28, 30, 31, 29, 30, 32, 33, 31, 32, 34, 35, 33, 34, 36, 37, 35, 36, 38, 39, 37, 38, 40, 41, 39, 40, 42, 43, 41, 42, 44, 45, 43, 44, 46, 47, 45, 46, 48, 49, 47, 48, 50, 51, 49, 50, 52, 53, 51, 52, 54, 55, 53, 54, 56, 57, 55, 56, 58, 59, 57, 58, 60, 61, 59, 60, 62, 63, 61, 62, 64, 65, 63, 64, 66, 67, 65, 66, 68, 69, 67, 68, 70, 71, 69, 70, 72, 73, 71, 72, 74, 75, 73, 74, 76, 77, 75, 76, 78, 79, 77, 78, 80, 81, 79, 80, 82, 83, 81, 82, 84, 85, 83, 84, 86, 87, 85, 86, 88, 89, 87, 88, 90, 91, 89, 90, 92, 93, 91, 92, 94, 95, 93, 94, 96, 97, 95, 96, 98, 99, 97, 98, 100, 101, 99]
                    rel material:binding = </Island/Hydrology/Rivers/Water/WaterMaterial>
                    point3f[] points = [(7.7647057, 84.112366, 584.3137), (15.764706, 82.783875, 584.3137), (7.7647057, 82.034325, 592.15686), (15.764706, 79.84859, 592.15686), (8.186997, 79.15254, 601.7889), (15.342415, 77.63535, 598.2111), (16.030134, 73.39706, 609.632), (23.185553, 76.21033, 606.05426), (15.607843, 71.6858, 615.6863), (23.607843, 72.95485, 615.6863), (15.607843, 69.22401, 623.5294), (23.607843, 70.21538, 623.5294), (15.607843, 66.48765, 631.37256), (23.607843, 67.40152, 631.37256), (15.607843, 63.70363, 639.2157), (23.607843, 64.81983, 639.2157), (15.607843, 60.471546, 647.05884), (23.607843, 62.5348, 647.05884), (16.030134, 57.944233, 653.1131), (23.185553, 60.499355, 656.6908), (8.186997, 57.343742, 660.95624), (15.342415, 54.972435, 664.53394), (7.7647057, 52.89607, 670.58826), (15.764706, 54.10275, 670.58826), (7.7647057, 50.184105, 678.4314), (15.764706, 53.3693, 678.4314), (7.7647057, 48.342308, 686.27454), (15.764706, 52.366077, 686.27454), (7.7647057, 46.65221, 694.1177), (15.764706, 50.454, 694.1177), (7.7647057, 44.65101, 701.96075), (15.764706, 48.34301, 701.96075), (7.7647057, 42.520584, 709.8039), (15.764706, 46.19461, 709.8039), (7.7647057, 40.388023, 717.64703), (15.764706, 43.98893, 717.64703), (7.7647057, 38.228645, 725.4902), (15.764706, 40.599167, 725.4902), (7.7647057, 35.913727, 733.3333), (15.764706, 36.749, 733.3333), (7.7647057, 33.87668, 741.17645), (15.764706, 33.787685, 741.17645), (7.7647057, 32.420795, 749.0196), (15.764706, 31.346659, 749.0196), (7.7647057, 30.766632, 756.86273), (15.764706, 29.296284, 756.86273), (7.7647057, 28.98028, 764.7059), (15.764706, 26.856907, 764.7059), (8.186997, 26.636206, 774.3379), (15.342415, 24.615929, 770.7602), (16.030134, 21.479296, 782.181), (23.185553, 24.460579, 778.60333), (15.607843, 20.389908, 788.2353), (23.607843, 22.265242, 788.2353), (15.607843, 18.958555, 796.0784), (23.607843, 20.530577, 796.0784), (15.607843, 17.400295, 803.9216), (23.607843, 18.914442, 803.9216), (15.607843, 15.847892, 811.7647), (23.607843, 17.39597, 811.7647), (15.607843, 14.404462, 819.60785), (23.607843, 15.9356165, 819.60785), (15.607843, 13.110567, 827.451), (23.607843, 14.546238, 827.451), (15.607843, 11.91006, 835.2941), (23.607843, 13.214278, 835.2941), (15.607843, 10.794059, 843.13727), (23.607843, 11.891939, 843.13727), (15.607843, 9.7254, 850.9804), (23.607843, 10.536072, 850.9804), (15.607843, 8.682882, 858.82355), (23.607843, 9.1680975, 858.82355), (15.607843, 7.654716, 866.6667), (23.607843, 7.820775, 866.6667), (15.607843, 6.6508718, 874.5098), (23.607843, 6.576001, 874.5098), (15.607843, 5.7024074, 882.35297), (23.607843, 5.534681, 882.35297), (15.607843, 4.812837, 890.1961), (23.607843, 4.6211567, 890.1961), (15.607843, 3.9917903, 898.03925), (23.607843, 3.8097444, 898.03925), (15.607843, 3.2511039, 905.8823), (23.607843, 3.0865357, 905.8823), (15.607843, 2.5731094, 913.72546), (23.607843, 2.4590771, 913.72546), (15.607843, 1.9840847, 921.5686), (23.607843, 1.9165744, 921.5686), (15.607843, 1.485747, 929.41174), (23.607843, 1.4603661, 929.41174), (15.607843, 1.0843874, 937.2549), (23.607843, 1.0853307, 937.2549), (15.607843, 0.7796266, 945.098), (23.607843, 0.78661484, 945.098), (15.607843, 0.56346893, 952.94116), (23.607843, 0.56695044, 952.94116), (15.607843, 0.42494258, 960.7843), (23.607843, 0.42131734, 960.7843), (15.607843, 0.34709448, 968.62744), (23.607843, 0.34081864, 968.62744), (15.607843, 0.30823627, 976.4706), (23.607843, 0.30633545, 976.4706)]
                    texCoord2f[] primvars:st = [(0, 0), (1, 0), (0, 0.019923812), (1, 0.019923812), (0, 0.039670423), (1, 0.039670423), (0, 0.068153314), (1, 0.068153314), (0, 0.08839805), (1, 0.08839805), (0, 0.10837896), (1, 0.10837896), (0, 0.1285144), (1, 0.1285144), (0, 0.14864054), (1, 0.14864054), (0, 0.16860935), (1, 0.16860935), (0, 0.18825264), (1, 0.18825264), (0, 0.21641375), (1, 0.21641375), (0, 0.236412), (1, 0.236412), (0, 0.2556948), (1, 0.2556948), (0, 0.27486646), (1, 0.27486646), (0, 0.29434225), (1, 0.29434225), (0, 0.3139954), (1, 0.3139954), (0, 0.3336979), (1, 0.3336979), (0, 0.35339734), (1, 0.35339734), (0, 0.37340719), (1, 0.37340719), (0, 0.39442596), (1, 0.39442596), (0, 0.41471696), (1, 0.41471696), (0, 0.43450052), (1, 0.43450052), (0, 0.45407096), (1, 0.45407096), (0, 0.47358376), (1, 0.47358376), (0, 0.49303648), (1, 0.49303648), (0, 0.5208233), (1, 0.5208233), (0, 0.5404456), (1, 0.5404456), (0, 0.55992967), (1, 0.55992967), (0, 0.5793334), (1, 0.5793334), (0, 0.59869164), (1, 0.59869164), (0, 0.6179934), (1, 0.6179934), (0, 0.637244), (1, 0.637244), (0, 0.65647155), (1, 0.65647155), (0, 0.6756787), (1, 0.6756787), (0, 0.69487476), (1, 0.69487476), (0, 0.71405756), (1, 0.71405756), (0, 0.7332284), (1, 0.7332284), (0, 0.7523806), (1, 0.7523806), (0, 0.77150613), (1, 0.77150613), (0, 0.7906125), (1, 0.7906125), (0, 0.80970234), (1, 0.80970234), (0, 0.8287765), (1, 0.8287765), (0, 0.8478376), (1, 0.8478376), (0, 0.8668854), (1, 0.8668854), (0, 0.88592106), (1, 0.88592106), (0, 0.90494686), (1, 0.90494686), (0, 0.9239646), (1, 0.9239646), (0, 0.942977), (1, 0.942977), (0, 0.96198606), (1, 0.96198606), (0, 0.98099333), (1, 0.98099333), (0, 1), (1, 1)] (
                        interpolation = "vertex"
                    )
                    uniform token subdivisionScheme = "none"
                }

                def Mesh "River_9" (
                    prepend apiSchemas = ["MaterialBindingAPI"]
                )
                {
                    float3[] extent = [(338.34805, 0.30626574, 565.799), (532.2402, 60.53015, 845.9657)]
                    int[] faceVertexCounts = [4, 4, 4, 4, 4, 4, 4, 4, 4, 4, 4, 4, 4, 4, 4, 4, 4, 4, 4, 4, 4, 4, 4, 4, 4, 4, 4, 4, 4, 4, 4, 4, 4, 4, 4]
                    int[] faceVertexIndices = [0, 2, 3, 1, 2, 4, 5, 3, 4, 6, 7, 5, 6, 8, 9, 7, 8, 10, 11, 9, 10, 12, 13, 11, 12, 14, 15, 13, 14, 16, 17, 15, 16, 18, 19, 17, 18, 20, 21, 19, 20, 22, 23, 21, 22, 24, 25, 23, 24, 26, 27, 25, 26, 28, 29, 27, 28, 30, 31, 29, 30, 32, 33, 31, 32, 34, 35, 33, 34, 36, 37, 35, 36, 38, 39, 37, 38, 40, 41, 39, 40, 42, 43, 41, 42, 44, 45, 43, 44, 46, 47, 45, 46, 48, 49, 47, 48, 50, 51, 49, 50, 52, 53, 51, 52, 54, 55, 53, 54, 56, 57, 55, 56, 58, 59, 57, 58, 60, 61, 59, 60, 62, 63, 61, 62, 64, 65, 63, 64, 66, 67, 65, 66, 68, 69, 67, 68, 70, 71, 69]
                    rel material:binding = </Island/Hydrology/Rivers/Water/WaterMaterial>
                    point3f[] points = [(338.34805, 59.872078, 571.4559), (344.00488, 60.53015, 565.799), (345.4419, 55.893333, 578.25946), (352.59732, 57.95922, 574.68176), (345.4419, 55.388405, 586.1026), (352.59732, 53.787926, 582.52484), (353.28503, 50.30329, 593.94574), (360.44046, 51.501682, 590.368), (353.28503, 49.86518, 601.7889), (360.44046, 47.64389, 598.2111), (361.87744, 44.713722, 610.6716), (367.5343, 45.845547, 605.0147), (368.9713, 40.861, 617.47516), (376.12674, 42.98936, 613.8974), (368.9713, 40.7167, 625.31824), (376.12674, 39.254723, 621.74054), (377.56372, 36.294075, 634.201), (383.22058, 37.22155, 628.5441), (385.40686, 32.730244, 642.0441), (391.06372, 35.108116, 636.38727), (392.50073, 29.958847, 648.84766), (399.65613, 32.511913, 645.26996), (392.50073, 29.441437, 656.6908), (399.65613, 28.27122, 653.1131), (401.09314, 25.501196, 665.57355), (406.75, 26.747572, 659.9167), (408.187, 21.92621, 672.3771), (415.3424, 24.873539, 668.7994), (408.187, 22.06051, 680.2202), (415.3424, 20.576424, 676.6425), (416.03012, 17.899704, 688.06335), (423.18555, 19.426426, 684.48566), (416.03012, 18.552025, 695.9065), (423.18555, 16.146194, 692.3288), (424.62256, 14.721786, 704.7892), (430.27942, 15.306924, 699.1324), (431.7164, 12.084932, 711.5928), (438.87183, 14.209973, 708.0151), (431.7164, 12.957553, 719.4359), (438.87183, 11.240308, 715.8582), (440.30884, 9.522672, 728.3186), (445.96567, 10.928892, 722.66174), (447.40268, 7.7636523, 735.1222), (454.5581, 9.774652, 731.5445), (447.40268, 8.57958, 742.96533), (454.5581, 7.2314377, 739.38763), (455.99512, 6.077101, 751.848), (461.65195, 6.655095, 746.19116), (463.08896, 4.259575, 758.6516), (470.2444, 5.825445, 755.0739), (463.08896, 5.169164, 766.49475), (470.2444, 3.7527661, 762.91705), (471.68137, 3.353676, 775.37744), (477.33823, 3.280103, 769.7206), (479.5245, 2.0978646, 783.2206), (485.18137, 2.834038, 777.5637), (486.61838, 1.389158, 790.0242), (493.77377, 2.296178, 786.4464), (486.61838, 1.5442687, 797.8673), (493.77377, 1.1007653, 794.28955), (495.2108, 0.87655324, 806.75), (500.86765, 0.89724654, 801.09314), (502.30466, 0.49018312, 813.5536), (509.46005, 0.66037416, 809.9758), (502.30466, 0.52387387, 821.39667), (509.46005, 0.3683457, 817.819), (510.89706, 0.3457868, 830.2794), (516.5539, 0.34397402, 824.62256), (518.7402, 0.3243119, 838.12256), (524.39703, 0.32718602, 832.4657), (526.5833, 0.30626574, 845.9657), (532.2402, 0.3119559, 840.30884)]
                    texCoord2f[] primvars:st = [(0, 0), (1, 0), (0, 0.03188588), (1, 0.03188588), (0, 0.05466947), (1, 0.05466947), (0, 0.08739098), (1, 0.08739098), (0, 0.10999718), (1, 0.10999718), (0, 0.14246042), (1, 0.14246042), (0, 0.17430142), (1, 0.17430142), (0, 0.1972492), (1, 0.1972492), (0, 0.22918937), (1, 0.22918937), (0, 0.2609798), (1, 0.2609798), (0, 0.29257604), (1, 0.29257604), (0, 0.31559792), (1, 0.31559792), (0, 0.34758437), (1, 0.34758437), (0, 0.37907553), (1, 0.37907553), (0, 0.4018444), (1, 0.4018444), (0, 0.4337371), (1, 0.4337371), (0, 0.45572883), (1, 0.45572883), (0, 0.48744154), (1, 0.48744154), (0, 0.5185844), (1, 0.5185844), (0, 0.54075027), (1, 0.54075027), (0, 0.5719901), (1, 0.5719901), (0, 0.6030674), (1, 0.6030674), (0, 0.62510836), (1, 0.62510836), (0, 0.65625924), (1, 0.65625924), (0, 0.6871827), (1, 0.6871827), (0, 0.7091538), (1, 0.7091538), (0, 0.7401266), (1, 0.7401266), (0, 0.7710893), (1, 0.7710893), (0, 0.8019669), (1, 0.8019669), (0, 0.8238297), (1, 0.8238297), (0, 0.8547183), (1, 0.8547183), (0, 0.88558507), (1, 0.88558507), (0, 0.9074095), (1, 0.9074095), (0, 0.9382733), (1, 0.9382733), (0, 0.96913666), (1, 0.96913666), (0, 1), (1, 1)] (
                        interpolation = "vertex"
                    )
                    uniform token subdivisionScheme = "none"
                }

                def Mesh "River_10" (
                    prepend apiSchemas = ["MaterialBindingAPI"]
                )
                {
                    float3[] extent = [(401.09314, 0.30011365, 542.2696), (604, 56.551933, 796.0784)]
                    int[] faceVertexCounts = [4, 4, 4, 4, 4, 4, 4, 4, 4, 4, 4, 4, 4, 4, 4, 4, 4, 4, 4, 4, 4, 4, 4, 4, 4, 4, 4, 4, 4, 4, 4, 4, 4]
                    int[] faceVertexIndices = [0, 2, 3, 1, 2, 4, 5, 3, 4, 6, 7, 5, 6, 8, 9, 7, 8, 10, 11, 9, 10, 12, 13, 11, 12, 14, 15, 13, 14, 16, 17, 15, 16, 18, 19, 17, 18, 20, 21, 19, 20, 22, 23, 21, 22, 24, 25, 23, 24, 26, 27, 25, 26, 28, 29, 27, 28, 30, 31, 29, 30, 32, 33, 31, 32, 34, 35, 33, 34, 36, 37, 35, 36, 38, 39, 37, 38, 40, 41, 39, 40, 42, 43, 41, 42, 44, 45, 43, 44, 46, 47, 45, 46, 48, 49, 47, 48, 50, 51, 49, 50, 52, 53, 51, 52, 54, 55, 53, 54, 56, 57, 55, 56, 58, 59, 57, 58, 60, 61, 59, 60, 62, 63, 61, 62, 64, 65, 63, 64, 66, 67, 65]
                    rel material:binding = </Island/Hydrology/Rivers/Water/WaterMaterial>
                    point3f[] points = [(401.09314, 56.551933, 547.92645), (406.75, 55.263428, 542.2696), (408.93628, 52.92195, 555.7696), (414.59314, 51.493484, 550.11273), (416.77942, 49.40529, 563.61273), (422.43628, 47.419086, 557.9559), (424.62256, 45.766766, 571.4559), (430.27942, 42.833984, 565.799), (433.50525, 41.97571, 580.0483), (437.08298, 39.496548, 572.8929), (441.3484, 37.346252, 580.0483), (444.92612, 40.03151, 572.8929), (448.15198, 34.392414, 587.14215), (453.8088, 36.240402, 581.4853), (455.99512, 31.090351, 594.9853), (461.65195, 33.011444, 589.3284), (463.83823, 28.118967, 602.8284), (469.4951, 29.99058, 597.1716), (470.9321, 24.850115, 609.632), (478.08752, 26.938856, 606.05426), (470.9321, 25.062956, 617.47516), (478.08752, 22.802013, 613.8974), (479.5245, 22.006165, 626.35785), (485.18137, 21.240595, 620.701), (487.36765, 19.637196, 634.201), (493.0245, 19.375065, 628.5441), (495.2108, 16.219563, 642.0441), (500.86765, 17.660711, 636.38727), (502.30466, 13.7581415, 648.84766), (509.46005, 16.575806, 645.26996), (502.30466, 14.028905, 656.6908), (509.46005, 12.615344, 653.1131), (510.1478, 10.937908, 664.53394), (517.3032, 12.404154, 660.95624), (510.1478, 11.450661, 672.3771), (517.3032, 9.580846, 668.7994), (518.7402, 8.091972, 681.2598), (524.39703, 9.284516, 675.60297), (525.83405, 6.050685, 688.06335), (532.9895, 8.68342, 684.48566), (525.83405, 6.8649015, 695.9065), (532.9895, 6.0605965, 692.3288), (534.42645, 4.3696995, 704.7892), (540.0833, 6.15706, 699.1324), (541.5203, 2.7478652, 711.5928), (548.6757, 5.403744, 708.0151), (541.5203, 3.9748197, 719.4359), (548.6757, 3.0990276, 715.8582), (550.11273, 1.7502728, 728.3186), (555.7696, 3.1925702, 722.66174), (557.2066, 1.1951206, 735.1222), (564.362, 2.5144165, 731.5445), (557.2066, 1.8490498, 742.96533), (564.362, 1.2121588, 739.38763), (565.799, 0.9190105, 751.848), (571.4559, 1.027399, 746.19116), (573.64215, 0.61781025, 759.69116), (579.299, 0.81054336, 754.0343), (580.736, 0.39673784, 766.49475), (587.8914, 0.603318, 762.91705), (580.736, 0.46373284, 774.3379), (587.8914, 0.34761885, 770.7602), (589.3284, 0.34330744, 783.2206), (594.9853, 0.33768454, 777.5637), (596.4223, 0.33356985, 790.0242), (603.5777, 0.33183312, 786.4464), (596, 0.3186526, 796.0784), (604, 0.30011365, 796.0784)]
                    texCoord2f[] primvars:st = [(0, 0), (1, 0), (0, 0.033844367), (1, 0.033844367), (0, 0.067964025), (1, 0.067964025), (0, 0.102081075), (1, 0.102081075), (0, 0.13601263), (1, 0.13601263), (0, 0.16000001), (1, 0.16000001), (0, 0.19372821), (1, 0.19372821), (0, 0.22749376), (1, 0.22749376), (0, 0.26089495), (1, 0.26089495), (0, 0.29425618), (1, 0.29425618), (0, 0.3178229), (1, 0.3178229), (0, 0.35122243), (1, 0.35122243), (0, 0.3840315), (1, 0.3840315), (0, 0.41710317), (1, 0.41710317), (0, 0.44969726), (1, 0.44969726), (0, 0.47312087), (1, 0.47312087), (0, 0.5059162), (1, 0.5059162), (0, 0.5289723), (1, 0.5289723), (0, 0.5616699), (1, 0.5616699), (0, 0.5941697), (1, 0.5941697), (0, 0.61729586), (1, 0.61729586), (0, 0.6497315), (1, 0.6497315), (0, 0.6820479), (1, 0.6820479), (0, 0.705267), (1, 0.705267), (0, 0.7376149), (1, 0.7376149), (0, 0.76991946), (1, 0.76991946), (0, 0.7928052), (1, 0.7928052), (0, 0.82513463), (1, 0.82513463), (0, 0.85743195), (1, 0.85743195), (0, 0.8897298), (1, 0.8897298), (0, 0.912568), (1, 0.912568), (0, 0.9448652), (1, 0.9448652), (0, 0.97716236), (1, 0.97716236), (0, 1), (1, 1)] (
                        interpolation = "vertex"
                    )
                    uniform token subdivisionScheme = "none"
                }

                def Mesh "River_11" (
                    prepend apiSchemas = ["MaterialBindingAPI"]
                )
                {
                    float3[] extent = [(-281.2598, 0.3051256, 537.2549), (-125.411766, 95.04344, 940.0833)]
                    int[] faceVertexCounts = [4, 4, 4, 4, 4, 4, 4, 4, 4, 4, 4, 4, 4, 4, 4, 4, 4, 4, 4, 4, 4, 4, 4, 4, 4, 4, 4, 4, 4, 4, 4, 4, 4, 4, 4, 4, 4, 4, 4, 4, 4, 4, 4, 4, 4, 4, 4, 4, 4, 4, 4]
                    int[] faceVertexIndices = [0, 2, 3, 1, 2, 4, 5, 3, 4, 6, 7, 5, 6, 8, 9, 7, 8, 10, 11, 9, 10, 12, 13, 11, 12, 14, 15, 13, 14, 16, 17, 15, 16, 18, 19, 17, 18, 20, 21, 19, 20, 22, 23, 21, 22, 24, 25, 23, 24, 26, 27, 25, 26, 28, 29, 27, 28, 30, 31, 29, 30, 32, 33, 31, 32, 34, 35, 33, 34, 36, 37, 35, 36, 38, 39, 37, 38, 40, 41, 39, 40, 42, 43, 41, 42, 44, 45, 43, 44, 46, 47, 45, 46, 48, 49, 47, 48, 50, 51, 49, 50, 52, 53, 51, 52, 54, 55, 53, 54, 56, 57, 55, 56, 58, 59, 57, 58, 60, 61, 59, 60, 62, 63, 61, 62, 64, 65, 63, 64, 66, 67, 65, 66, 68, 69, 67, 68, 70, 71, 69, 70, 72, 73, 71, 72, 74, 75, 73, 74, 76, 77, 75, 76, 78, 79, 77, 78, 80, 81, 79, 80, 82, 83, 81, 82, 84, 85, 83, 84, 86, 87, 85, 86, 88, 89, 87, 88, 90, 91, 89, 90, 92, 93, 91, 92, 94, 95, 93, 94, 96, 97, 95, 96, 98, 99, 97, 98, 100, 101, 99, 100, 102, 103, 101]
                    rel material:binding = </Island/Hydrology/Rivers/Water/WaterMaterial>
                    point3f[] points = [(-133.41176, 94.93751, 537.2549), (-125.411766, 95.04344, 537.2549), (-132.98947, 92.78197, 543.3092), (-125.83405, 93.29735, 546.8869), (-140.83261, 92.24742, 551.15234), (-133.6772, 89.36474, 554.73004), (-141.2549, 88.60627, 560.7843), (-133.2549, 88.40333, 560.7843), (-140.83261, 85.84825, 566.8386), (-133.6772, 87.43744, 570.4163), (-148.67575, 84.80791, 574.68176), (-141.52032, 82.13572, 578.25946), (-149.09804, 79.87361, 584.3137), (-141.09804, 81.30122, 584.3137), (-148.67575, 77.31509, 590.368), (-141.52032, 79.96687, 593.94574), (-156.51889, 75.70091, 598.2111), (-149.36346, 74.015724, 601.7889), (-156.51889, 72.36539, 606.05426), (-149.36346, 73.01721, 609.632), (-164.36203, 71.395355, 613.8974), (-157.2066, 68.19527, 617.47516), (-164.78432, 67.144966, 623.5294), (-156.78432, 67.07272, 623.5294), (-164.36203, 64.29979, 629.5837), (-157.2066, 65.50122, 633.1614), (-172.20515, 63.692364, 637.4268), (-165.04974, 60.443737, 641.0045), (-172.62746, 59.674885, 647.05884), (-164.62746, 59.451954, 647.05884), (-172.20515, 56.952515, 653.1131), (-165.04974, 58.281116, 656.6908), (-180.0483, 56.107082, 660.95624), (-172.89288, 53.386642, 664.53394), (-180.47058, 51.528397, 670.58826), (-172.47058, 52.49806, 670.58826), (-180.0483, 49.279045, 676.6425), (-172.89288, 51.126087, 680.2202), (-187.89143, 48.06562, 684.48566), (-180.73602, 46.013023, 688.06335), (-188.31372, 44.22056, 694.1177), (-180.31372, 45.53818, 694.1177), (-187.89143, 42.073277, 700.17194), (-180.73602, 44.384243, 703.74963), (-195.73457, 40.28475, 708.0151), (-188.57915, 39.512802, 711.5928), (-195.73457, 37.265472, 715.8582), (-188.57915, 38.417828, 719.4359), (-203.57771, 36.140366, 723.70135), (-196.42229, 34.044537, 727.27905), (-204, 32.34459, 733.3333), (-196, 33.31834, 733.3333), (-203.57771, 30.29445, 739.38763), (-196.42229, 32.077187, 742.96533), (-211.42085, 29.03092, 747.2308), (-204.26543, 27.671722, 750.8085), (-211.42085, 25.860516, 755.0739), (-204.26543, 26.404173, 758.6516), (-219.26398, 25.322432, 762.91705), (-212.10857, 22.77495, 766.49475), (-219.68628, 22.01597, 772.549), (-211.68628, 21.721144, 772.549), (-219.26398, 19.875425, 778.60333), (-212.10857, 20.367064, 782.181), (-227.10712, 19.24172, 786.4464), (-219.9517, 17.066433, 790.0242), (-227.52942, 15.642736, 796.0784), (-219.52942, 16.269297, 796.0784), (-227.10712, 14.095378, 802.1327), (-219.9517, 15.009453, 805.71045), (-234.95026, 13.094237, 809.9758), (-227.79485, 12.023864, 813.5536), (-234.95026, 10.992493, 817.819), (-227.79485, 11.274136, 821.39667), (-242.7934, 10.091452, 825.6621), (-235.63797, 8.9801855, 829.2398), (-242.7934, 8.084178, 833.50525), (-235.63797, 8.291716, 837.08295), (-250.63654, 7.535585, 841.3484), (-243.48111, 6.3255258, 844.9261), (-250.63654, 5.8600807, 849.1915), (-243.48111, 5.7902746, 852.7692), (-258.47968, 5.557148, 857.03467), (-251.32425, 4.217495, 860.61237), (-258.90195, 3.5864642, 866.6667), (-250.90196, 3.893178, 866.6667), (-258.47968, 2.8473625, 872.72095), (-251.32425, 3.4052007, 876.29865), (-266.3228, 2.5956275, 880.5641), (-259.1674, 1.9979424, 884.1418), (-266.7451, 1.687845, 890.1961), (-258.7451, 1.8476678, 890.1961), (-266.3228, 1.182411, 896.25037), (-259.1674, 1.5342811, 899.82806), (-274.16595, 1.136733, 904.0935), (-267.01053, 0.74189264, 907.6712), (-274.58823, 0.577019, 913.72546), (-266.58823, 0.6405755, 913.72546), (-274.58823, 0.39278844, 921.5686), (-266.58823, 0.5176384, 921.5686), (-274.16595, 0.34036693, 927.6229), (-267.01053, 0.39744878, 931.2006), (-281.2598, 0.32777283, 934.42645), (-275.60294, 0.3051256, 940.0833)]
                    texCoord2f[] primvars:st = [(0, 0), (1, 0), (0, 0.01720583), (1, 0.01720583), (0, 0.04102597), (1, 0.04102597), (0, 0.058635015), (1, 0.058635015), (0, 0.07578676), (1, 0.07578676), (0, 0.099972636), (1, 0.099972636), (0, 0.11766349), (1, 0.11766349), (0, 0.13457398), (1, 0.13457398), (0, 0.15949887), (1, 0.15949887), (0, 0.1769025), (1, 0.1769025), (0, 0.20080951), (1, 0.20080951), (0, 0.21856114), (1, 0.21856114), (0, 0.23572679), (1, 0.23572679), (0, 0.2596303), (1, 0.2596303), (0, 0.27745616), (1, 0.27745616), (0, 0.29466414), (1, 0.29466414), (0, 0.31865227), (1, 0.31865227), (0, 0.3362565), (1, 0.3362565), (0, 0.3531136), (1, 0.3531136), (0, 0.37757474), (1, 0.37757474), (0, 0.3947892), (1, 0.3947892), (0, 0.41168076), (1, 0.41168076), (0, 0.4361746), (1, 0.4361746), (0, 0.4531995), (1, 0.4531995), (0, 0.47736233), (1, 0.47736233), (0, 0.49462885), (1, 0.49462885), (0, 0.5114954), (1, 0.5114954), (0, 0.53575516), (1, 0.53575516), (0, 0.5528508), (1, 0.5528508), (0, 0.57668483), (1, 0.57668483), (0, 0.5940068), (1, 0.5940068), (0, 0.61088187), (1, 0.61088187), (0, 0.6346665), (1, 0.6346665), (0, 0.6517614), (1, 0.6517614), (0, 0.66855884), (1, 0.66855884), (0, 0.6924407), (1, 0.6924407), (0, 0.7092164), (1, 0.7092164), (0, 0.73287076), (1, 0.73287076), (0, 0.74966085), (1, 0.74966085), (0, 0.7732522), (1, 0.7732522), (0, 0.7899707), (1, 0.7899707), (0, 0.8134639), (1, 0.8134639), (0, 0.830174), (1, 0.830174), (0, 0.8467778), (1, 0.8467778), (0, 0.87028253), (1, 0.87028253), (0, 0.8868746), (1, 0.8868746), (0, 0.90344703), (1, 0.90344703), (0, 0.92688423), (1, 0.92688423), (0, 0.94345444), (1, 0.94345444), (0, 0.96001756), (1, 0.96001756), (0, 0.976579), (1, 0.976579), (0, 1), (1, 1)] (
                        interpolation = "vertex"
                    )
                    uniform token subdivisionScheme = "none"
                }

                def Mesh "River_12" (
                    prepend apiSchemas = ["MaterialBindingAPI"]
                )
                {
                    float3[] extent = [(-698.1177, 0.3106811, 416.77942), (-346.1912, 83.3008, 709.8039)]
                    int[] faceVertexCounts = [4, 4, 4, 4, 4, 4, 4, 4, 4, 4, 4, 4, 4, 4, 4, 4, 4, 4, 4, 4, 4, 4, 4, 4, 4, 4, 4, 4, 4, 4, 4, 4, 4, 4, 4, 4, 4, 4, 4, 4, 4, 4, 4, 4, 4]
                    int[] faceVertexIndices = [0, 2, 3, 1, 2, 4, 5, 3, 4, 6, 7, 5, 6, 8, 9, 7, 8, 10, 11, 9, 10, 12, 13, 11, 12, 14, 15, 13, 14, 16, 17, 15, 16, 18, 19, 17, 18, 20, 21, 19, 20, 22, 23, 21, 22, 24, 25, 23, 24, 26, 27, 25, 26, 28, 29, 27, 28, 30, 31, 29, 30, 32, 33, 31, 32, 34, 35, 33, 34, 36, 37, 35, 36, 38, 39, 37, 38, 40, 41, 39, 40, 42, 43, 41, 42, 44, 45, 43, 44, 46, 47, 45, 46, 48, 49, 47, 48, 50, 51, 49, 50, 52, 53, 51, 52, 54, 55, 53, 54, 56, 57, 55, 56, 58, 59, 57, 58, 60, 61, 59, 60, 62, 63, 61, 62, 64, 65, 63, 64, 66, 67, 65, 66, 68, 69, 67, 68, 70, 71, 69, 70, 72, 73, 71, 72, 74, 75, 73, 74, 76, 77, 75, 76, 78, 79, 77, 78, 80, 81, 79, 80, 82, 83, 81, 82, 84, 85, 83, 84, 86, 87, 85, 86, 88, 89, 87, 88, 90, 91, 89]
                    rel material:binding = </Island/Hydrology/Rivers/Water/WaterMaterial>
                    point3f[] points = [(-351.84802, 83.3008, 416.77942), (-346.1912, 81.171326, 422.43628), (-359.69116, 81.31144, 424.62256), (-354.03433, 79.178345, 430.27942), (-367.5343, 79.237526, 432.4657), (-361.87744, 77.16218, 438.12256), (-375.37744, 77.17711, 440.30884), (-369.72058, 75.2785, 445.96567), (-383.22058, 74.94448, 448.15198), (-377.56372, 72.96223, 453.8088), (-391.06372, 72.252266, 455.99512), (-385.40686, 70.86602, 461.65195), (-398.90686, 68.1352, 463.83823), (-393.25, 68.43936, 469.4951), (-406.75, 64.78336, 471.68137), (-401.09314, 66.65729, 477.33823), (-413.55356, 61.684177, 478.77524), (-409.97586, 63.325397, 485.93066), (-421.3967, 61.30233, 478.77524), (-417.819, 59.38815, 485.93066), (-430.27942, 56.404785, 487.36765), (-424.62256, 56.635216, 493.0245), (-437.08298, 52.422672, 494.46152), (-433.50525, 54.61652, 501.6169), (-444.92612, 52.251286, 494.46152), (-441.3484, 50.433464, 501.6169), (-452.76926, 47.6645, 502.30466), (-449.19153, 48.982677, 509.46005), (-460.6124, 48.001404, 502.30466), (-457.03467, 45.112682, 509.46005), (-469.4951, 43.900043, 510.89706), (-463.83823, 44.581875, 516.5539), (-476.29865, 40.70135, 517.9909), (-472.72095, 43.677227, 525.14636), (-484.14178, 41.0693, 517.9909), (-480.5641, 39.334343, 525.14636), (-493.0245, 36.872097, 526.5833), (-487.36765, 38.406387, 532.2402), (-499.82806, 33.815536, 533.6772), (-496.25037, 36.620415, 540.8326), (-507.6712, 34.058907, 533.6772), (-504.0935, 32.55937, 540.8326), (-515.51434, 29.773432, 541.5203), (-511.93665, 31.12938, 548.6757), (-523.3575, 30.29882, 541.5203), (-519.7798, 27.584377, 548.6757), (-532.2402, 25.881544, 550.11273), (-526.5833, 27.02373, 555.7696), (-539.04376, 22.450119, 557.2066), (-535.46606, 25.053797, 564.362), (-546.8869, 22.508455, 557.2066), (-543.3092, 21.450418, 564.362), (-555.7696, 18.083912, 565.799), (-550.11273, 20.767405, 571.4559), (-562.5732, 16.040604, 572.8929), (-558.9955, 18.705185, 580.0483), (-570.4163, 16.341639, 572.8929), (-566.8386, 14.745575, 580.0483), (-579.299, 11.0504875, 581.4853), (-573.64215, 13.408642, 587.14215), (-587.14215, 9.905955, 589.3284), (-581.4853, 11.896756, 594.9853), (-594.9853, 8.519637, 597.1716), (-589.3284, 10.614239, 602.8284), (-602.8284, 7.209736, 605.0147), (-597.1716, 9.21729, 610.6716), (-610.6716, 5.549705, 612.85785), (-605.0147, 7.5773954, 618.5147), (-618.5147, 4.2924857, 620.701), (-612.85785, 6.211709, 626.35785), (-626.35785, 3.0279267, 628.5441), (-620.701, 5.0382414, 634.201), (-634.201, 2.4214804, 636.38727), (-628.5441, 4.157938, 642.0441), (-642.0441, 1.7204077, 644.2304), (-636.38727, 3.2159312, 649.88727), (-649.88727, 1.5061331, 652.07355), (-644.2304, 2.3474355, 657.7304), (-657.7304, 0.9932698, 659.9167), (-652.07355, 1.6851631, 665.57355), (-665.57355, 0.81993127, 667.7598), (-659.9167, 1.1474416, 673.4167), (-673.4167, 0.54208064, 675.60297), (-667.7598, 0.78416896, 681.2598), (-681.2598, 0.44353652, 683.4461), (-675.60297, 0.5164126, 689.10297), (-689.10297, 0.36644736, 691.28925), (-683.4461, 0.38794553, 696.94604), (-697.6954, 0.3490741, 700.17194), (-690.5399, 0.3513165, 703.74963), (-698.1177, 0.3106811, 709.8039), (-690.1177, 0.3416032, 709.8039)]
                    texCoord2f[] primvars:st = [(0, 0), (1, 0), (0, 0.023446238), (1, 0.023446238), (0, 0.047034793), (1, 0.047034793), (0, 0.07052325), (1, 0.07052325), (0, 0.094203144), (1, 0.094203144), (0, 0.11777803), (1, 0.11777803), (0, 0.1420752), (1, 0.1420752), (0, 0.16589005), (1, 0.16589005), (0, 0.18978341), (1, 0.18978341), (0, 0.20692374), (1, 0.20692374), (0, 0.23137876), (1, 0.23137876), (0, 0.25518644), (1, 0.25518644), (0, 0.27235594), (1, 0.27235594), (0, 0.29641765), (1, 0.29641765), (0, 0.3129742), (1, 0.3129742), (0, 0.33693478), (1, 0.33693478), (0, 0.36031818), (1, 0.36031818), (0, 0.37727976), (1, 0.37727976), (0, 0.40118182), (1, 0.40118182), (0, 0.42470726), (1, 0.42470726), (0, 0.44167882), (1, 0.44167882), (0, 0.46571723), (1, 0.46571723), (0, 0.48229373), (1, 0.48229373), (0, 0.5062125), (1, 0.5062125), (0, 0.5297069), (1, 0.5297069), (0, 0.5469001), (1, 0.5469001), (0, 0.57048213), (1, 0.57048213), (0, 0.5939353), (1, 0.5939353), (0, 0.6108954), (1, 0.6108954), (0, 0.6351759), (1, 0.6351759), (0, 0.65847397), (1, 0.65847397), (0, 0.6817919), (1, 0.6817919), (0, 0.7050967), (1, 0.7050967), (0, 0.7285308), (1, 0.7285308), (0, 0.75182754), (1, 0.75182754), (0, 0.77513623), (1, 0.77513623), (0, 0.79832375), (1, 0.79832375), (0, 0.82153016), (1, 0.82153016), (0, 0.8446896), (1, 0.8446896), (0, 0.8678619), (1, 0.8678619), (0, 0.89101624), (1, 0.89101624), (0, 0.9141726), (1, 0.9141726), (0, 0.93732506), (1, 0.93732506), (0, 0.9604773), (1, 0.9604773), (0, 0.98362905), (1, 0.98362905), (0, 1), (1, 1)] (
                        interpolation = "vertex"
                    )
                    uniform token subdivisionScheme = "none"
                }

                def Mesh "River_13" (
                    prepend apiSchemas = ["MaterialBindingAPI"]
                )
                {
                    float3[] extent = [(94.039215, 0.30428606, 396.07843), (392.2353, 140.75908, 913.72546)]
                    int[] faceVertexCounts = [4, 4, 4, 4, 4, 4, 4, 4, 4, 4, 4, 4, 4, 4, 4, 4, 4, 4, 4, 4, 4, 4, 4, 4, 4, 4, 4, 4, 4, 4, 4, 4, 4, 4, 4, 4, 4, 4, 4, 4, 4, 4, 4, 4, 4, 4, 4, 4, 4, 4, 4, 4, 4, 4, 4, 4, 4, 4, 4, 4, 4, 4, 4, 4, 4, 4, 4]
                    int[] faceVertexIndices = [0, 2, 3, 1, 2, 4, 5, 3, 4, 6, 7, 5, 6, 8, 9, 7, 8, 10, 11, 9, 10, 12, 13, 11, 12, 14, 15, 13, 14, 16, 17, 15, 16, 18, 19, 17, 18, 20, 21, 19, 20, 22, 23, 21, 22, 24, 25, 23, 24, 26, 27, 25, 26, 28, 29, 27, 28, 30, 31, 29, 30, 32, 33, 31, 32, 34, 35, 33, 34, 36, 37, 35, 36, 38, 39, 37, 38, 40, 41, 39, 40, 42, 43, 41, 42, 44, 45, 43, 44, 46, 47, 45, 46, 48, 49, 47, 48, 50, 51, 49, 50, 52, 53, 51, 52, 54, 55, 53, 54, 56, 57, 55, 56, 58, 59, 57, 58, 60, 61, 59, 60, 62, 63, 61, 62, 64, 65, 63, 64, 66, 67, 65, 66, 68, 69, 67, 68, 70, 71, 69, 70, 72, 73, 71, 72, 74, 75, 73, 74, 76, 77, 75, 76, 78, 79, 77, 78, 80, 81, 79, 80, 82, 83, 81, 82, 84, 85, 83, 84, 86, 87, 85, 86, 88, 89, 87, 88, 90, 91, 89, 90, 92, 93, 91, 92, 94, 95, 93, 94, 96, 97, 95, 96, 98, 99, 97, 98, 100, 101, 99, 100, 102, 103, 101, 102, 104, 105, 103, 104, 106, 107, 105, 106, 108, 109, 107, 108, 110, 111, 109, 110, 112, 113, 111, 112, 114, 115, 113, 114, 116, 117, 115, 116, 118, 119, 117, 118, 120, 121, 119, 120, 122, 123, 121, 122, 124, 125, 123, 124, 126, 127, 125, 126, 128, 129, 127, 128, 130, 131, 129, 130, 132, 133, 131, 132, 134, 135, 133]
                    rel material:binding = </Island/Hydrology/Rivers/Water/WaterMaterial>
                    point3f[] points = [(94.039215, 139.3166, 396.07843), (102.039215, 140.75908, 396.07843), (94.46151, 138.16833, 405.71042), (101.61693, 138.18336, 402.13272), (102.30464, 135.45882, 413.55356), (109.46006, 137.57184, 409.97586), (102.30464, 136.48691, 421.3967), (109.46006, 134.69142, 417.819), (110.897064, 134.57523, 430.27942), (116.55392, 132.75914, 424.62256), (119.77977, 132.4628, 438.87183), (123.35748, 130.23419, 431.7164), (127.62291, 128.56487, 438.87183), (131.20062, 131.32132, 431.7164), (134.42647, 126.699745, 445.96567), (140.08333, 128.3033, 440.30884), (142.2696, 123.965225, 453.8088), (147.92647, 125.53057, 448.15198), (150.11275, 120.98816, 461.65195), (155.7696, 122.449524, 455.99512), (157.95589, 117.4219, 469.4951), (163.61275, 119.409584, 463.83823), (165.04974, 113.67416, 476.29865), (172.20515, 116.36829, 472.72095), (165.04974, 113.379135, 484.14178), (172.20515, 112.247055, 480.5641), (173.64217, 108.22192, 493.0245), (179.29901, 109.92805, 487.36765), (181.4853, 104.46153, 500.86765), (187.14215, 107.3428, 495.2108), (188.57915, 101.28332, 507.6712), (195.73457, 103.48604, 504.0935), (188.57915, 100.40004, 515.51434), (195.73457, 98.94398, 511.93665), (197.17157, 95.05137, 524.39703), (202.82843, 95.97726, 518.7402), (205.01471, 90.609116, 532.2402), (210.67157, 92.650894, 526.5833), (212.10857, 86.4593, 539.04376), (219.26398, 88.846115, 535.46606), (212.10857, 85.71131, 546.8869), (219.26398, 84.40411, 543.3092), (219.9517, 80.26682, 554.73004), (227.10712, 82.22642, 551.15234), (219.9517, 79.708885, 562.5732), (227.10712, 77.48893, 558.9955), (227.79485, 73.90086, 570.4163), (234.95026, 75.80904, 566.8386), (227.79485, 73.1041, 578.25946), (234.95026, 72.10507, 574.68176), (235.63797, 67.67702, 586.1026), (242.7934, 70.46554, 582.52484), (235.21568, 66.65728, 592.15686), (243.21568, 65.38729, 592.15686), (235.63797, 65.57795, 601.7889), (242.7934, 62.537228, 598.2111), (243.48111, 60.175167, 609.632), (250.63654, 61.07002, 606.05426), (243.48111, 59.72707, 617.47516), (250.63654, 57.70966, 613.8974), (252.07353, 54.773533, 626.35785), (257.73038, 56.50248, 620.701), (259.1674, 51.20758, 633.1614), (266.3228, 54.208515, 629.5837), (259.1674, 51.07844, 641.0045), (266.3228, 49.940483, 637.4268), (267.7598, 46.07599, 649.88727), (273.41666, 47.732944, 644.2304), (274.85367, 42.574226, 656.6908), (282.0091, 44.782745, 653.1131), (274.85367, 42.772434, 664.53394), (282.0091, 40.620636, 660.95624), (283.44608, 37.679085, 673.4167), (289.10294, 38.94023, 667.7598), (290.53995, 33.90689, 680.2202), (297.69534, 36.574726, 676.6425), (290.53995, 33.700283, 688.06335), (297.69534, 32.394474, 684.48566), (298.3831, 28.811403, 695.9065), (305.53848, 30.68559, 692.3288), (298.3831, 29.228252, 703.74963), (305.53848, 26.541952, 700.17194), (306.9755, 24.506752, 712.6323), (312.63235, 25.350761, 706.9755), (314.06934, 20.614075, 719.4359), (321.22476, 23.724176, 715.8582), (314.06934, 19.927565, 727.27905), (321.22476, 19.991322, 723.70135), (321.91248, 16.290564, 735.1222), (329.0679, 19.631016, 731.5445), (321.4902, 16.30349, 741.17645), (329.4902, 15.994158, 741.17645), (321.91248, 16.124327, 750.8085), (329.0679, 13.710353, 747.2308), (329.7556, 12.106276, 758.6516), (336.91104, 13.3773155, 755.0739), (329.7556, 12.689651, 766.49475), (336.91104, 10.286256, 762.91705), (337.59875, 8.769446, 774.3379), (344.75418, 10.3491745, 770.7602), (337.59875, 9.407161, 782.181), (344.75418, 7.940847, 778.60333), (345.4419, 6.219957, 790.0242), (352.59732, 9.133103, 786.4464), (345.01962, 6.1560087, 796.0784), (353.01962, 5.3208237, 796.0784), (345.4419, 6.3061476, 805.71045), (352.59732, 4.160119, 802.1327), (353.28503, 3.3488257, 813.5536), (360.44046, 5.1012473, 809.9758), (352.86273, 3.7412345, 819.60785), (360.86273, 3.6897695, 819.60785), (353.28503, 3.492627, 829.2398), (360.44046, 2.353794, 825.6621), (361.12817, 1.6621121, 837.08295), (368.2836, 3.2660115, 833.50525), (360.70587, 1.6475023, 843.13727), (368.70587, 1.2245206, 843.13727), (361.12817, 1.6256729, 852.7692), (368.2836, 0.8431014, 849.1915), (368.9713, 0.5789124, 860.61237), (376.12674, 1.2573854, 857.03467), (368.549, 0.67731065, 866.6667), (376.549, 0.6243545, 866.6667), (368.9713, 0.64973813, 876.29865), (376.12674, 0.36514375, 872.72095), (376.81445, 0.35577404, 884.1418), (383.96988, 0.4852035, 880.5641), (376.81445, 0.34530258, 891.9849), (383.96988, 0.31993663, 888.4072), (384.6576, 0.31220722, 899.82806), (391.813, 0.32939374, 896.25037), (384.2353, 0.31162596, 905.8823), (392.2353, 0.31215242, 905.8823), (384.2353, 0.3084675, 913.72546), (392.2353, 0.30428606, 913.72546)]
                    texCoord2f[] primvars:st = [(0, 0), (1, 0), (0, 0.012221935), (1, 0.012221935), (0, 0.029128596), (1, 0.029128596), (0, 0.041191522), (1, 0.041191522), (0, 0.058151774), (1, 0.058151774), (0, 0.07523787), (1, 0.07523787), (0, 0.08731809), (1, 0.08731809), (0, 0.10450554), (1, 0.10450554), (0, 0.12185019), (1, 0.12185019), (0, 0.1391463), (1, 0.1391463), (0, 0.15662475), (1, 0.15662475), (0, 0.1738779), (1, 0.1738779), (0, 0.18663119), (1, 0.18663119), (0, 0.20416446), (1, 0.20416446), (0, 0.22149877), (1, 0.22149877), (0, 0.23908515), (1, 0.23908515), (0, 0.25171158), (1, 0.25171158), (0, 0.26966098), (1, 0.26966098), (0, 0.2874675), (1, 0.2874675), (0, 0.30495614), (1, 0.30495614), (0, 0.3178976), (1, 0.3178976), (0, 0.33558354), (1, 0.33558354), (0, 0.34794998), (1, 0.34794998), (0, 0.3655928), (1, 0.3655928), (0, 0.3781467), (1, 0.3781467), (0, 0.39552388), (1, 0.39552388), (0, 0.40828067), (1, 0.40828067), (0, 0.420383), (1, 0.420383), (0, 0.43828872), (1, 0.43828872), (0, 0.45038834), (1, 0.45038834), (0, 0.4678531), (1, 0.4678531), (0, 0.4848717), (1, 0.4848717), (0, 0.49772072), (1, 0.49772072), (0, 0.51517075), (1, 0.51517075), (0, 0.5325353), (1, 0.5325353), (0, 0.5449596), (1, 0.5449596), (0, 0.5624853), (1, 0.5624853), (0, 0.57959294), (1, 0.57959294), (0, 0.5923318), (1, 0.5923318), (0, 0.6097034), (1, 0.6097034), (0, 0.6217362), (1, 0.6217362), (0, 0.63939905), (1, 0.63939905), (0, 0.6564661), (1, 0.6564661), (0, 0.668908), (1, 0.668908), (0, 0.6857586), (1, 0.6857586), (0, 0.69839424), (1, 0.69839424), (0, 0.710324), (1, 0.710324), (0, 0.7274107), (1, 0.7274107), (0, 0.739314), (1, 0.739314), (0, 0.7564975), (1, 0.7564975), (0, 0.768446), (1, 0.768446), (0, 0.785238), (1, 0.785238), (0, 0.7973748), (1, 0.7973748), (0, 0.8092239), (1, 0.8092239), (0, 0.82619363), (1, 0.82619363), (0, 0.8380731), (1, 0.8380731), (0, 0.84993035), (1, 0.84993035), (0, 0.8666995), (1, 0.8666995), (0, 0.8786132), (1, 0.8786132), (0, 0.8904622), (1, 0.8904622), (0, 0.9072386), (1, 0.9072386), (0, 0.919089), (1, 0.919089), (0, 0.9309381), (1, 0.9309381), (0, 0.9476957), (1, 0.9476957), (0, 0.95954484), (1, 0.95954484), (0, 0.97630197), (1, 0.97630197), (0, 0.98815095), (1, 0.98815095), (0, 1), (1, 1)] (
                        interpolation = "vertex"
                    )
                    uniform token subdivisionScheme = "none"
                }

                def Mesh "River_14" (
                    prepend apiSchemas = ["MaterialBindingAPI"]
                )
                {
                    float3[] extent = [(-911.18567, 0.30122057, 375.08887), (-845.67706, 1.136994, 417.068)]
                    int[] faceVertexCounts = [4, 4, 4, 4, 4, 4, 4]
                    int[] faceVertexIndices = [0, 2, 3, 1, 2, 4, 5, 3, 4, 6, 7, 5, 6, 8, 9, 7, 8, 10, 11, 9, 10, 12, 13, 11, 12, 14, 15, 13]
                    rel material:binding = </Island/Hydrology/Rivers/Water/WaterMaterial>
                    point3f[] points = [(-856.2837, 1.1136163, 375.08887), (-845.67706, 1.0874126, 385.69547), (-862.1776, 0.7166681, 381.5271), (-855.4694, 1.136994, 394.9435), (-870.02075, 0.77351826, 381.5271), (-863.31256, 0.5279859, 394.9435), (-879.8131, 0.41049147, 390.77512), (-869.2065, 0.57324487, 401.38174), (-885.70703, 0.32844567, 397.21338), (-878.99884, 0.47033978, 410.62976), (-890.1961, 0.33387238, 396.42157), (-890.1961, 0.32548127, 411.42157), (-901.3933, 0.3146836, 397.21338), (-894.6851, 0.31220722, 410.62976), (-911.18567, 0.30122057, 406.4614), (-900.57904, 0.31158262, 417.068)]
                    texCoord2f[] primvars:st = [(0, 0), (1, 0), (0, 0.16337055), (1, 0.16337055), (0, 0.27888492), (1, 0.27888492), (0, 0.44224927), (1, 0.44224927), (0, 0.60561085), (1, 0.60561085), (0, 0.721125), (1, 0.721125), (0, 0.8366391), (1, 0.8366391), (0, 1), (1, 1)] (
                        interpolation = "vertex"
                    )
                    uniform token subdivisionScheme = "none"
                }

                def Mesh "River_15" (
                    prepend apiSchemas = ["MaterialBindingAPI"]
                )
                {
                    float3[] extent = [(615.6863, 0.29938963, 376.39215), (843.13727, 32.672054, 541.2549)]
                    int[] faceVertexCounts = [4, 4, 4, 4, 4, 4, 4, 4, 4, 4, 4, 4, 4, 4, 4, 4, 4, 4, 4, 4, 4, 4, 4, 4, 4, 4, 4, 4, 4]
                    int[] faceVertexIndices = [0, 2, 3, 1, 2, 4, 5, 3, 4, 6, 7, 5, 6, 8, 9, 7, 8, 10, 11, 9, 10, 12, 13, 11, 12, 14, 15, 13, 14, 16, 17, 15, 16, 18, 19, 17, 18, 20, 21, 19, 20, 22, 23, 21, 22, 24, 25, 23, 24, 26, 27, 25, 26, 28, 29, 27, 28, 30, 31, 29, 30, 32, 33, 31, 32, 34, 35, 33, 34, 36, 37, 35, 36, 38, 39, 37, 38, 40, 41, 39, 40, 42, 43, 41, 42, 44, 45, 43, 44, 46, 47, 45, 46, 48, 49, 47, 48, 50, 51, 49, 50, 52, 53, 51, 52, 54, 55, 53, 54, 56, 57, 55, 56, 58, 59, 57]
                    rel material:binding = </Island/Hydrology/Rivers/Water/WaterMaterial>
                    point3f[] points = [(615.6863, 32.672054, 384.39215), (615.6863, 31.42177, 376.39215), (621.74054, 29.39473, 383.96988), (625.31824, 30.114683, 376.81445), (629.5837, 29.043364, 391.813), (633.1614, 26.138884, 384.6576), (637.4268, 25.967316, 391.813), (641.0045, 26.405752, 384.6576), (644.2304, 25.80504, 398.90686), (649.88727, 22.591175, 393.25), (653.1131, 23.979004, 407.49927), (656.6908, 21.11223, 400.34387), (660.95624, 20.343245, 407.49927), (664.53394, 21.437668, 400.34387), (667.7598, 19.729202, 414.59314), (673.4167, 18.513985, 408.93628), (676.6425, 18.52742, 423.18555), (680.2202, 15.802089, 416.03012), (684.48566, 15.2585, 423.18555), (688.06335, 16.839743, 416.03012), (691.28925, 14.84159, 430.27942), (696.94604, 13.614477, 424.62256), (700.17194, 13.773611, 438.87183), (703.74963, 11.464442, 431.7164), (708.0151, 11.075335, 438.87183), (711.5928, 13.019175, 431.7164), (714.8186, 10.012202, 445.96567), (720.47546, 9.685915, 440.30884), (722.66174, 9.913851, 453.8088), (728.3186, 8.241854, 448.15198), (731.5445, 8.693163, 462.40125), (735.1222, 5.97339, 455.24582), (739.38763, 5.091161, 462.40125), (742.96533, 7.082564, 455.24582), (746.19116, 5.5660744, 469.4951), (751.848, 5.242991, 463.83823), (754.0343, 4.9603567, 477.33823), (759.69116, 2.8176606, 471.68137), (762.91705, 4.140957, 485.93066), (766.49475, 2.1778889, 478.77524), (770.7602, 2.1673243, 485.93066), (774.3379, 3.1441457, 478.77524), (777.5637, 1.8009359, 493.0245), (783.2206, 1.6769756, 487.36765), (785.40686, 1.5017991, 500.86765), (791.0637, 1.1073766, 495.2108), (794.28955, 1.1731836, 509.46005), (797.8673, 0.5792753, 502.30466), (802.1327, 0.40393084, 509.46005), (805.71045, 0.85256666, 502.30466), (808.9363, 0.3919977, 516.5539), (814.59314, 0.4992173, 510.89706), (816.7794, 0.3429608, 524.39703), (822.4363, 0.35851768, 518.7402), (824.62256, 0.32502478, 532.2402), (830.2794, 0.32502478, 526.5833), (833.50525, 0.32037765, 540.8326), (837.08295, 0.32224798, 533.6772), (843.13727, 0.29938963, 541.2549), (843.13727, 0.30113897, 533.2549)]
                    texCoord2f[] primvars:st = [(0, 0), (1, 0), (0, 0.027649732), (1, 0.027649732), (0, 0.06572863), (1, 0.06572863), (0, 0.093354695), (1, 0.093354695), (0, 0.13135062), (1, 0.13135062), (0, 0.16915196), (1, 0.16915196), (0, 0.19689336), (1, 0.19689336), (0, 0.23508462), (1, 0.23508462), (0, 0.27282423), (1, 0.27282423), (0, 0.300185), (1, 0.300185), (0, 0.33814323), (1, 0.33814323), (0, 0.37609944), (1, 0.37609944), (0, 0.40277216), (1, 0.40277216), (0, 0.44118577), (1, 0.44118577), (0, 0.4788123), (1, 0.4788123), (0, 0.5166847), (1, 0.5166847), (0, 0.5436651), (1, 0.5436651), (0, 0.5815256), (1, 0.5815256), (0, 0.61924165), (1, 0.61924165), (0, 0.656823), (1, 0.656823), (0, 0.6836339), (1, 0.6836339), (0, 0.72135067), (1, 0.72135067), (0, 0.75893307), (1, 0.75893307), (0, 0.7965193), (1, 0.7965193), (0, 0.8230987), (1, 0.8230987), (0, 0.86068285), (1, 0.86068285), (0, 0.89826405), (1, 0.89826405), (0, 0.9358451), (1, 0.9358451), (0, 0.97342616), (1, 0.97342616), (0, 1), (1, 1)] (
                        interpolation = "vertex"
                    )
                    uniform token subdivisionScheme = "none"
                }

                def Mesh "River_16" (
                    prepend apiSchemas = ["MaterialBindingAPI"]
                )
                {
                    float3[] extent = [(-850.9804, 0.6011484, 368.549), (-803.9216, 5.873714, 384.39215)]
                    int[] faceVertexCounts = [4, 4, 4, 4, 4, 4]
                    int[] faceVertexIndices = [0, 2, 3, 1, 2, 4, 5, 3, 4, 6, 7, 5, 6, 8, 9, 7, 8, 10, 11, 9, 10, 12, 13, 11]
                    rel material:binding = </Island/Hydrology/Rivers/Water/WaterMaterial>
                    point3f[] points = [(-803.9216, 5.054878, 368.549), (-803.9216, 5.873714, 376.549), (-811.7647, 4.932208, 368.549), (-811.7647, 4.3011656, 376.549), (-821.39667, 4.268661, 368.9713), (-817.819, 3.1113024, 376.12674), (-829.2398, 2.26554, 376.81445), (-825.6621, 3.5175402, 383.96988), (-835.2941, 1.8782848, 376.39215), (-835.2941, 1.7300766, 384.39215), (-843.13727, 0.9313074, 376.39215), (-843.13727, 1.0812201, 384.39215), (-850.9804, 0.6789312, 376.39215), (-850.9804, 0.6011484, 384.39215)]
                    texCoord2f[] primvars:st = [(0, 0), (1, 0), (0, 0.15598735), (1, 0.15598735), (0, 0.31166494), (1, 0.31166494), (0, 0.5322489), (1, 0.5322489), (0, 0.6886073), (1, 0.6886073), (0, 0.8444081), (1, 0.8444081), (0, 1), (1, 1)] (
                        interpolation = "vertex"
                    )
                    uniform token subdivisionScheme = "none"
                }

                def Mesh "River_17" (
                    prepend apiSchemas = ["MaterialBindingAPI"]
                )
                {
                    float3[] extent = [(-618.5147, 0.31558797, 369.72058), (-205.01471, 123.47061, 783.2206)]
                    int[] faceVertexCounts = [4, 4, 4, 4, 4, 4, 4, 4, 4, 4, 4, 4, 4, 4, 4, 4, 4, 4, 4, 4, 4, 4, 4, 4, 4, 4, 4, 4, 4, 4, 4, 4, 4, 4, 4, 4, 4, 4, 4, 4, 4, 4, 4, 4, 4, 4, 4, 4, 4, 4, 4, 4, 4, 4, 4, 4]
                    int[] faceVertexIndices = [0, 2, 3, 1, 2, 4, 5, 3, 4, 6, 7, 5, 6, 8, 9, 7, 8, 10, 11, 9, 10, 12, 13, 11, 12, 14, 15, 13, 14, 16, 17, 15, 16, 18, 19, 17, 18, 20, 21, 19, 20, 22, 23, 21, 22, 24, 25, 23, 24, 26, 27, 25, 26, 28, 29, 27, 28, 30, 31, 29, 30, 32, 33, 31, 32, 34, 35, 33, 34, 36, 37, 35, 36, 38, 39, 37, 38, 40, 41, 39, 40, 42, 43, 41, 42, 44, 45, 43, 44, 46, 47, 45, 46, 48, 49, 47, 48, 50, 51, 49, 50, 52, 53, 51, 52, 54, 55, 53, 54, 56, 57, 55, 56, 58, 59, 57, 58, 60, 61, 59, 60, 62, 63, 61, 62, 64, 65, 63, 64, 66, 67, 65, 66, 68, 69, 67, 68, 70, 71, 69, 70, 72, 73, 71, 72, 74, 75, 73, 74, 76, 77, 75, 76, 78, 79, 77, 78, 80, 81, 79, 80, 82, 83, 81, 82, 84, 85, 83, 84, 86, 87, 85, 86, 88, 89, 87, 88, 90, 91, 89, 90, 92, 93, 91, 92, 94, 95, 93, 94, 96, 97, 95, 96, 98, 99, 97, 98, 100, 101, 99, 100, 102, 103, 101, 102, 104, 105, 103, 104, 106, 107, 105, 106, 108, 109, 107, 108, 110, 111, 109, 110, 112, 113, 111]
                    rel material:binding = </Island/Hydrology/Rivers/Water/WaterMaterial>
                    point3f[] points = [(-210.67157, 123.47061, 369.72058), (-205.01471, 121.40209, 375.37744), (-218.5147, 120.20213, 377.56372), (-212.85785, 119.608955, 383.22058), (-226.35783, 116.973915, 385.40686), (-220.70099, 118.00085, 391.06372), (-234.20097, 114.03004, 393.25), (-228.54413, 116.05473, 398.90686), (-242.04411, 111.29715, 401.09314), (-236.38725, 113.205574, 406.75), (-249.88725, 108.02391, 408.93628), (-244.2304, 110.1581, 414.59314), (-257.73038, 105.271904, 416.77942), (-252.07353, 107.20637, 422.43628), (-265.57352, 102.35782, 424.62256), (-259.91666, 104.50465, 430.27942), (-273.41666, 100.04955, 432.4657), (-267.7598, 101.87439, 438.12256), (-281.2598, 97.38682, 440.30884), (-275.60294, 99.571754, 445.96567), (-288.06335, 94.30642, 447.40268), (-284.48566, 96.97982, 454.5581), (-295.9065, 94.61878, 447.40268), (-292.3288, 93.19343, 454.5581), (-304.7892, 91.93874, 455.99512), (-299.13235, 91.32417, 461.65195), (-312.63235, 89.45808, 463.83823), (-306.9755, 89.442566, 469.4951), (-320.4755, 86.95564, 471.68137), (-314.81863, 87.16398, 477.33823), (-328.31863, 83.55406, 479.5245), (-322.66177, 84.44763, 485.18137), (-336.16177, 79.14083, 487.36765), (-330.5049, 81.4714, 493.0245), (-342.96533, 75.81155, 494.46152), (-339.3876, 78.22017, 501.6169), (-350.80847, 76.3292, 494.46152), (-347.23074, 73.602135, 501.6169), (-359.69116, 71.841446, 503.05392), (-354.03433, 70.97728, 508.7108), (-367.5343, 67.63014, 510.89706), (-361.87744, 68.05375, 516.5539), (-375.37744, 63.804592, 518.7402), (-369.72058, 65.28155, 524.39703), (-383.22058, 60.4148, 526.5833), (-377.56372, 62.446747, 532.2402), (-390.02414, 57.1435, 533.6772), (-386.44644, 59.447872, 540.8326), (-397.86728, 56.953598, 533.6772), (-394.28958, 55.210865, 540.8326), (-406.75, 52.93858, 542.2696), (-401.09314, 53.251987, 547.92645), (-414.59314, 49.119705, 550.11273), (-408.93628, 51.0832, 555.7696), (-422.43628, 46.358646, 557.9559), (-416.77942, 48.617306, 563.61273), (-430.27942, 43.33176, 565.799), (-424.62256, 46.541843, 571.4559), (-438.12256, 41.187717, 573.64215), (-432.4657, 43.623028, 579.299), (-445.96567, 38.187557, 581.4853), (-440.30884, 39.87584, 587.14215), (-453.8088, 35.657562, 589.3284), (-448.15198, 36.617935, 594.9853), (-461.65195, 33.036568, 597.1716), (-455.99512, 33.638565, 602.8284), (-469.4951, 31.096237, 605.0147), (-463.83823, 29.62566, 610.6716), (-478.08752, 29.276012, 613.8974), (-470.9321, 26.722221, 617.47516), (-478.08752, 24.707642, 621.74054), (-470.9321, 27.304583, 625.31824), (-485.18137, 23.347172, 628.5441), (-479.5245, 23.325497, 634.201), (-493.0245, 21.61836, 636.38727), (-487.36765, 20.382816, 642.0441), (-500.86765, 19.44908, 644.2304), (-495.2108, 17.863342, 649.88727), (-508.7108, 17.444607, 652.07355), (-503.05392, 15.181973, 657.7304), (-517.3032, 14.876446, 660.95624), (-510.1478, 12.7666025, 664.53394), (-517.3032, 11.566953, 668.7994), (-510.1478, 13.496334, 672.3771), (-524.39703, 9.722902, 675.60297), (-518.7402, 11.242364, 681.2598), (-532.2402, 8.403462, 683.4461), (-526.5833, 8.994166, 689.10297), (-540.0833, 7.279255, 691.28925), (-534.42645, 7.179804, 696.94604), (-547.92645, 5.9645624, 699.1324), (-542.2696, 5.3604026, 704.7892), (-555.7696, 4.924862, 706.9755), (-550.11273, 3.6168358, 712.6323), (-563.61273, 3.7649715, 714.8186), (-557.9559, 2.7591069, 720.47546), (-572.20514, 2.812871, 723.70135), (-565.04974, 1.9426128, 727.27905), (-572.20514, 1.5737696, 731.5445), (-565.04974, 2.0000143, 735.1222), (-579.299, 1.1746303, 738.348), (-573.64215, 1.2170553, 744.0049), (-587.14215, 0.82214016, 746.19116), (-581.4853, 0.69573027, 751.848), (-594.9853, 0.5413506, 754.0343), (-589.3284, 0.46536618, 759.69116), (-603.5777, 0.39187095, 762.91705), (-596.4223, 0.35847703, 766.49475), (-602.8284, 0.34120876, 769.7206), (-597.1716, 0.35525918, 775.37744), (-609.632, 0.34596166, 768.9713), (-606.05426, 0.3357064, 776.1267), (-618.5147, 0.3265522, 777.5637), (-612.85785, 0.31558797, 783.2206)]
                    texCoord2f[] primvars:st = [(0, 0), (1, 0), (0, 0.018602906), (1, 0.018602906), (0, 0.037332978), (1, 0.037332978), (0, 0.055930637), (1, 0.055930637), (0, 0.074616686), (1, 0.074616686), (0, 0.093564734), (1, 0.093564734), (0, 0.112312734), (1, 0.112312734), (0, 0.13111193), (1, 0.13111193), (0, 0.14969483), (1, 0.14969483), (0, 0.16838625), (1, 0.16838625), (0, 0.18690927), (1, 0.18690927), (0, 0.2004546), (1, 0.2004546), (0, 0.2189973), (1, 0.2189973), (0, 0.23767191), (1, 0.23767191), (0, 0.25618303), (1, 0.25618303), (0, 0.2750466), (1, 0.2750466), (0, 0.29394636), (1, 0.29394636), (0, 0.31290302), (1, 0.31290302), (0, 0.32633835), (1, 0.32633835), (0, 0.34537932), (1, 0.34537932), (0, 0.3645856), (1, 0.3645856), (0, 0.3835952), (1, 0.3835952), (0, 0.40243343), (1, 0.40243343), (0, 0.4211667), (1, 0.4211667), (0, 0.43464816), (1, 0.43464816), (0, 0.45370692), (1, 0.45370692), (0, 0.4723818), (1, 0.4723818), (0, 0.49104515), (1, 0.49104515), (0, 0.50961846), (1, 0.50961846), (0, 0.5282226), (1, 0.5282226), (0, 0.54736686), (1, 0.54736686), (0, 0.566445), (1, 0.566445), (0, 0.58514905), (1, 0.58514905), (0, 0.60396326), (1, 0.60396326), (0, 0.6225018), (1, 0.6225018), (0, 0.6356489), (1, 0.6356489), (0, 0.65457505), (1, 0.65457505), (0, 0.67322606), (1, 0.67322606), (0, 0.69176203), (1, 0.69176203), (0, 0.7103115), (1, 0.7103115), (0, 0.72876424), (1, 0.72876424), (0, 0.7420049), (1, 0.7420049), (0, 0.7604772), (1, 0.7604772), (0, 0.7789678), (1, 0.7789678), (0, 0.7972663), (1, 0.7972663), (0, 0.8156194), (1, 0.8156194), (0, 0.8338945), (1, 0.8338945), (0, 0.85215193), (1, 0.85215193), (0, 0.8703734), (1, 0.8703734), (0, 0.88328725), (1, 0.88328725), (0, 0.901504), (1, 0.901504), (0, 0.9197025), (1, 0.9197025), (0, 0.9378943), (1, 0.9378943), (0, 0.9560849), (1, 0.9560849), (0, 0.96894735), (1, 0.96894735), (0, 0.9818098), (1, 0.9818098), (0, 1), (1, 1)] (
                        interpolation = "vertex"
                    )
                    uniform token subdivisionScheme = "none"
                }

                def Mesh "River_18" (
                    prepend apiSchemas = ["MaterialBindingAPI"]
                )
                {
                    float3[] extent = [(741.17645, 0.29938963, 368.549), (890.1961, 12.462233, 454.98038)]
                    int[] faceVertexCounts = [4, 4, 4, 4, 4, 4, 4, 4, 4, 4, 4, 4, 4, 4, 4, 4, 4, 4, 4]
                    int[] faceVertexIndices = [0, 2, 3, 1, 2, 4, 5, 3, 4, 6, 7, 5, 6, 8, 9, 7, 8, 10, 11, 9, 10, 12, 13, 11, 12, 14, 15, 13, 14, 16, 17, 15, 16, 18, 19, 17, 18, 20, 21, 19, 20, 22, 23, 21, 22, 24, 25, 23, 24, 26, 27, 25, 26, 28, 29, 27, 28, 30, 31, 29, 30, 32, 33, 31, 32, 34, 35, 33, 34, 36, 37, 35, 36, 38, 39, 37]
                    rel material:binding = </Island/Hydrology/Rivers/Water/WaterMaterial>
                    point3f[] points = [(741.17645, 12.138561, 376.549), (741.17645, 11.792429, 368.549), (747.2308, 10.398569, 376.12674), (750.8085, 12.462233, 368.9713), (754.0343, 9.291506, 383.22058), (759.69116, 9.139634, 377.56372), (762.91705, 8.5509, 391.813), (766.49475, 7.4290175, 384.6576), (770.7602, 6.440911, 391.813), (774.3379, 8.404682, 384.6576), (777.5637, 6.008477, 398.90686), (783.2206, 6.0051017, 393.25), (786.4464, 5.5471935, 407.49927), (790.0242, 4.2012835, 400.34387), (794.28955, 3.574553, 407.49927), (797.8673, 5.100645, 400.34387), (801.09314, 3.563865, 414.59314), (806.75, 2.7577844, 408.93628), (809.9758, 3.1685073, 423.18555), (813.5536, 1.7711831, 416.03012), (817.819, 1.8794876, 423.18555), (821.39667, 2.2343712, 416.03012), (825.6621, 1.8556721, 431.0287), (829.2398, 1.0764927, 423.87326), (833.50525, 0.68274236, 431.0287), (837.08295, 1.3217336, 423.87326), (840.30884, 0.7958257, 438.12256), (845.9657, 0.58857256, 432.4657), (849.1915, 0.7231686, 446.71497), (852.7692, 0.37275794, 439.55954), (857.03467, 0.38323393, 446.71497), (860.61237, 0.39899448, 439.55954), (864.8778, 0.34944916, 454.5581), (868.4555, 0.31847617, 447.40268), (874.5098, 0.32012695, 454.98038), (874.5098, 0.3229638, 446.98038), (882.35297, 0.31217843, 454.98038), (882.35297, 0.31713533, 446.98038), (890.1961, 0.29938963, 454.98038), (890.1961, 0.30427405, 446.98038)]
                    texCoord2f[] primvars:st = [(0, 0), (1, 0), (0, 0.043558966), (1, 0.043558966), (0, 0.105413646), (1, 0.105413646), (0, 0.1668115), (1, 0.1668115), (0, 0.2099967), (1, 0.2099967), (0, 0.2715066), (1, 0.2715066), (0, 0.33249417), (1, 0.33249417), (0, 0.37577814), (1, 0.37577814), (0, 0.4369003), (1, 0.4369003), (0, 0.49783713), (1, 0.49783713), (0, 0.5410657), (1, 0.5410657), (0, 0.60198283), (1, 0.60198283), (0, 0.6450695), (1, 0.6450695), (0, 0.70598817), (1, 0.70598817), (0, 0.7668789), (1, 0.7668789), (0, 0.80994064), (1, 0.80994064), (0, 0.87083125), (1, 0.87083125), (0, 0.91388744), (1, 0.91388744), (0, 0.9569437), (1, 0.9569437), (0, 1), (1, 1)] (
                        interpolation = "vertex"
                    )
                    uniform token subdivisionScheme = "none"
                }

                def Mesh "River_19" (
                    prepend apiSchemas = ["MaterialBindingAPI"]
                )
                {
                    float3[] extent = [(-853.80884, 0.3131754, 354.03433), (-605.0147, 42.864677, 516.5539)]
                    int[] faceVertexCounts = [4, 4, 4, 4, 4, 4, 4, 4, 4, 4, 4, 4, 4, 4, 4, 4, 4, 4, 4, 4, 4, 4, 4, 4, 4, 4, 4, 4, 4, 4, 4]
                    int[] faceVertexIndices = [0, 2, 3, 1, 2, 4, 5, 3, 4, 6, 7, 5, 6, 8, 9, 7, 8, 10, 11, 9, 10, 12, 13, 11, 12, 14, 15, 13, 14, 16, 17, 15, 16, 18, 19, 17, 18, 20, 21, 19, 20, 22, 23, 21, 22, 24, 25, 23, 24, 26, 27, 25, 26, 28, 29, 27, 28, 30, 31, 29, 30, 32, 33, 31, 32, 34, 35, 33, 34, 36, 37, 35, 36, 38, 39, 37, 38, 40, 41, 39, 40, 42, 43, 41, 42, 44, 45, 43, 44, 46, 47, 45, 46, 48, 49, 47, 48, 50, 51, 49, 50, 52, 53, 51, 52, 54, 55, 53, 54, 56, 57, 55, 56, 58, 59, 57, 58, 60, 61, 59, 60, 62, 63, 61]
                    rel material:binding = </Island/Hydrology/Rivers/Water/WaterMaterial>
                    point3f[] points = [(-610.6716, 42.6433, 354.03433), (-605.0147, 42.864677, 359.69116), (-618.5147, 38.426243, 361.87744), (-612.85785, 41.52395, 367.5343), (-625.31824, 35.74956, 368.9713), (-621.74054, 38.735245, 376.12674), (-633.1614, 35.232006, 368.9713), (-629.5837, 34.896885, 376.12674), (-642.0441, 31.405844, 377.56372), (-636.38727, 33.408066, 383.22058), (-648.84766, 28.268204, 384.6576), (-645.26996, 30.9763, 391.813), (-656.6908, 28.590305, 384.6576), (-653.1131, 27.319056, 391.813), (-665.57355, 24.429356, 393.25), (-659.9167, 25.60217, 398.90686), (-672.3771, 21.688335, 400.34387), (-668.7994, 23.990221, 407.49927), (-680.2202, 21.90931, 400.34387), (-676.6425, 20.515417, 407.49927), (-688.06335, 18.38851, 408.187), (-684.48566, 19.447523, 415.3424), (-695.9065, 19.049456, 408.187), (-692.3288, 16.10832, 415.3424), (-704.7892, 15.250898, 416.77942), (-699.1324, 15.685616, 422.43628), (-711.5928, 12.609104, 423.87326), (-708.0151, 15.474268, 431.0287), (-719.4359, 13.199276, 423.87326), (-715.8582, 11.851558, 431.0287), (-727.27905, 10.227213, 431.7164), (-723.70135, 11.287837, 438.87183), (-735.1222, 11.005496, 431.7164), (-731.5445, 8.700298, 438.87183), (-744.0049, 8.062162, 440.30884), (-738.348, 8.121984, 445.96567), (-750.8085, 5.714849, 447.40268), (-747.2308, 7.594796, 454.5581), (-758.6516, 6.795434, 447.40268), (-755.0739, 5.104688, 454.5581), (-767.5343, 4.1242785, 455.99512), (-761.87744, 4.8267365, 461.65195), (-774.3379, 2.4420898, 463.08896), (-770.7602, 4.5259485, 470.2444), (-782.181, 3.5094423, 463.08896), (-778.60333, 2.3631794, 470.2444), (-791.0637, 1.5563581, 471.68137), (-785.40686, 2.5078034, 477.33823), (-797.8673, 0.92382926, 478.77524), (-794.28955, 1.9905572, 485.93066), (-805.71045, 1.3590662, 478.77524), (-802.1327, 0.9408008, 485.93066), (-814.59314, 0.5828046, 487.36765), (-808.9363, 0.8631201, 493.0245), (-821.39667, 0.364274, 494.46152), (-817.819, 0.67609566, 501.6169), (-829.2398, 0.4522548, 494.46152), (-825.6621, 0.3768672, 501.6169), (-837.08295, 0.33438933, 502.30466), (-833.50525, 0.34206334, 509.46005), (-844.9261, 0.33205563, 502.30466), (-841.3484, 0.32113177, 509.46005), (-853.80884, 0.3131754, 510.89706), (-848.152, 0.31728923, 516.5539)]
                    texCoord2f[] primvars:st = [(0, 0), (1, 0), (0, 0.036327943), (1, 0.036327943), (0, 0.07253103), (1, 0.07253103), (0, 0.099542536), (1, 0.099542536), (0, 0.13594213), (1, 0.13594213), (0, 0.17211524), (1, 0.17211524), (0, 0.1985411), (1, 0.1985411), (0, 0.2350058), (1, 0.2350058), (0, 0.2710492), (1, 0.2710492), (0, 0.29698622), (1, 0.29698622), (0, 0.3332649), (1, 0.3332649), (0, 0.3584709), (1, 0.3584709), (0, 0.39503118), (1, 0.39503118), (0, 0.43075195), (1, 0.43075195), (0, 0.45632958), (1, 0.45632958), (0, 0.49250102), (1, 0.49250102), (0, 0.51768744), (1, 0.51768744), (0, 0.5536675), (1, 0.5536675), (0, 0.5895331), (1, 0.5895331), (0, 0.61474013), (1, 0.61474013), (0, 0.6505994), (1, 0.6505994), (0, 0.6861185), (1, 0.6861185), (0, 0.7114642), (1, 0.7114642), (0, 0.7470305), (1, 0.7470305), (0, 0.78255844), (1, 0.78255844), (0, 0.8077047), (1, 0.8077047), (0, 0.84323025), (1, 0.84323025), (0, 0.8787445), (1, 0.8787445), (0, 0.9038592), (1, 0.9038592), (0, 0.9393735), (1, 0.9393735), (0, 0.9644858), (1, 0.9644858), (0, 1), (1, 1)] (
                        interpolation = "vertex"
                    )
                    uniform token subdivisionScheme = "none"
                }

                def Mesh "River_20" (
                    prepend apiSchemas = ["MaterialBindingAPI"]
                )
                {
                    float3[] extent = [(314.81863, 0.31167716, 354.03433), (698.1177, 108.73448, 709.8039)]
                    int[] faceVertexCounts = [4, 4, 4, 4, 4, 4, 4, 4, 4, 4, 4, 4, 4, 4, 4, 4, 4, 4, 4, 4, 4, 4, 4, 4, 4, 4, 4, 4, 4, 4, 4, 4, 4, 4, 4, 4, 4, 4, 4, 4, 4, 4, 4, 4, 4, 4, 4, 4, 4]
                    int[] faceVertexIndices = [0, 2, 3, 1, 2, 4, 5, 3, 4, 6, 7, 5, 6, 8, 9, 7, 8, 10, 11, 9, 10, 12, 13, 11, 12, 14, 15, 13, 14, 16, 17, 15, 16, 18, 19, 17, 18, 20, 21, 19, 20, 22, 23, 21, 22, 24, 25, 23, 24, 26, 27, 25, 26, 28, 29, 27, 28, 30, 31, 29, 30, 32, 33, 31, 32, 34, 35, 33, 34, 36, 37, 35, 36, 38, 39, 37, 38, 40, 41, 39, 40, 42, 43, 41, 42, 44, 45, 43, 44, 46, 47, 45, 46, 48, 49, 47, 48, 50, 51, 49, 50, 52, 53, 51, 52, 54, 55, 53, 54, 56, 57, 55, 56, 58, 59, 57, 58, 60, 61, 59, 60, 62, 63, 61, 62, 64, 65, 63, 64, 66, 67, 65, 66, 68, 69, 67, 68, 70, 71, 69, 70, 72, 73, 71, 72, 74, 75, 73, 74, 76, 77, 75, 76, 78, 79, 77, 78, 80, 81, 79, 80, 82, 83, 81, 82, 84, 85, 83, 84, 86, 87, 85, 86, 88, 89, 87, 88, 90, 91, 89, 90, 92, 93, 91, 92, 94, 95, 93, 94, 96, 97, 95, 96, 98, 99, 97]
                    rel material:binding = </Island/Hydrology/Rivers/Water/WaterMaterial>
                    point3f[] points = [(314.81863, 108.73448, 359.69116), (320.4755, 106.70074, 354.03433), (322.66177, 105.953514, 367.5343), (328.31863, 103.88899, 361.87744), (330.5049, 103.55624, 375.37744), (336.16177, 101.721436, 369.72058), (338.34805, 101.18357, 383.22058), (344.00488, 99.28026, 377.56372), (347.23074, 98.30328, 391.813), (350.80847, 96.22843, 384.6576), (355.07388, 94.5176, 391.813), (358.6516, 96.18217, 384.6576), (361.87744, 92.42608, 398.90686), (367.5343, 92.99456, 393.25), (369.72058, 90.235306, 406.75), (375.37744, 88.34712, 401.09314), (378.6033, 88.07007, 415.3424), (382.181, 85.10012, 408.187), (386.44644, 83.649704, 415.3424), (390.02414, 84.33513, 408.187), (393.25, 82.0451, 422.43628), (398.90686, 80.60812, 416.77942), (401.09314, 79.3003, 430.27942), (406.75, 77.38759, 424.62256), (408.93628, 76.35733, 438.12256), (414.59314, 74.55584, 432.4657), (416.77942, 73.51621, 445.96567), (422.43628, 71.56597, 440.30884), (424.62256, 70.89092, 453.8088), (430.27942, 69.142876, 448.15198), (432.4657, 68.35297, 461.65195), (438.12256, 66.39079, 455.99512), (440.30884, 65.56075, 469.4951), (445.96567, 63.639713, 463.83823), (449.19153, 62.15525, 478.08752), (452.76926, 60.154053, 470.9321), (457.03467, 57.737823, 478.08752), (460.6124, 59.995815, 470.9321), (463.83823, 55.74189, 485.18137), (469.4951, 56.153088, 479.5245), (471.68137, 52.5953, 493.0245), (477.33823, 52.768642, 487.36765), (479.5245, 49.448433, 500.86765), (485.18137, 49.435925, 495.2108), (487.36765, 45.9465, 508.7108), (493.0245, 45.877625, 503.05392), (495.2108, 42.413124, 516.5539), (500.86765, 42.35345, 510.89706), (503.05392, 38.781525, 524.39703), (508.7108, 38.753353, 518.7402), (510.89706, 35.309437, 532.2402), (516.5539, 35.287888, 526.5833), (518.7402, 31.874876, 540.0833), (524.39703, 31.891445, 534.42645), (526.5833, 28.768585, 547.92645), (532.2402, 28.761497, 542.2696), (534.42645, 25.853708, 555.7696), (540.0833, 25.804802, 550.11273), (542.2696, 23.216595, 563.61273), (547.92645, 23.180534, 557.9559), (550.11273, 20.769945, 571.4559), (555.7696, 20.733267, 565.799), (557.9559, 18.453646, 579.299), (563.61273, 18.427645, 573.64215), (565.799, 16.313316, 587.14215), (571.4559, 16.279858, 581.4853), (573.64215, 14.220973, 594.9853), (579.299, 14.183041, 589.3284), (581.4853, 12.378095, 602.8284), (587.14215, 12.331127, 597.1716), (589.3284, 10.540706, 610.6716), (594.9853, 10.456483, 605.0147), (597.1716, 9.096197, 618.5147), (602.8284, 8.609215, 612.85785), (605.0147, 7.5383096, 626.35785), (610.6716, 5.834796, 620.701), (613.8974, 6.611143, 634.95026), (617.47516, 4.1011586, 627.79486), (621.74054, 3.0491905, 634.95026), (625.31824, 6.0450554, 627.79486), (628.5441, 2.9372509, 642.0441), (634.201, 4.7987165, 636.38727), (636.38727, 2.420617, 649.88727), (642.0441, 3.6225216, 644.2304), (644.2304, 1.6651839, 657.7304), (649.88727, 2.6086338, 652.07355), (652.07355, 1.3428146, 665.57355), (657.7304, 1.7738388, 659.9167), (659.9167, 0.8489544, 673.4167), (665.57355, 1.1814277, 667.7598), (667.7598, 0.6616097, 681.2598), (673.4167, 0.7137365, 675.60297), (675.60297, 0.44071624, 689.10297), (681.2598, 0.49665436, 683.4461), (683.4461, 0.3789611, 696.94604), (689.10297, 0.3745793, 691.28925), (690.5399, 0.3513165, 703.74963), (697.6954, 0.35233495, 700.17194), (690.1177, 0.34278, 709.8039), (698.1177, 0.31167716, 709.8039)]
                    texCoord2f[] primvars:st = [(0, 0), (1, 0), (0, 0.021248903), (1, 0.021248903), (0, 0.042154934), (1, 0.042154934), (0, 0.06321701), (1, 0.06321701), (0, 0.08419512), (1, 0.08419512), (0, 0.09943851), (1, 0.09943851), (0, 0.12052978), (1, 0.12052978), (0, 0.14193471), (1, 0.14193471), (0, 0.16287205), (1, 0.16287205), (0, 0.17836526), (1, 0.17836526), (0, 0.19955269), (1, 0.19955269), (0, 0.2208021), (1, 0.2208021), (0, 0.24193491), (1, 0.24193491), (0, 0.26319763), (1, 0.26319763), (0, 0.2842016), (1, 0.2842016), (0, 0.3053333), (1, 0.3053333), (0, 0.32643583), (1, 0.32643583), (0, 0.34778616), (1, 0.34778616), (0, 0.36291713), (1, 0.36291713), (0, 0.3844584), (1, 0.3844584), (0, 0.40573686), (1, 0.40573686), (0, 0.42723706), (1, 0.42723706), (0, 0.44862595), (1, 0.44862595), (0, 0.4702943), (1, 0.4702943), (0, 0.4917413), (1, 0.4917413), (0, 0.5133827), (1, 0.5133827), (0, 0.53472733), (1, 0.53472733), (0, 0.5561809), (1, 0.5561809), (0, 0.57729876), (1, 0.57729876), (0, 0.5985071), (1, 0.5985071), (0, 0.6194341), (1, 0.6194341), (0, 0.6404936), (1, 0.6404936), (0, 0.66131824), (1, 0.66131824), (0, 0.6822891), (1, 0.6822891), (0, 0.7030311), (1, 0.7030311), (0, 0.72391236), (1, 0.72391236), (0, 0.744589), (1, 0.744589), (0, 0.7654427), (1, 0.7654427), (0, 0.78606784), (1, 0.78606784), (0, 0.8005918), (1, 0.8005918), (0, 0.8212044), (1, 0.8212044), (0, 0.84176373), (1, 0.84176373), (0, 0.8623459), (1, 0.8623459), (0, 0.88287735), (1, 0.88287735), (0, 0.9034119), (1, 0.9034119), (0, 0.9239332), (1, 0.9239332), (0, 0.9444531), (1, 0.9444531), (0, 0.9649721), (1, 0.9649721), (0, 0.9854909), (1, 0.9854909), (0, 1), (1, 1)] (
                        interpolation = "vertex"
                    )
                    uniform token subdivisionScheme = "none"
                }

                def Mesh "River_21" (
                    prepend apiSchemas = ["MaterialBindingAPI"]
                )
                {
                    float3[] extent = [(490.19608, 0.30692443, 337.17648), (830.2794, 65.75695, 555.7696)]
                    int[] faceVertexCounts = [4, 4, 4, 4, 4, 4, 4, 4, 4, 4, 4, 4, 4, 4, 4, 4, 4, 4, 4, 4, 4, 4, 4, 4, 4, 4, 4, 4, 4, 4, 4, 4, 4, 4, 4, 4, 4, 4, 4, 4, 4, 4, 4, 4, 4]
                    int[] faceVertexIndices = [0, 2, 3, 1, 2, 4, 5, 3, 4, 6, 7, 5, 6, 8, 9, 7, 8, 10, 11, 9, 10, 12, 13, 11, 12, 14, 15, 13, 14, 16, 17, 15, 16, 18, 19, 17, 18, 20, 21, 19, 20, 22, 23, 21, 22, 24, 25, 23, 24, 26, 27, 25, 26, 28, 29, 27, 28, 30, 31, 29, 30, 32, 33, 31, 32, 34, 35, 33, 34, 36, 37, 35, 36, 38, 39, 37, 38, 40, 41, 39, 40, 42, 43, 41, 42, 44, 45, 43, 44, 46, 47, 45, 46, 48, 49, 47, 48, 50, 51, 49, 50, 52, 53, 51, 52, 54, 55, 53, 54, 56, 57, 55, 56, 58, 59, 57, 58, 60, 61, 59, 60, 62, 63, 61, 62, 64, 65, 63, 64, 66, 67, 65, 66, 68, 69, 67, 68, 70, 71, 69, 70, 72, 73, 71, 72, 74, 75, 73, 74, 76, 77, 75, 76, 78, 79, 77, 78, 80, 81, 79, 80, 82, 83, 81, 82, 84, 85, 83, 84, 86, 87, 85, 86, 88, 89, 87, 88, 90, 91, 89]
                    rel material:binding = </Island/Hydrology/Rivers/Water/WaterMaterial>
                    point3f[] points = [(490.19608, 65.75695, 345.17648), (490.19608, 65.755745, 337.17648), (496.25037, 63.726376, 344.75418), (499.82806, 64.678604, 337.59875), (503.05392, 61.668793, 351.84802), (508.7108, 61.91784, 346.1912), (510.89706, 59.401386, 359.69116), (516.5539, 59.860577, 354.03433), (517.9909, 57.007744, 366.49475), (525.14636, 57.78076, 362.91702), (517.9909, 55.230747, 374.33786), (525.14636, 55.145405, 370.76016), (525.83405, 51.0715, 382.181), (532.9895, 53.212685, 378.6033), (525.83405, 50.867214, 390.02414), (532.9895, 49.68795, 386.44644), (534.42645, 48.133812, 398.90686), (540.0833, 47.8796, 393.25), (542.2696, 45.921124, 406.75), (547.92645, 44.611706, 401.09314), (550.11273, 44.159836, 414.59314), (555.7696, 40.98871, 408.93628), (558.9955, 40.097538, 423.18555), (562.5732, 38.10798, 416.03012), (566.8386, 35.7241, 423.18555), (570.4163, 38.238277, 416.03012), (574.68176, 33.63879, 431.0287), (578.25946, 34.191307, 423.87326), (582.52484, 31.572247, 431.0287), (586.1026, 34.871536, 423.87326), (590.368, 32.188213, 438.87183), (593.94574, 29.893007, 431.7164), (600, 29.65462, 439.29413), (600, 29.945545, 431.29413), (606.05426, 27.435778, 438.87183), (609.632, 29.13407, 431.7164), (613.8974, 27.864754, 446.71497), (617.47516, 24.716066, 439.55954), (623.5294, 23.848127, 447.13727), (623.5294, 24.352594, 439.13727), (629.5837, 21.41737, 446.71497), (633.1614, 24.165884, 439.55954), (637.4268, 21.561207, 454.5581), (641.0045, 19.611372, 447.40268), (645.26996, 19.353254, 454.5581), (648.84766, 19.716206, 447.40268), (653.1131, 19.318296, 462.40125), (656.6908, 15.981841, 455.24582), (660.95624, 15.392957, 462.40125), (664.53394, 15.538802, 455.24582), (668.7994, 15.959779, 470.2444), (672.3771, 12.726816, 463.08896), (678.4314, 13.001207, 470.66666), (678.4314, 12.813848, 462.66666), (684.48566, 10.869132, 470.2444), (688.06335, 13.12842, 463.08896), (692.3288, 10.777529, 478.08752), (695.9065, 9.709595, 470.9321), (700.17194, 7.696644, 478.08752), (703.74963, 10.796221, 470.9321), (706.9755, 7.961348, 485.18137), (712.6323, 7.4926796, 479.5245), (715.8582, 8.415534, 493.77377), (719.4359, 5.20957, 486.61838), (723.70135, 5.1124706, 493.77377), (727.27905, 5.651164, 486.61838), (731.5445, 5.501737, 501.6169), (735.1222, 3.4790115, 494.46152), (739.38763, 3.550925, 501.6169), (742.96533, 4.5167685, 494.46152), (747.2308, 3.5964658, 509.46005), (750.8085, 2.5717719, 502.30466), (755.0739, 1.6160725, 509.46005), (758.6516, 3.3106477, 502.30466), (761.87744, 1.7439767, 516.5539), (767.5343, 1.6753716, 510.89706), (770.7602, 1.8609675, 525.14636), (774.3379, 0.83071053, 517.9909), (778.60333, 0.7580893, 525.14636), (782.181, 0.99434674, 517.9909), (786.4464, 0.76556295, 532.9895), (790.0242, 0.44417733, 525.83405), (794.28955, 0.42138258, 532.9895), (797.8673, 0.55573624, 525.83405), (802.1327, 0.40746862, 540.8326), (805.71045, 0.34965837, 533.6772), (809.9758, 0.3293784, 540.8326), (813.5536, 0.33840737, 533.6772), (816.7794, 0.32837415, 547.92645), (822.4363, 0.32502478, 542.2696), (824.62256, 0.31492016, 555.7696), (830.2794, 0.30692443, 550.11273)]
                    texCoord2f[] primvars:st = [(0, 0), (1, 0), (0, 0.018283483), (1, 0.018283483), (0, 0.04393169), (1, 0.04393169), (0, 0.06951001), (1, 0.06951001), (0, 0.095093966), (1, 0.095093966), (0, 0.11364157), (1, 0.11364157), (0, 0.139734), (1, 0.139734), (0, 0.15852593), (1, 0.15852593), (0, 0.18415305), (1, 0.18415305), (0, 0.20997928), (1, 0.20997928), (0, 0.23567252), (1, 0.23567252), (0, 0.2617369), (1, 0.2617369), (0, 0.2805031), (1, 0.2805031), (0, 0.30657116), (1, 0.30657116), (0, 0.32434282), (1, 0.32434282), (0, 0.35014832), (1, 0.35014832), (0, 0.36857352), (1, 0.36857352), (0, 0.38653505), (1, 0.38653505), (0, 0.41193345), (1, 0.41193345), (0, 0.4303992), (1, 0.4303992), (0, 0.44828606), (1, 0.44828606), (0, 0.4741033), (1, 0.4741033), (0, 0.4922194), (1, 0.4922194), (0, 0.5174858), (1, 0.5174858), (0, 0.5359798), (1, 0.5359798), (0, 0.56115246), (1, 0.56115246), (0, 0.5796707), (1, 0.5796707), (0, 0.5974837), (1, 0.5974837), (0, 0.6229741), (1, 0.6229741), (0, 0.6407524), (1, 0.6407524), (0, 0.66651297), (1, 0.66651297), (0, 0.69164735), (1, 0.69164735), (0, 0.70980775), (1, 0.70980775), (0, 0.735017), (1, 0.735017), (0, 0.752854), (1, 0.752854), (0, 0.7780213), (1, 0.7780213), (0, 0.7957912), (1, 0.7957912), (0, 0.8210282), (1, 0.8210282), (0, 0.8461584), (1, 0.8461584), (0, 0.8639484), (1, 0.8639484), (0, 0.88907933), (1, 0.88907933), (0, 0.90684783), (1, 0.90684783), (0, 0.93197596), (1, 0.93197596), (0, 0.94974416), (1, 0.94974416), (0, 0.97487205), (1, 0.97487205), (0, 1), (1, 1)] (
                        interpolation = "vertex"
                    )
                    uniform token subdivisionScheme = "none"
                }

                def Mesh "River_22" (
                    prepend apiSchemas = ["MaterialBindingAPI"]
                )
                {
                    float3[] extent = [(-764.7059, 0.29725945, 299.13235), (-393.25, 96.89564, 643.2157)]
                    int[] faceVertexCounts = [4, 4, 4, 4, 4, 4, 4, 4, 4, 4, 4, 4, 4, 4, 4, 4, 4, 4, 4, 4, 4, 4, 4, 4, 4, 4, 4, 4, 4, 4, 4, 4, 4, 4, 4, 4, 4, 4, 4, 4, 4, 4, 4, 4, 4, 4, 4, 4]
                    int[] faceVertexIndices = [0, 2, 3, 1, 2, 4, 5, 3, 4, 6, 7, 5, 6, 8, 9, 7, 8, 10, 11, 9, 10, 12, 13, 11, 12, 14, 15, 13, 14, 16, 17, 15, 16, 18, 19, 17, 18, 20, 21, 19, 20, 22, 23, 21, 22, 24, 25, 23, 24, 26, 27, 25, 26, 28, 29, 27, 28, 30, 31, 29, 30, 32, 33, 31, 32, 34, 35, 33, 34, 36, 37, 35, 36, 38, 39, 37, 38, 40, 41, 39, 40, 42, 43, 41, 42, 44, 45, 43, 44, 46, 47, 45, 46, 48, 49, 47, 48, 50, 51, 49, 50, 52, 53, 51, 52, 54, 55, 53, 54, 56, 57, 55, 56, 58, 59, 57, 58, 60, 61, 59, 60, 62, 63, 61, 62, 64, 65, 63, 64, 66, 67, 65, 66, 68, 69, 67, 68, 70, 71, 69, 70, 72, 73, 71, 72, 74, 75, 73, 74, 76, 77, 75, 76, 78, 79, 77, 78, 80, 81, 79, 80, 82, 83, 81, 82, 84, 85, 83, 84, 86, 87, 85, 86, 88, 89, 87, 88, 90, 91, 89, 90, 92, 93, 91, 92, 94, 95, 93, 94, 96, 97, 95]
                    rel material:binding = </Island/Hydrology/Rivers/Water/WaterMaterial>
                    point3f[] points = [(-398.90686, 96.89564, 299.13235), (-393.25, 96.5938, 304.7892), (-406.75, 93.7433, 306.9755), (-401.09314, 93.64565, 312.63235), (-414.59314, 90.54211, 314.81863), (-408.93628, 90.58728, 320.4755), (-422.43628, 87.67092, 322.66177), (-416.77942, 87.70641, 328.31863), (-430.27942, 85.13552, 330.5049), (-424.62256, 85.16416, 336.16177), (-438.12256, 82.78925, 338.34805), (-432.4657, 82.7917, 344.00488), (-445.96567, 80.2961, 346.1912), (-440.30884, 80.273636, 351.84802), (-453.8088, 77.31416, 354.03433), (-448.15198, 77.237175, 359.69116), (-461.65195, 72.48097, 361.87744), (-455.99512, 73.88194, 367.5343), (-469.4951, 68.70236, 369.72058), (-463.83823, 71.37027, 375.37744), (-476.29865, 65.82521, 376.81445), (-472.72095, 68.43228, 383.96988), (-484.14178, 66.379814, 376.81445), (-480.5641, 63.809303, 383.96988), (-493.0245, 60.918533, 385.40686), (-487.36765, 61.888107, 391.06372), (-500.86765, 57.829006, 393.25), (-495.2108, 59.8946, 398.90686), (-508.7108, 55.460793, 401.09314), (-503.05392, 57.559124, 406.75), (-516.5539, 52.77179, 408.93628), (-510.89706, 54.9326, 414.59314), (-524.39703, 50.23474, 416.77942), (-518.7402, 52.261925, 422.43628), (-532.2402, 47.48279, 424.62256), (-526.5833, 49.399498, 430.27942), (-540.0833, 44.762802, 432.4657), (-534.42645, 45.939392, 438.12256), (-547.92645, 42.47885, 440.30884), (-542.2696, 41.713615, 445.96567), (-555.7696, 40.863647, 448.15198), (-550.11273, 38.859985, 453.8088), (-564.362, 38.238174, 457.03467), (-557.2066, 35.614197, 460.6124), (-564.362, 34.57214, 464.8778), (-557.2066, 35.814346, 468.45554), (-571.4559, 32.921333, 471.68137), (-565.799, 33.048866, 477.33823), (-579.299, 30.72237, 479.5245), (-573.64215, 30.51333, 485.18137), (-587.14215, 28.25803, 487.36765), (-581.4853, 27.615665, 493.0245), (-594.9853, 25.900753, 495.2108), (-589.3284, 24.142756, 500.86765), (-602.8284, 23.657555, 503.05392), (-597.1716, 21.098812, 508.7108), (-610.6716, 21.669546, 510.89706), (-605.0147, 19.006489, 516.5539), (-618.5147, 19.743895, 518.7402), (-612.85785, 16.354298, 524.39703), (-626.35785, 16.699408, 526.5833), (-620.701, 14.605375, 532.2402), (-634.201, 13.953989, 534.42645), (-628.5441, 12.172376, 540.0833), (-642.0441, 11.783638, 542.2696), (-636.38727, 10.850336, 547.92645), (-649.88727, 10.079519, 550.11273), (-644.2304, 9.181645, 555.7696), (-657.7304, 8.415852, 557.9559), (-652.07355, 8.322799, 563.61273), (-665.57355, 6.9635577, 565.799), (-659.9167, 6.833899, 571.4559), (-673.4167, 3.6231024, 573.64215), (-667.7598, 5.466501, 579.299), (-680.2202, 2.3296328, 580.736), (-676.6425, 5.314167, 587.8914), (-688.06335, 4.4050093, 580.736), (-684.48566, 2.1928434, 587.8914), (-696.94604, 2.9443834, 589.3284), (-691.28925, 1.9643141, 594.9853), (-704.7892, 1.5806503, 597.1716), (-699.1324, 1.6397551, 602.8284), (-712.6323, 1.0541718, 605.0147), (-706.9755, 1.1001714, 610.6716), (-720.47546, 0.6240622, 612.85785), (-714.8186, 1.0606618, 618.5147), (-728.3186, 0.46774957, 620.701), (-722.66174, 0.718559, 626.35785), (-735.1222, 0.36571994, 627.79486), (-731.5445, 0.4814225, 634.95026), (-742.96533, 0.39954656, 627.79486), (-739.38763, 0.3483691, 634.95026), (-750.8085, 0.3444326, 635.638), (-747.2308, 0.3421149, 642.7934), (-756.86273, 0.34126604, 635.2157), (-756.86273, 0.32249844, 643.2157), (-764.7059, 0.31596804, 635.2157), (-764.7059, 0.29725945, 643.2157)]
                    texCoord2f[] primvars:st = [(0, 0), (1, 0), (0, 0.022096675), (1, 0.022096675), (0, 0.043942172), (1, 0.043942172), (0, 0.06595358), (1, 0.06595358), (0, 0.08755636), (1, 0.08755636), (0, 0.10930561), (1, 0.10930561), (0, 0.13087405), (1, 0.13087405), (0, 0.15290089), (1, 0.15290089), (0, 0.17512375), (1, 0.17512375), (0, 0.19707142), (1, 0.19707142), (0, 0.21889412), (1, 0.21889412), (0, 0.23429197), (1, 0.23429197), (0, 0.25697696), (1, 0.25697696), (0, 0.27867132), (1, 0.27867132), (0, 0.30021942), (1, 0.30021942), (0, 0.32200047), (1, 0.32200047), (0, 0.34370467), (1, 0.34370467), (0, 0.36559692), (1, 0.36559692), (0, 0.3874204), (1, 0.3874204), (0, 0.4097036), (1, 0.4097036), (0, 0.4312849), (1, 0.4312849), (0, 0.45284405), (1, 0.45284405), (0, 0.4685998), (1, 0.4685998), (0, 0.49014565), (1, 0.49014565), (0, 0.51188076), (1, 0.51188076), (0, 0.53352016), (1, 0.53352016), (0, 0.5553361), (1, 0.5553361), (0, 0.57694536), (1, 0.57694536), (0, 0.59853774), (1, 0.59853774), (0, 0.62002385), (1, 0.62002385), (0, 0.64180493), (1, 0.64180493), (0, 0.66350955), (1, 0.66350955), (0, 0.6851058), (1, 0.6851058), (0, 0.70644903), (1, 0.70644903), (0, 0.7278413), (1, 0.7278413), (0, 0.74913377), (1, 0.74913377), (0, 0.7706936), (1, 0.7706936), (0, 0.79186636), (1, 0.79186636), (0, 0.80683345), (1, 0.80683345), (0, 0.8281003), (1, 0.8281003), (0, 0.8493124), (1, 0.8493124), (0, 0.8704817), (1, 0.8704817), (0, 0.89164025), (1, 0.89164025), (0, 0.9127988), (1, 0.9127988), (0, 0.933958), (1, 0.933958), (0, 0.9489193), (1, 0.9489193), (0, 0.9700776), (1, 0.9700776), (0, 0.98503876), (1, 0.98503876), (0, 1), (1, 1)] (
                        interpolation = "vertex"
                    )
                    uniform token subdivisionScheme = "none"
                }

                def Mesh "River_23" (
                    prepend apiSchemas = ["MaterialBindingAPI"]
                )
                {
                    float3[] extent = [(631.37256, 0.45645162, 150.11275), (830.2794, 51.757587, 227.52942)]
                    int[] faceVertexCounts = [4, 4, 4, 4, 4, 4, 4, 4, 4, 4, 4, 4, 4, 4, 4, 4, 4, 4, 4, 4, 4, 4, 4, 4, 4]
                    int[] faceVertexIndices = [0, 2, 3, 1, 2, 4, 5, 3, 4, 6, 7, 5, 6, 8, 9, 7, 8, 10, 11, 9, 10, 12, 13, 11, 12, 14, 15, 13, 14, 16, 17, 15, 16, 18, 19, 17, 18, 20, 21, 19, 20, 22, 23, 21, 22, 24, 25, 23, 24, 26, 27, 25, 26, 28, 29, 27, 28, 30, 31, 29, 30, 32, 33, 31, 32, 34, 35, 33, 34, 36, 37, 35, 36, 38, 39, 37, 38, 40, 41, 39, 40, 42, 43, 41, 42, 44, 45, 43, 44, 46, 47, 45, 46, 48, 49, 47, 48, 50, 51, 49]
                    rel material:binding = </Island/Hydrology/Rivers/Water/WaterMaterial>
                    point3f[] points = [(631.37256, 51.757587, 227.52942), (631.37256, 50.1437, 219.52942), (639.2157, 48.488552, 227.52942), (639.2157, 48.785046, 219.52942), (647.05884, 45.919804, 227.52942), (647.05884, 47.254253, 219.52942), (654.902, 43.75418, 227.52942), (654.902, 45.40412, 219.52942), (662.7451, 41.78313, 227.52942), (662.7451, 43.36222, 219.52942), (670.58826, 39.85326, 227.52942), (670.58826, 41.228394, 219.52942), (678.4314, 37.938572, 227.52942), (678.4314, 39.09874, 219.52942), (686.27454, 36.0216, 227.52942), (686.27454, 36.96472, 219.52942), (694.1177, 34.10605, 227.52942), (694.1177, 34.807926, 219.52942), (701.96075, 32.187366, 227.52942), (701.96075, 32.6276, 219.52942), (709.8039, 30.275234, 227.52942), (709.8039, 30.429293, 219.52942), (717.64703, 28.40787, 227.52942), (717.64703, 28.241879, 219.52942), (725.4902, 26.622068, 227.52942), (725.4902, 26.131048, 219.52942), (735.1222, 24.497492, 227.10712), (731.5445, 24.623306, 219.9517), (742.96533, 21.982996, 219.26398), (739.38763, 22.431932, 212.10857), (749.0196, 20.809692, 219.68628), (749.0196, 20.121284, 211.68628), (758.6516, 18.94727, 219.26398), (755.0739, 18.83961, 212.10857), (767.5343, 16.272963, 210.67157), (761.87744, 16.939745, 205.01471), (774.3379, 14.168984, 203.57771), (770.7602, 14.469716, 196.42229), (782.181, 12.794468, 203.57771), (778.60333, 12.666488, 196.42229), (791.0637, 10.039629, 194.98529), (785.40686, 10.670866, 189.32843), (798.90686, 7.6886044, 187.14215), (793.25, 8.356623, 181.4853), (806.75, 5.358824, 179.29901), (801.09314, 6.002528, 173.64217), (814.59314, 3.2341595, 171.45587), (808.9363, 3.7149765, 165.79903), (822.4363, 1.4208783, 163.61275), (816.7794, 1.7167624, 157.95589), (830.2794, 0.45645162, 155.7696), (824.62256, 0.49048567, 150.11275)]
                    texCoord2f[] primvars:st = [(0, 0), (1, 0), (0, 0.035223726), (1, 0.035223726), (0, 0.07014646), (1, 0.07014646), (0, 0.10504364), (1, 0.10504364), (0, 0.13996087), (1, 0.13996087), (0, 0.17494844), (1, 0.17494844), (0, 0.2099648), (1, 0.2099648), (0, 0.24501881), (1, 0.24501881), (0, 0.28010082), (1, 0.28010082), (0, 0.3152096), (1, 0.3152096), (0, 0.35033503), (1, 0.35033503), (0, 0.3854327), (1, 0.3854327), (0, 0.4204237), (1, 0.4204237), (0, 0.45528275), (1, 0.45528275), (0, 0.504469), (1, 0.504469), (0, 0.53922343), (1, 0.53922343), (0, 0.5738537), (1, 0.5738537), (0, 0.62294364), (1, 0.62294364), (0, 0.67199427), (1, 0.67199427), (0, 0.70672536), (1, 0.70672536), (0, 0.7558159), (1, 0.7558159), (0, 0.8049326), (1, 0.8049326), (0, 0.8539847), (1, 0.8539847), (0, 0.9029988), (1, 0.9029988), (0, 0.9517152), (1, 0.9517152), (0, 1), (1, 1)] (
                        interpolation = "vertex"
                    )
                    uniform token subdivisionScheme = "none"
                }

                def Mesh "River_24" (
                    prepend apiSchemas = ["MaterialBindingAPI"]
                )
                {
                    float3[] extent = [(-952.94116, 0.31673133, 156.78432), (-756.86273, 29.582441, 196.15686)]
                    int[] faceVertexCounts = [4, 4, 4, 4, 4, 4, 4, 4, 4, 4, 4, 4, 4, 4, 4, 4, 4, 4, 4, 4, 4, 4, 4, 4, 4]
                    int[] faceVertexIndices = [0, 2, 3, 1, 2, 4, 5, 3, 4, 6, 7, 5, 6, 8, 9, 7, 8, 10, 11, 9, 10, 12, 13, 11, 12, 14, 15, 13, 14, 16, 17, 15, 16, 18, 19, 17, 18, 20, 21, 19, 20, 22, 23, 21, 22, 24, 25, 23, 24, 26, 27, 25, 26, 28, 29, 27, 28, 30, 31, 29, 30, 32, 33, 31, 32, 34, 35, 33, 34, 36, 37, 35, 36, 38, 39, 37, 38, 40, 41, 39, 40, 42, 43, 41, 42, 44, 45, 43, 44, 46, 47, 45, 46, 48, 49, 47, 48, 50, 51, 49]
                    rel material:binding = </Island/Hydrology/Rivers/Water/WaterMaterial>
                    point3f[] points = [(-756.86273, 29.275015, 156.78432), (-756.86273, 29.582441, 164.78432), (-764.7059, 27.240532, 156.78432), (-764.7059, 26.782845, 164.78432), (-772.549, 25.412704, 156.78432), (-772.549, 24.12059, 164.78432), (-782.181, 23.316187, 157.2066), (-778.60333, 22.377357, 164.36203), (-790.0242, 19.65325, 165.04974), (-786.4464, 21.905504, 172.20515), (-796.0784, 18.44597, 164.62746), (-796.0784, 19.172216, 172.62746), (-803.9216, 17.031004, 164.62746), (-803.9216, 17.194702, 172.62746), (-811.7647, 16.094332, 164.62746), (-811.7647, 15.333587, 172.62746), (-819.60785, 15.130708, 164.62746), (-819.60785, 13.0299425, 172.62746), (-829.2398, 13.569543, 165.04974), (-825.6621, 11.659204, 172.20515), (-837.08295, 9.767099, 172.89288), (-833.50525, 12.1339445, 180.0483), (-843.13727, 9.21257, 172.47058), (-843.13727, 10.175181, 180.47058), (-850.9804, 8.314946, 172.47058), (-850.9804, 8.052326, 180.47058), (-858.82355, 7.377092, 172.47058), (-858.82355, 6.288893, 180.47058), (-866.6667, 6.549747, 172.47058), (-866.6667, 5.167179, 180.47058), (-876.29865, 5.601984, 172.89288), (-872.72095, 4.50519, 180.0483), (-884.1418, 3.4165075, 180.73602), (-880.5641, 4.923812, 187.89143), (-890.1961, 2.9834006, 180.31372), (-890.1961, 3.4929948, 188.31372), (-898.03925, 2.4608161, 180.31372), (-898.03925, 2.650769, 188.31372), (-905.8823, 2.127678, 180.31372), (-905.8823, 1.9668273, 188.31372), (-913.72546, 1.8075773, 180.31372), (-913.72546, 1.3050116, 188.31372), (-923.3575, 1.3489325, 180.73602), (-919.7798, 0.9369422, 187.89143), (-931.2006, 0.591257, 188.57915), (-927.6229, 0.97905844, 195.73457), (-937.2549, 0.51786363, 188.15686), (-937.2549, 0.53469926, 196.15686), (-945.098, 0.42135915, 188.15686), (-945.098, 0.36240387, 196.15686), (-952.94116, 0.35802644, 188.15686), (-952.94116, 0.31673133, 196.15686)]
                    texCoord2f[] primvars:st = [(0, 0), (1, 0), (0, 0.038708128), (1, 0.038708128), (0, 0.07720258), (1, 0.07720258), (0, 0.11528592), (1, 0.11528592), (0, 0.16859934), (1, 0.16859934), (0, 0.2074125), (1, 0.2074125), (0, 0.24552943), (1, 0.24552943), (0, 0.28313327), (1, 0.28313327), (0, 0.32057932), (1, 0.32057932), (0, 0.35804936), (1, 0.35804936), (0, 0.41130278), (1, 0.41130278), (0, 0.44882873), (1, 0.44882873), (0, 0.4863623), (1, 0.4863623), (0, 0.52379686), (1, 0.52379686), (0, 0.561023), (1, 0.561023), (0, 0.5981512), (1, 0.5981512), (0, 0.6506996), (1, 0.6506996), (0, 0.6881623), (1, 0.6881623), (0, 0.7253348), (1, 0.7253348), (0, 0.76241875), (1, 0.76241875), (0, 0.7994737), (1, 0.7994737), (0, 0.83652246), (1, 0.83652246), (0, 0.88891435), (1, 0.88891435), (0, 0.92594993), (1, 0.92594993), (0, 0.9629761), (1, 0.9629761), (0, 1), (1, 1)] (
                        interpolation = "vertex"
                    )
                    uniform token subdivisionScheme = "none"
                }

                def Mesh "River_25" (
                    prepend apiSchemas = ["MaterialBindingAPI"]
                )
                {
                    float3[] extent = [(-853.80884, 0.6345874, 133.2549), (-427.451, 115.578476, 383.22058)]
                    int[] faceVertexCounts = [4, 4, 4, 4, 4, 4, 4, 4, 4, 4, 4, 4, 4, 4, 4, 4, 4, 4, 4, 4, 4, 4, 4, 4, 4, 4, 4, 4, 4, 4, 4, 4, 4, 4, 4, 4, 4, 4, 4, 4, 4, 4, 4, 4, 4, 4, 4, 4, 4, 4, 4, 4, 4, 4]
                    int[] faceVertexIndices = [0, 2, 3, 1, 2, 4, 5, 3, 4, 6, 7, 5, 6, 8, 9, 7, 8, 10, 11, 9, 10, 12, 13, 11, 12, 14, 15, 13, 14, 16, 17, 15, 16, 18, 19, 17, 18, 20, 21, 19, 20, 22, 23, 21, 22, 24, 25, 23, 24, 26, 27, 25, 26, 28, 29, 27, 28, 30, 31, 29, 30, 32, 33, 31, 32, 34, 35, 33, 34, 36, 37, 35, 36, 38, 39, 37, 38, 40, 41, 39, 40, 42, 43, 41, 42, 44, 45, 43, 44, 46, 47, 45, 46, 48, 49, 47, 48, 50, 51, 49, 50, 52, 53, 51, 52, 54, 55, 53, 54, 56, 57, 55, 56, 58, 59, 57, 58, 60, 61, 59, 60, 62, 63, 61, 62, 64, 65, 63, 64, 66, 67, 65, 66, 68, 69, 67, 68, 70, 71, 69, 70, 72, 73, 71, 72, 74, 75, 73, 74, 76, 77, 75, 76, 78, 79, 77, 78, 80, 81, 79, 80, 82, 83, 81, 82, 84, 85, 83, 84, 86, 87, 85, 86, 88, 89, 87, 88, 90, 91, 89, 90, 92, 93, 91, 92, 94, 95, 93, 94, 96, 97, 95, 96, 98, 99, 97, 98, 100, 101, 99, 100, 102, 103, 101, 102, 104, 105, 103, 104, 106, 107, 105, 106, 108, 109, 107]
                    rel material:binding = </Island/Hydrology/Rivers/Water/WaterMaterial>
                    point3f[] points = [(-427.451, 115.0499, 133.2549), (-427.451, 115.578476, 141.2549), (-437.08298, 115.16353, 133.6772), (-433.50525, 113.623215, 140.83261), (-444.92612, 111.3977, 141.52032), (-441.3484, 114.0868, 148.67575), (-450.98038, 110.94731, 141.09804), (-450.98038, 110.18802, 149.09804), (-460.6124, 110.13463, 141.52032), (-457.03467, 107.77159, 148.67575), (-468.45554, 105.09339, 149.36346), (-464.8778, 108.08481, 156.51889), (-474.5098, 104.764824, 148.94118), (-474.5098, 104.63884, 156.94118), (-484.14178, 104.567116, 149.36346), (-480.5641, 102.330315, 156.51889), (-493.0245, 100.11419, 157.95589), (-487.36765, 100.96882, 163.61275), (-499.82806, 96.71777, 165.04974), (-496.25037, 99.15375, 172.20515), (-507.6712, 96.918, 165.04974), (-504.0935, 95.41988, 172.20515), (-516.5539, 93.03911, 173.64217), (-510.89706, 94.14421, 179.29901), (-523.3575, 89.99106, 180.73602), (-519.7798, 91.43228, 187.89143), (-531.2006, 90.00694, 180.73602), (-527.6229, 87.829, 187.89143), (-540.0833, 85.36431, 189.32843), (-534.42645, 85.55614, 194.98529), (-546.8869, 81.14415, 196.42229), (-543.3092, 83.37967, 203.57771), (-554.73004, 80.68948, 196.42229), (-551.15234, 79.35959, 203.57771), (-562.5732, 76.049805, 204.26543), (-558.9955, 77.34541, 211.42085), (-570.4163, 75.88426, 204.26543), (-566.8386, 73.232666, 211.42085), (-579.299, 70.26723, 212.85785), (-573.64215, 71.53519, 218.5147), (-586.1026, 66.46146, 219.9517), (-582.52484, 69.63876, 227.10712), (-593.94574, 65.1606, 219.9517), (-590.368, 65.68988, 227.10712), (-601.7889, 60.6205, 227.79485), (-598.2111, 63.900517, 234.95026), (-609.632, 60.35865, 227.79485), (-606.05426, 59.332226, 234.95026), (-617.47516, 55.36301, 235.63797), (-613.8974, 57.533344, 242.7934), (-625.31824, 55.64885, 235.63797), (-621.74054, 52.92086, 242.7934), (-634.201, 50.33966, 244.2304), (-628.5441, 51.111515, 249.88725), (-641.0045, 46.84402, 251.32425), (-637.4268, 48.58609, 258.47968), (-648.84766, 46.616337, 251.32425), (-645.26996, 44.477806, 258.47968), (-657.7304, 41.88286, 259.91666), (-652.07355, 42.493958, 265.57352), (-664.53394, 38.20544, 267.01053), (-660.95624, 41.096478, 274.16595), (-672.3771, 37.274933, 267.01053), (-668.7994, 37.404694, 274.16595), (-680.2202, 32.9947, 274.85367), (-676.6425, 35.8541, 282.0091), (-688.06335, 33.01601, 274.85367), (-684.48566, 32.085545, 282.0091), (-695.9065, 28.548292, 282.6968), (-692.3288, 31.021513, 289.8522), (-703.74963, 28.234985, 282.6968), (-700.17194, 26.801327, 289.8522), (-711.5928, 24.301369, 290.53995), (-708.0151, 25.799355, 297.69534), (-719.4359, 24.4718, 290.53995), (-715.8582, 22.736752, 297.69534), (-727.27905, 20.553606, 298.3831), (-723.70135, 22.492195, 305.53848), (-735.1222, 21.349, 298.3831), (-731.5445, 18.684967, 305.53848), (-742.96533, 17.667072, 306.22623), (-739.38763, 18.114477, 313.38162), (-750.8085, 17.883503, 306.22623), (-747.2308, 15.376597, 313.38162), (-759.69116, 14.214584, 314.81863), (-754.0343, 14.517959, 320.4755), (-766.49475, 11.59495, 321.91248), (-762.91705, 14.248679, 329.0679), (-774.3379, 12.040549, 321.91248), (-770.7602, 11.76355, 329.0679), (-782.181, 9.043654, 329.7556), (-778.60333, 11.711013, 336.91104), (-790.0242, 9.103877, 329.7556), (-786.4464, 8.190981, 336.91104), (-797.8673, 6.378849, 337.59875), (-794.28955, 8.545014, 344.75418), (-805.71045, 7.1007876, 337.59875), (-802.1327, 6.18865, 344.75418), (-813.5536, 4.5574813, 345.4419), (-809.9758, 5.9483438, 352.59732), (-821.39667, 5.035345, 345.4419), (-817.819, 3.5006921, 352.59732), (-830.2794, 2.9607606, 354.03433), (-824.62256, 3.3522203, 359.69116), (-838.12256, 1.7328429, 361.87744), (-832.4657, 2.7735107, 367.5343), (-845.9657, 1.15711, 369.72058), (-840.30884, 1.3702505, 375.37744), (-853.80884, 0.6345874, 377.56372), (-848.152, 0.70399386, 383.22058)]
                    texCoord2f[] primvars:st = [(0, 0), (1, 0), (0, 0.014658489), (1, 0.014658489), (0, 0.03546187), (1, 0.03546187), (0, 0.050544187), (1, 0.050544187), (0, 0.06528828), (1, 0.06528828), (0, 0.08629998), (1, 0.08629998), (0, 0.10161288), (1, 0.10161288), (0, 0.116303556), (1, 0.116303556), (0, 0.1376287), (1, 0.1376287), (0, 0.15861285), (1, 0.15861285), (0, 0.17376928), (1, 0.17376928), (0, 0.19497252), (1, 0.19497252), (0, 0.21606995), (1, 0.21606995), (0, 0.23113212), (1, 0.23113212), (0, 0.25267202), (1, 0.25267202), (0, 0.2739103), (1, 0.2739103), (0, 0.28931168), (1, 0.28931168), (0, 0.31084293), (1, 0.31084293), (0, 0.32574132), (1, 0.32574132), (0, 0.34771737), (1, 0.34771737), (0, 0.3687267), (1, 0.3687267), (0, 0.38449574), (1, 0.38449574), (0, 0.40545833), (1, 0.40545833), (0, 0.42153502), (1, 0.42153502), (0, 0.44290084), (1, 0.44290084), (0, 0.4578211), (1, 0.4578211), (0, 0.4797625), (1, 0.4797625), (0, 0.5010398), (1, 0.5010398), (0, 0.51605105), (1, 0.51605105), (0, 0.5378192), (1, 0.5378192), (0, 0.55873775), (1, 0.55873775), (0, 0.5741909), (1, 0.5741909), (0, 0.59516865), (1, 0.59516865), (0, 0.61068445), (1, 0.61068445), (0, 0.63175756), (1, 0.63175756), (0, 0.6468369), (1, 0.6468369), (0, 0.6679913), (1, 0.6679913), (0, 0.6828772), (1, 0.6828772), (0, 0.70381695), (1, 0.70381695), (0, 0.71845335), (1, 0.71845335), (0, 0.73980355), (1, 0.73980355), (0, 0.7544472), (1, 0.7544472), (0, 0.7754435), (1, 0.7754435), (0, 0.7962039), (1, 0.7962039), (0, 0.8110805), (1, 0.8110805), (0, 0.8317438), (1, 0.8317438), (0, 0.84663105), (1, 0.84663105), (0, 0.86738056), (1, 0.86738056), (0, 0.88206303), (1, 0.88206303), (0, 0.90274376), (1, 0.90274376), (0, 0.9173545), (1, 0.9173545), (0, 0.9380986), (1, 0.9380986), (0, 0.9587346), (1, 0.9587346), (0, 0.9793901), (1, 0.9793901), (0, 1), (1, 1)] (
                        interpolation = "vertex"
                    )
                    uniform token subdivisionScheme = "none"
                }

                def Mesh "River_26" (
                    prepend apiSchemas = ["MaterialBindingAPI"]
                )
                {
                    float3[] extent = [(565.799, 0.38863888, 103.053925), (767.5343, 77.587456, 164.78432)]
                    int[] faceVertexCounts = [4, 4, 4, 4, 4, 4, 4, 4, 4, 4, 4, 4, 4, 4, 4, 4, 4, 4, 4, 4, 4, 4, 4, 4, 4]
                    int[] faceVertexIndices = [0, 2, 3, 1, 2, 4, 5, 3, 4, 6, 7, 5, 6, 8, 9, 7, 8, 10, 11, 9, 10, 12, 13, 11, 12, 14, 15, 13, 14, 16, 17, 15, 16, 18, 19, 17, 18, 20, 21, 19, 20, 22, 23, 21, 22, 24, 25, 23, 24, 26, 27, 25, 26, 28, 29, 27, 28, 30, 31, 29, 30, 32, 33, 31, 32, 34, 35, 33, 34, 36, 37, 35, 36, 38, 39, 37, 38, 40, 41, 39, 40, 42, 43, 41, 42, 44, 45, 43, 44, 46, 47, 45, 46, 48, 49, 47, 48, 50, 51, 49]
                    rel material:binding = </Island/Hydrology/Rivers/Water/WaterMaterial>
                    point3f[] points = [(565.799, 77.587456, 140.08333), (571.4559, 77.311615, 134.42647), (574.68176, 74.84274, 148.67575), (578.25946, 73.19267, 141.52032), (582.52484, 70.587135, 148.67575), (586.1026, 72.316795, 141.52032), (590.368, 67.67402, 156.51889), (593.94574, 66.3081, 149.36346), (598.2111, 63.4826, 156.51889), (601.7889, 64.767044, 149.36346), (606.05426, 61.477577, 164.36203), (609.632, 58.625847, 157.2066), (615.6863, 57.88545, 164.78432), (615.6863, 56.590664, 156.78432), (623.5294, 54.5875, 164.78432), (623.5294, 53.563774, 156.78432), (631.37256, 51.136135, 164.78432), (631.37256, 50.076145, 156.78432), (639.2157, 48.104115, 164.78432), (639.2157, 46.724976, 156.78432), (647.05884, 45.334915, 164.78432), (647.05884, 43.471806, 156.78432), (656.6908, 41.800117, 164.36203), (653.1131, 40.637928, 157.2066), (664.53394, 35.647858, 156.51889), (660.95624, 38.30211, 149.36346), (670.58826, 33.754265, 156.94118), (670.58826, 34.557003, 148.94118), (678.4314, 31.475634, 156.94118), (678.4314, 30.094652, 148.94118), (688.06335, 28.926134, 156.51889), (684.48566, 27.064259, 149.36346), (695.9065, 22.79851, 148.67575), (692.3288, 25.14925, 141.52032), (701.96075, 21.600279, 149.09804), (701.96075, 20.372692, 141.09804), (711.5928, 19.72092, 148.67575), (708.0151, 17.28072, 141.52032), (719.4359, 13.712288, 140.83261), (715.8582, 14.980616, 133.6772), (727.27905, 12.748259, 140.83261), (723.70135, 10.891173, 133.6772), (736.16174, 7.3802357, 132.24019), (730.5049, 8.987685, 126.583336), (742.96533, 4.1656175, 125.14634), (739.38763, 6.903075, 117.99092), (750.8085, 3.8255842, 125.14634), (747.2308, 3.0120027, 117.99092), (759.69116, 1.2167813, 116.55392), (754.0343, 2.0115871, 110.897064), (767.5343, 0.38863888, 108.71078), (761.87744, 1.0446746, 103.053925)]
                    texCoord2f[] primvars:st = [(0, 0), (1, 0), (0, 0.047929343), (1, 0.047929343), (0, 0.08210184), (1, 0.08210184), (0, 0.13132046), (1, 0.13132046), (0, 0.16609633), (1, 0.16609633), (0, 0.21466108), (1, 0.21466108), (0, 0.24957564), (1, 0.24957564), (0, 0.284315), (1, 0.284315), (0, 0.3197362), (1, 0.3197362), (0, 0.3549626), (1, 0.3549626), (0, 0.3895519), (1, 0.3895519), (0, 0.42395383), (1, 0.42395383), (0, 0.47356698), (1, 0.47356698), (0, 0.50865185), (1, 0.50865185), (0, 0.5433027), (1, 0.5433027), (0, 0.57730085), (1, 0.57730085), (0, 0.62608343), (1, 0.62608343), (0, 0.6614189), (1, 0.6614189), (0, 0.6953307), (1, 0.6953307), (0, 0.74478066), (1, 0.74478066), (0, 0.7784602), (1, 0.7784602), (0, 0.82684946), (1, 0.82684946), (0, 0.87370783), (1, 0.87370783), (0, 0.9078805), (1, 0.9078805), (0, 0.9540874), (1, 0.9540874), (0, 1), (1, 1)] (
                        interpolation = "vertex"
                    )
                    uniform token subdivisionScheme = "none"
                }

                def Mesh "River_27" (
                    prepend apiSchemas = ["MaterialBindingAPI"]
                )
                {
                    float3[] extent = [(701.96075, 0.31429815, 23.450981), (733.3333, 7.5161777, 31.450981)]
                    int[] faceVertexCounts = [4, 4, 4, 4]
                    int[] faceVertexIndices = [0, 2, 3, 1, 2, 4, 5, 3, 4, 6, 7, 5, 6, 8, 9, 7]
                    rel material:binding = </Island/Hydrology/Rivers/Water/WaterMaterial>
                    point3f[] points = [(701.96075, 6.3946657, 31.450981), (701.96075, 7.5161777, 23.450981), (709.8039, 3.9784715, 31.450981), (709.8039, 3.9505749, 23.450981), (717.64703, 2.3812504, 31.450981), (717.64703, 1.4850054, 23.450981), (725.4902, 1.1757315, 31.450981), (725.4902, 0.5526429, 23.450981), (733.3333, 0.47937015, 31.450981), (733.3333, 0.31429815, 23.450981)]
                    texCoord2f[] primvars:st = [(0, 0), (1, 0), (0, 0.26038378), (1, 0.26038378), (0, 0.510043), (1, 0.510043), (0, 0.75554353), (1, 0.75554353), (0, 1), (1, 1)] (
                        interpolation = "vertex"
                    )
                    uniform token subdivisionScheme = "none"
                }

                def Mesh "River_28" (
                    prepend apiSchemas = ["MaterialBindingAPI"]
                )
                {
                    float3[] extent = [(-66.666664, 168.97583, -30.279408), (-1.0931416, 170.33629, 7.9215684)]
                    int[] faceVertexCounts = [4, 4, 4, 4, 4, 4, 4, 4]
                    int[] faceVertexIndices = [0, 2, 3, 1, 2, 4, 5, 3, 4, 6, 7, 5, 6, 8, 9, 7, 8, 10, 11, 9, 10, 12, 13, 11, 12, 14, 15, 13, 14, 16, 17, 15]
                    rel material:binding = </Island/Hydrology/Rivers/Water/WaterMaterial>
                    point3f[] points = [(-66.666664, 170.275, 7.9215684), (-66.666664, 169.96153, -0.078431375), (-57.034676, 170.24112, 7.4992776), (-60.612385, 169.87816, 0.34385985), (-49.191536, 169.85402, -0.34385985), (-52.769245, 170.33629, -7.4992776), (-41.3484, 170.09305, -0.34385985), (-44.92611, 169.51231, -7.4992776), (-33.505264, 169.35378, -8.186997), (-37.082973, 169.76924, -15.342415), (-25.662127, 169.4199, -8.186997), (-29.239834, 169.32277, -15.342415), (-17.818989, 169.14381, -16.030134), (-21.396698, 169.33305, -23.185553), (-9.975851, 169.22177, -16.030134), (-13.55356, 169.05272, -23.185553), (-1.0931416, 168.97583, -24.622553), (-6.7499957, 169.02081, -30.279408)]
                    texCoord2f[] primvars:st = [(0, 0), (1, 0), (0, 0.103548326), (1, 0.103548326), (0, 0.24998085), (1, 0.24998085), (0, 0.35353324), (1, 0.35353324), (0, 0.5000244), (1, 0.5000244), (0, 0.6035796), (1, 0.6035796), (0, 0.7500115), (1, 0.7500115), (0, 0.8535541), (1, 0.8535541), (0, 1), (1, 1)] (
                        interpolation = "vertex"
                    )
                    uniform token subdivisionScheme = "none"
                }

                def Mesh "River_29" (
                    prepend apiSchemas = ["MaterialBindingAPI"]
                )
                {
                    float3[] extent = [(-7.9215684, 168.9601, -27.450981), (6.7499957, 169.37746, 6.7499957)]
                    int[] faceVertexCounts = [4, 4, 4, 4]
                    int[] faceVertexIndices = [0, 2, 3, 1, 2, 4, 5, 3, 4, 6, 7, 5, 6, 8, 9, 7]
                    rel material:binding = </Island/Hydrology/Rivers/Water/WaterMaterial>
                    point3f[] points = [(6.7499957, 169.37746, 1.0931416), (1.0931416, 169.18742, 6.7499957), (-0.34385985, 169.19232, -5.710423), (-7.4992776, 169.2722, -2.1327143), (0.078431375, 169.16719, -11.764706), (-7.9215684, 169.30151, -11.764706), (0.078431375, 169.08748, -19.607843), (-7.9215684, 169.12291, -19.607843), (0.078431375, 168.9601, -27.450981), (-7.9215684, 169.03612, -27.450981)]
                    texCoord2f[] primvars:st = [(0, 0), (1, 0), (0, 0.32036206), (1, 0.32036206), (0, 0.54689205), (1, 0.54689205), (0, 0.77343684), (1, 0.77343684), (0, 1), (1, 1)] (
                        interpolation = "vertex"
                    )
                    uniform token subdivisionScheme = "none"
                }

                def Mesh "River_30" (
                    prepend apiSchemas = ["MaterialBindingAPI"]
                )
                {
                    float3[] extent = [(3.9215686, 168.65424, -54.980392), (140.08333, 177.34148, 6.7499957)]
                    int[] faceVertexCounts = [4, 4, 4, 4, 4, 4, 4, 4, 4, 4, 4, 4, 4, 4, 4, 4, 4]
                    int[] faceVertexIndices = [0, 2, 3, 1, 2, 4, 5, 3, 4, 6, 7, 5, 6, 8, 9, 7, 8, 10, 11, 9, 10, 12, 13, 11, 12, 14, 15, 13, 14, 16, 17, 15, 16, 18, 19, 17, 18, 20, 21, 19, 20, 22, 23, 21, 22, 24, 25, 23, 24, 26, 27, 25, 26, 28, 29, 27, 28, 30, 31, 29, 30, 32, 33, 31, 32, 34, 35, 33]
                    rel material:binding = </Island/Hydrology/Rivers/Water/WaterMaterial>
                    point3f[] points = [(140.08333, 176.81229, 1.0931416), (134.42647, 176.89233, 6.7499957), (132.24019, 176.97348, -6.7499957), (126.583336, 176.71645, -1.0931416), (124.39706, 177.20853, -14.593133), (118.740204, 176.64038, -8.936278), (116.55392, 177.28479, -22.43627), (110.897064, 176.13554, -16.779415), (108.71078, 177.34148, -30.279408), (103.053925, 176.17633, -24.622553), (100.867645, 176.73969, -38.122543), (95.210785, 174.98517, -32.46569), (91.98493, 175.5248, -46.714962), (88.40723, 174.1081, -39.559547), (84.14179, 172.23096, -46.714962), (80.56409, 174.02527, -39.559547), (76.29866, 173.24678, -54.5581), (72.72095, 171.17422, -47.402683), (66.666664, 172.15636, -54.980392), (66.666664, 170.91724, -46.980392), (57.034676, 171.14899, -54.5581), (60.612385, 170.12321, -47.402683), (49.191536, 169.43011, -46.714962), (52.769245, 170.76906, -39.559547), (43.137257, 169.46115, -47.137257), (43.137257, 170.1171, -39.137257), (35.294117, 169.40727, -47.137257), (35.294117, 169.70006, -39.137257), (27.450981, 169.30943, -47.137257), (27.450981, 169.28561, -39.137257), (17.818989, 169.23285, -46.714962), (21.396698, 168.96465, -39.559547), (9.975851, 168.78471, -38.871826), (13.55356, 169.23836, -31.71641), (3.9215686, 168.65424, -39.294117), (3.9215686, 168.93358, -31.294117)]
                    texCoord2f[] primvars:st = [(0, 0), (1, 0), (0, 0.06804465), (1, 0.06804465), (0, 0.13608707), (1, 0.13608707), (0, 0.20422149), (1, 0.20422149), (0, 0.27226403), (1, 0.27226403), (0, 0.34072196), (1, 0.34072196), (0, 0.40899467), (1, 0.40899467), (0, 0.45838195), (1, 0.45838195), (0, 0.5268163), (1, 0.5268163), (0, 0.57508457), (1, 0.57508457), (0, 0.6232496), (1, 0.6232496), (0, 0.6913311), (1, 0.6913311), (0, 0.73945886), (1, 0.73945886), (0, 0.78757894), (1, 0.78757894), (0, 0.8357014), (1, 0.8357014), (0, 0.8838151), (1, 0.8838151), (0, 0.951856), (1, 0.951856), (0, 1), (1, 1)] (
                        interpolation = "vertex"
                    )
                    uniform token subdivisionScheme = "none"
                }

                def Mesh "River_31" (
                    prepend apiSchemas = ["MaterialBindingAPI"]
                )
                {
                    float3[] extent = [(-968.62744, 0.31033954, -7.9215684), (-670.58826, 54.97504, 15.764706)]
                    int[] faceVertexCounts = [4, 4, 4, 4, 4, 4, 4, 4, 4, 4, 4, 4, 4, 4, 4, 4, 4, 4, 4, 4, 4, 4, 4, 4, 4, 4, 4, 4, 4, 4, 4, 4, 4, 4, 4, 4, 4, 4]
                    int[] faceVertexIndices = [0, 2, 3, 1, 2, 4, 5, 3, 4, 6, 7, 5, 6, 8, 9, 7, 8, 10, 11, 9, 10, 12, 13, 11, 12, 14, 15, 13, 14, 16, 17, 15, 16, 18, 19, 17, 18, 20, 21, 19, 20, 22, 23, 21, 22, 24, 25, 23, 24, 26, 27, 25, 26, 28, 29, 27, 28, 30, 31, 29, 30, 32, 33, 31, 32, 34, 35, 33, 34, 36, 37, 35, 36, 38, 39, 37, 38, 40, 41, 39, 40, 42, 43, 41, 42, 44, 45, 43, 44, 46, 47, 45, 46, 48, 49, 47, 48, 50, 51, 49, 50, 52, 53, 51, 52, 54, 55, 53, 54, 56, 57, 55, 56, 58, 59, 57, 58, 60, 61, 59, 60, 62, 63, 61, 62, 64, 65, 63, 64, 66, 67, 65, 66, 68, 69, 67, 68, 70, 71, 69, 70, 72, 73, 71, 72, 74, 75, 73, 74, 76, 77, 75]
                    rel material:binding = </Island/Hydrology/Rivers/Water/WaterMaterial>
                    point3f[] points = [(-670.58826, 54.97504, -7.9215684), (-670.58826, 52.149227, 0.078431375), (-680.2202, 52.3342, -7.4992776), (-676.6425, 50.348648, -0.34385985), (-688.06335, 47.105354, 0.34385985), (-684.48566, 50.09949, 7.4992776), (-694.1177, 45.999496, -0.078431375), (-694.1177, 47.683315, 7.9215684), (-701.96075, 44.46415, -0.078431375), (-701.96075, 45.801792, 7.9215684), (-709.8039, 42.744144, -0.078431375), (-709.8039, 43.95916, 7.9215684), (-717.64703, 40.99117, -0.078431375), (-717.64703, 42.190655, 7.9215684), (-725.4902, 39.246677, -0.078431375), (-725.4902, 40.376312, 7.9215684), (-733.3333, 37.50017, -0.078431375), (-733.3333, 37.478657, 7.9215684), (-741.17645, 35.706013, -0.078431375), (-741.17645, 34.327602, 7.9215684), (-749.0196, 33.705357, -0.078431375), (-749.0196, 31.82752, 7.9215684), (-756.86273, 31.692852, -0.078431375), (-756.86273, 29.482796, 7.9215684), (-764.7059, 29.834332, -0.078431375), (-764.7059, 27.209349, 7.9215684), (-772.549, 28.15593, -0.078431375), (-772.549, 25.041176, 7.9215684), (-780.39215, 26.54452, -0.078431375), (-780.39215, 22.984552, 7.9215684), (-788.2353, 24.86937, -0.078431375), (-788.2353, 21.0869, 7.9215684), (-796.0784, 23.133553, -0.078431375), (-796.0784, 19.341743, 7.9215684), (-803.9216, 21.358326, -0.078431375), (-803.9216, 17.610659, 7.9215684), (-811.7647, 19.586687, -0.078431375), (-811.7647, 15.891108, 7.9215684), (-819.60785, 17.847345, -0.078431375), (-819.60785, 14.212106, 7.9215684), (-827.451, 16.16512, -0.078431375), (-827.451, 12.585171, 7.9215684), (-835.2941, 14.5682955, -0.078431375), (-835.2941, 11.040442, 7.9215684), (-843.13727, 13.077142, -0.078431375), (-843.13727, 9.578572, 7.9215684), (-852.7692, 11.28045, 0.34385985), (-849.1915, 8.522687, 7.4992776), (-860.61237, 6.6854887, 8.186997), (-857.03467, 9.833402, 15.342415), (-866.6667, 5.8716297, 7.7647057), (-866.6667, 8.212363, 15.764706), (-874.5098, 4.878845, 7.7647057), (-874.5098, 6.95981, 15.764706), (-882.35297, 3.9814785, 7.7647057), (-882.35297, 5.858112, 15.764706), (-890.1961, 3.1908395, 7.7647057), (-890.1961, 4.8923073, 15.764706), (-898.03925, 2.516926, 7.7647057), (-898.03925, 4.041647, 15.764706), (-905.8823, 1.9505165, 7.7647057), (-905.8823, 3.292703, 15.764706), (-913.72546, 1.4820663, 7.7647057), (-913.72546, 2.6351557, 15.764706), (-921.5686, 1.1038185, 7.7647057), (-921.5686, 2.0595493, 15.764706), (-929.41174, 0.8120551, 7.7647057), (-929.41174, 1.5585842, 15.764706), (-937.2549, 0.59604067, 7.7647057), (-937.2549, 1.1367133, 15.764706), (-945.098, 0.4528447, 7.7647057), (-945.098, 0.80270463, 15.764706), (-952.94116, 0.37188134, 7.7647057), (-952.94116, 0.56965375, 15.764706), (-960.7843, 0.32625428, 7.7647057), (-960.7843, 0.4243674, 15.764706), (-968.62744, 0.31033954, 7.7647057), (-968.62744, 0.3468712, 15.764706)]
                    texCoord2f[] primvars:st = [(0, 0), (1, 0), (0, 0.026090201), (1, 0.026090201), (0, 0.06326242), (1, 0.06326242), (0, 0.089523755), (1, 0.089523755), (0, 0.11551798), (1, 0.11551798), (0, 0.14142558), (1, 0.14142558), (0, 0.16735297), (1, 0.16735297), (0, 0.19328462), (1, 0.19328462), (0, 0.21945658), (1, 0.21945658), (0, 0.2456665), (1, 0.2456665), (0, 0.27185142), (1, 0.27185142), (0, 0.29803973), (1, 0.29803973), (0, 0.3241477), (1, 0.3241477), (0, 0.35011753), (1, 0.35011753), (0, 0.376031), (1, 0.376031), (0, 0.40190753), (1, 0.40190753), (0, 0.42777416), (1, 0.42777416), (0, 0.45366424), (1, 0.45366424), (0, 0.47954747), (1, 0.47954747), (0, 0.5054018), (1, 0.5054018), (0, 0.5312127), (1, 0.5312127), (0, 0.5569634), (1, 0.5569634), (0, 0.5826485), (1, 0.5826485), (0, 0.6082642), (1, 0.6082642), (0, 0.6445776), (1, 0.6445776), (0, 0.67021996), (1, 0.67021996), (0, 0.6957821), (1, 0.6957821), (0, 0.721276), (1, 0.721276), (0, 0.74671394), (1, 0.74671394), (0, 0.7721115), (1, 0.7721115), (0, 0.7974829), (1, 0.7974829), (0, 0.8228368), (1, 0.8228368), (0, 0.8481743), (1, 0.8481743), (0, 0.8735), (1, 0.8735), (0, 0.89881337), (1, 0.89881337), (0, 0.92411786), (1, 0.92411786), (0, 0.94941473), (1, 0.94941473), (0, 0.9747079), (1, 0.9747079), (0, 1), (1, 1)] (
                        interpolation = "vertex"
                    )
                    uniform token subdivisionScheme = "none"
                }

                def Mesh "River_32" (
                    prepend apiSchemas = ["MaterialBindingAPI"]
                )
                {
                    float3[] extent = [(701.96075, 0.37773108, -15.764706), (733.3333, 8.011555, -7.7647057)]
                    int[] faceVertexCounts = [4, 4, 4, 4]
                    int[] faceVertexIndices = [0, 2, 3, 1, 2, 4, 5, 3, 4, 6, 7, 5, 6, 8, 9, 7]
                    rel material:binding = </Island/Hydrology/Rivers/Water/WaterMaterial>
                    point3f[] points = [(701.96075, 8.011555, -7.7647057), (701.96075, 7.058217, -15.764706), (709.8039, 4.939834, -7.7647057), (709.8039, 4.4034314, -15.764706), (717.64703, 2.4778898, -7.7647057), (717.64703, 2.3801677, -15.764706), (725.4902, 0.97741896, -7.7647057), (725.4902, 1.0503463, -15.764706), (733.3333, 0.37773108, -7.7647057), (733.3333, 0.41473266, -15.764706)]
                    texCoord2f[] primvars:st = [(0, 0), (1, 0), (0, 0.25834322), (1, 0.25834322), (0, 0.5099299), (1, 0.5099299), (0, 0.75608003), (1, 0.75608003), (0, 1), (1, 1)] (
                        interpolation = "vertex"
                    )
                    uniform token subdivisionScheme = "none"
                }

                def Mesh "River_33" (
                    prepend apiSchemas = ["MaterialBindingAPI"]
                )
                {
                    float3[] extent = [(-9.22487, 168.8097, -40.59742), (9.22487, 169.15764, -22.14768)]
                    int[] faceVertexCounts = [4]
                    int[] faceVertexIndices = [0, 2, 3, 1]
                    rel material:binding = </Island/Hydrology/Rivers/Water/WaterMaterial>
                    point3f[] points = [(1.3817322, 169.10422, -22.14768), (-9.22487, 169.10971, -32.75428), (9.22487, 169.15764, -29.990816), (-1.3817322, 168.8097, -40.59742)]
                    texCoord2f[] primvars:st = [(0, 0), (1, 0), (0, 1), (1, 1)] (
                        interpolation = "vertex"
                    )
                    uniform token subdivisionScheme = "none"
                }

                def Mesh "River_34" (
                    prepend apiSchemas = ["MaterialBindingAPI"]
                )
                {
                    float3[] extent = [(-215.34314, 0.30411455, -937.2549), (57.688595, 169.29561, -35.294117)]
                    int[] faceVertexCounts = [4, 4, 4, 4, 4, 4, 4, 4, 4, 4, 4, 4, 4, 4, 4, 4, 4, 4, 4, 4, 4, 4, 4, 4, 4, 4, 4, 4, 4, 4, 4, 4, 4, 4, 4, 4, 4, 4, 4, 4, 4, 4, 4, 4, 4, 4, 4, 4, 4, 4, 4, 4, 4, 4, 4, 4, 4, 4, 4, 4, 4, 4, 4, 4, 4, 4, 4, 4, 4, 4, 4, 4, 4, 4, 4, 4, 4, 4, 4, 4, 4, 4, 4, 4, 4, 4, 4, 4, 4, 4, 4, 4, 4, 4, 4, 4, 4, 4, 4, 4, 4, 4, 4, 4, 4, 4, 4, 4, 4, 4, 4, 4, 4, 4, 4]
                    int[] faceVertexIndices = [0, 2, 3, 1, 2, 4, 5, 3, 4, 6, 7, 5, 6, 8, 9, 7, 8, 10, 11, 9, 10, 12, 13, 11, 12, 14, 15, 13, 14, 16, 17, 15, 16, 18, 19, 17, 18, 20, 21, 19, 20, 22, 23, 21, 22, 24, 25, 23, 24, 26, 27, 25, 26, 28, 29, 27, 28, 30, 31, 29, 30, 32, 33, 31, 32, 34, 35, 33, 34, 36, 37, 35, 36, 38, 39, 37, 38, 40, 41, 39, 40, 42, 43, 41, 42, 44, 45, 43, 44, 46, 47, 45, 46, 48, 49, 47, 48, 50, 51, 49, 50, 52, 53, 51, 52, 54, 55, 53, 54, 56, 57, 55, 56, 58, 59, 57, 58, 60, 61, 59, 60, 62, 63, 61, 62, 64, 65, 63, 64, 66, 67, 65, 66, 68, 69, 67, 68, 70, 71, 69, 70, 72, 73, 71, 72, 74, 75, 73, 74, 76, 77, 75, 76, 78, 79, 77, 78, 80, 81, 79, 80, 82, 83, 81, 82, 84, 85, 83, 84, 86, 87, 85, 86, 88, 89, 87, 88, 90, 91, 89, 90, 92, 93, 91, 92, 94, 95, 93, 94, 96, 97, 95, 96, 98, 99, 97, 98, 100, 101, 99, 100, 102, 103, 101, 102, 104, 105, 103, 104, 106, 107, 105, 106, 108, 109, 107, 108, 110, 111, 109, 110, 112, 113, 111, 112, 114, 115, 113, 114, 116, 117, 115, 116, 118, 119, 117, 118, 120, 121, 119, 120, 122, 123, 121, 122, 124, 125, 123, 124, 126, 127, 125, 126, 128, 129, 127, 128, 130, 131, 129, 130, 132, 133, 131, 132, 134, 135, 133, 134, 136, 137, 135, 136, 138, 139, 137, 138, 140, 141, 139, 140, 142, 143, 141, 142, 144, 145, 143, 144, 146, 147, 145, 146, 148, 149, 147, 148, 150, 151, 149, 150, 152, 153, 151, 152, 154, 155, 153, 154, 156, 157, 155, 156, 158, 159, 157, 158, 160, 161, 159, 160, 162, 163, 161, 162, 164, 165, 163, 164, 166, 167, 165, 166, 168, 169, 167, 168, 170, 171, 169, 170, 172, 173, 171, 172, 174, 175, 173, 174, 176, 177, 175, 176, 178, 179, 177, 178, 180, 181, 179, 180, 182, 183, 181, 182, 184, 185, 183, 184, 186, 187, 185, 186, 188, 189, 187, 188, 190, 191, 189, 190, 192, 193, 191, 192, 194, 195, 193, 194, 196, 197, 195, 196, 198, 199, 197, 198, 200, 201, 199, 200, 202, 203, 201, 202, 204, 205, 203, 204, 206, 207, 205, 206, 208, 209, 207, 208, 210, 211, 209, 210, 212, 213, 211, 212, 214, 215, 213, 214, 216, 217, 215, 216, 218, 219, 217, 218, 220, 221, 219, 220, 222, 223, 221, 222, 224, 225, 223, 224, 226, 227, 225, 226, 228, 229, 227, 228, 230, 231, 229]
                    rel material:binding = </Island/Hydrology/Rivers/Water/WaterMaterial>
                    point3f[] points = [(11.421569, 169.0334, -35.294117), (-3.5784314, 168.83823, -35.294117), (11.421569, 169.04437, -43.137257), (-3.5784314, 169.02666, -43.137257), (10.629772, 169.29561, -54.334496), (-2.7866354, 169.04343, -47.62629), (2.7866354, 168.77142, -62.17763), (-10.629772, 169.23299, -55.46943), (3.5784314, 168.39743, -66.666664), (-11.421569, 169.18356, -66.666664), (3.5784314, 168.16447, -74.5098), (-11.421569, 168.97165, -74.5098), (3.5784314, 167.91072, -82.35294), (-11.421569, 168.62282, -82.35294), (2.7866354, 167.66045, -86.84198), (-10.629772, 168.2, -93.55018), (9.22487, 168.40808, -92.735916), (-1.3817322, 168.67607, -103.342514), (17.068007, 168.78267, -100.579056), (6.461405, 169.05283, -111.18565), (24.911144, 168.90282, -108.42219), (14.304543, 169.17249, -119.02879), (32.75428, 168.42935, -116.26533), (22.14768, 168.58897, -126.871925), (42.002323, 167.9194, -126.05766), (28.585915, 167.65071, -132.76587), (42.002323, 167.27043, -133.9008), (28.585915, 167.69443, -140.60901), (49.84546, 167.15785, -141.74394), (36.42905, 166.33258, -148.45215), (50.637257, 165.49728, -152.94118), (35.637257, 166.63628, -152.94118), (49.84546, 164.84256, -157.4302), (36.42905, 165.60478, -164.13841), (57.688595, 165.57639, -165.27335), (44.27219, 165.68773, -171.98155), (57.688595, 166.18098, -179.82469), (44.27219, 165.85262, -173.11649), (48.440556, 166.49269, -189.61702), (37.833954, 166.69186, -179.01042), (40.59742, 165.5852, -197.46016), (29.990816, 166.81676, -186.85356), (34.159184, 163.34328, -203.3541), (20.742777, 165.25224, -196.6459), (34.159184, 163.0562, -211.19724), (20.742777, 161.87973, -204.48903), (26.316048, 160.38121, -219.04037), (12.899639, 162.47652, -212.33217), (26.316048, 161.09042, -226.88351), (12.899639, 160.92674, -220.17531), (18.47291, 158.50021, -234.72665), (5.056502, 161.05177, -228.01845), (18.47291, 158.94487, -242.5698), (5.056502, 158.20671, -235.86159), (10.629772, 156.40929, -250.41292), (-2.7866354, 158.03581, -243.70473), (10.629772, 157.75656, -258.25607), (-2.7866354, 156.01733, -251.54785), (2.7866354, 153.1021, -266.0992), (-10.629772, 158.18625, -259.391), (3.5784314, 152.87927, -270.58823), (-11.421569, 157.63641, -270.58823), (3.5784314, 151.54674, -278.43137), (-11.421569, 156.47267, -278.43137), (3.5784314, 150.09825, -286.2745), (-11.421569, 154.88426, -286.2745), (3.5784314, 149.13242, -294.11765), (-11.421569, 153.40073, -294.11765), (3.5784314, 148.96611, -301.9608), (-11.421569, 152.2143, -301.9608), (3.5784314, 148.73381, -309.80392), (-11.421569, 150.9472, -309.80392), (3.5784314, 147.49304, -317.64706), (-11.421569, 149.47855, -317.64706), (3.5784314, 145.91707, -325.4902), (-11.421569, 147.81831, -325.4902), (3.5784314, 144.29285, -333.33334), (-11.421569, 146.08273, -333.33334), (3.5784314, 142.81212, -341.17648), (-11.421569, 144.19643, -341.17648), (3.5784314, 141.66174, -349.01962), (-11.421569, 141.62521, -349.01962), (3.5784314, 140.43839, -356.86273), (-11.421569, 139.062, -356.86273), (2.7866354, 141.01135, -368.06), (-10.629772, 137.78711, -361.35178), (-6.461405, 137.83351, -377.85233), (-17.068007, 138.75958, -367.24573), (-14.304543, 135.45363, -385.69547), (-24.911144, 137.65007, -375.08887), (-22.14768, 133.77074, -393.5386), (-32.75428, 137.3199, -382.932), (-29.990816, 131.54208, -401.38174), (-40.59742, 134.99966, -390.77512), (-36.42905, 129.36594, -407.27567), (-49.84546, 131.90126, -400.56747), (-36.42905, 131.07744, -415.1188), (-49.84546, 127.70818, -408.4106), (-45.67709, 127.51653, -424.91113), (-56.28369, 126.41105, -414.30453), (-53.52023, 125.05021, -432.75427), (-64.12683, 124.47219, -422.14767), (-61.363365, 122.20042, -440.5974), (-71.96997, 122.495636, -429.9908), (-69.206505, 117.96589, -448.44055), (-79.8131, 118.94649, -437.83395), (-75.64474, 114.15838, -454.3345), (-89.06114, 114.95846, -447.62628), (-74.85294, 114.92706, -458.82352), (-89.85294, 111.32714, -458.82352), (-75.64474, 114.576126, -470.02078), (-89.06114, 110.01482, -463.31256), (-83.48788, 108.38228, -477.8639), (-96.90428, 109.523926, -471.1557), (-83.48788, 107.86615, -485.70703), (-96.90428, 106.28975, -478.99884), (-91.33101, 101.31695, -493.55017), (-104.74742, 105.98446, -486.84198), (-90.539215, 101.52692, -498.0392), (-105.539215, 99.86983, -498.0392), (-91.33101, 100.19935, -509.23645), (-104.74742, 97.64651, -502.52826), (-99.17415, 93.50591, -517.0796), (-112.59055, 96.62449, -510.3714), (-98.382355, 93.70668, -521.5686), (-113.382355, 92.87485, -521.5686), (-99.17415, 92.10846, -532.76587), (-112.59055, 90.375984, -526.0577), (-107.01729, 84.8397, -540.609), (-120.43369, 90.13888, -533.9008), (-106.22549, 84.873215, -545.098), (-121.22549, 84.27702, -545.098), (-107.01729, 83.07007, -556.2953), (-120.43369, 81.835335, -549.5871), (-114.86042, 75.89952, -564.1384), (-128.27682, 80.8923, -557.43024), (-114.06863, 75.67193, -568.62744), (-129.06863, 76.28089, -568.62744), (-114.06863, 74.840164, -576.4706), (-129.06863, 71.82601, -576.4706), (-114.86042, 73.107506, -587.66785), (-128.27682, 69.07088, -580.9596), (-122.70356, 65.70404, -595.511), (-136.11996, 69.52133, -588.80273), (-121.911766, 65.83311, -600), (-136.91176, 63.922184, -600), (-122.70356, 63.757412, -611.19727), (-136.11996, 61.67254, -604.489), (-130.54669, 56.513554, -619.0404), (-143.9631, 61.069664, -612.33215), (-129.7549, 56.402557, -623.5294), (-144.7549, 56.789352, -623.5294), (-129.7549, 55.547764, -631.37256), (-144.7549, 53.31274, -631.37256), (-130.54669, 53.865543, -642.56976), (-143.9631, 50.680813, -635.8616), (-138.38983, 47.08725, -650.4129), (-151.80624, 49.852955, -643.7047), (-138.38983, 46.81216, -658.25604), (-151.80624, 44.986713, -651.54785), (-146.23297, 40.50361, -666.0992), (-159.64938, 41.883102, -659.391), (-145.44118, 40.94021, -670.58826), (-160.44118, 39.112827, -670.58826), (-145.44118, 40.55073, -678.4314), (-160.44118, 36.865913, -678.4314), (-146.23297, 39.046776, -689.6286), (-159.64938, 34.69423, -682.9204), (-154.07611, 33.19012, -697.47174), (-167.49252, 36.008736, -690.76355), (-153.28432, 33.11598, -701.96075), (-168.28432, 32.184483, -701.96075), (-153.28432, 32.488323, -709.8039), (-168.28432, 29.57843, -709.8039), (-154.07611, 31.49533, -721.00116), (-167.49252, 27.76315, -714.29297), (-161.91925, 25.084415, -728.8443), (-175.33565, 29.079687, -722.1361), (-161.12746, 25.413193, -733.3333), (-176.12746, 25.637463, -733.3333), (-161.12746, 25.102503, -741.17645), (-176.12746, 23.476606, -741.17645), (-161.12746, 24.233397, -749.0196), (-176.12746, 20.895395, -749.0196), (-161.91925, 22.46538, -760.21686), (-175.33565, 18.448418, -753.50867), (-169.76239, 16.680752, -768.06), (-183.17879, 19.975542, -761.3518), (-168.97058, 16.88313, -772.549), (-183.97058, 16.906847, -772.549), (-168.97058, 16.154478, -780.39215), (-183.97058, 14.440638, -780.39215), (-169.76239, 14.579607, -791.5894), (-183.17879, 12.5786495, -784.88116), (-177.60551, 9.902451, -799.43256), (-191.02193, 13.979152, -792.7243), (-176.81372, 10.02671, -803.9216), (-191.81372, 11.197073, -803.9216), (-176.81372, 9.430201, -811.7647), (-191.81372, 8.20692, -811.7647), (-176.81372, 8.901628, -819.60785), (-191.81372, 6.6289587, -819.60785), (-177.60551, 8.140584, -830.80505), (-191.02193, 5.494256, -824.09686), (-185.44865, 4.1879253, -838.6482), (-198.86507, 6.5021625, -831.94), (-184.65686, 4.0211287, -843.13727), (-199.65686, 4.573957, -843.13727), (-184.65686, 3.6808941, -850.9804), (-199.65686, 3.0359428, -850.9804), (-185.44865, 3.7862482, -862.1776), (-198.86507, 2.3294435, -855.4694), (-193.2918, 1.5199866, -870.02075), (-206.7082, 2.444138, -863.31256), (-192.5, 1.5058725, -874.5098), (-207.5, 1.706248, -874.5098), (-192.5, 1.5280701, -882.35297), (-207.5, 0.94165176, -882.35297), (-193.2918, 1.2380656, -893.5502), (-206.7082, 0.6301887, -886.842), (-201.13493, 0.43760353, -901.3933), (-214.55135, 1.510409, -894.6851), (-200.34314, 0.43220928, -905.8823), (-215.34314, 0.38910452, -905.8823), (-200.34314, 0.39795685, -913.72546), (-215.34314, 0.31667435, -913.72546), (-200.34314, 0.38401178, -921.5686), (-215.34314, 0.31170458, -921.5686), (-200.34314, 0.3666949, -929.41174), (-215.34314, 0.30411455, -929.41174), (-200.34314, 0.35652137, -937.2549), (-215.34314, 0.30753258, -937.2549)]
                    texCoord2f[] primvars:st = [(0, 0), (1, 0), (0, 0.0074275914), (1, 0.0074275914), (0, 0.014855361), (1, 0.014855361), (0, 0.025361793), (1, 0.025361793), (0, 0.032789964), (1, 0.032789964), (0, 0.04021897), (1, 0.04021897), (0, 0.04764949), (1, 0.04764949), (0, 0.055082064), (1, 0.055082064), (0, 0.065585844), (1, 0.065585844), (0, 0.076090276), (1, 0.076090276), (0, 0.08659403), (1, 0.08659403), (0, 0.097103804), (1, 0.097103804), (0, 0.10762142), (1, 0.10762142), (0, 0.11506209), (1, 0.11506209), (0, 0.12556612), (1, 0.12556612), (0, 0.13302511), (1, 0.13302511), (0, 0.1404656), (1, 0.1404656), (0, 0.15098533), (1, 0.15098533), (0, 0.15841651), (1, 0.15841651), (0, 0.16892667), (1, 0.16892667), (0, 0.17945553), (1, 0.17945553), (0, 0.19016643), (1, 0.19016643), (0, 0.19779769), (1, 0.19779769), (0, 0.20833579), (1, 0.20833579), (0, 0.2157886), (1, 0.2157886), (0, 0.22631453), (1, 0.22631453), (0, 0.23389131), (1, 0.23389131), (0, 0.24441384), (1, 0.24441384), (0, 0.2518759), (1, 0.2518759), (0, 0.26238185), (1, 0.26238185), (0, 0.26986802), (1, 0.26986802), (0, 0.2774047), (1, 0.2774047), (0, 0.2849697), (1, 0.2849697), (0, 0.29254693), (1, 0.29254693), (0, 0.30008733), (1, 0.30008733), (0, 0.3076028), (1, 0.3076028), (0, 0.3151317), (1, 0.3151317), (0, 0.32269722), (1, 0.32269722), (0, 0.33029416), (1, 0.33029416), (0, 0.33788517), (1, 0.33788517), (0, 0.3454641), (1, 0.3454641), (0, 0.35303217), (1, 0.35303217), (0, 0.36046296), (1, 0.36046296), (0, 0.3710712), (1, 0.3710712), (0, 0.38170385), (1, 0.38170385), (0, 0.39221868), (1, 0.39221868), (0, 0.40293887), (1, 0.40293887), (0, 0.413695), (1, 0.413695), (0, 0.42133993), (1, 0.42133993), (0, 0.43212956), (1, 0.43212956), (0, 0.44285783), (1, 0.44285783), (0, 0.45362276), (1, 0.45362276), (0, 0.46467936), (1, 0.46467936), (0, 0.47585464), (1, 0.47585464), (0, 0.48335943), (1, 0.48335943), (0, 0.4908027), (1, 0.4908027), (0, 0.5020232), (1, 0.5020232), (0, 0.5097147), (1, 0.5097147), (0, 0.52048117), (1, 0.52048117), (0, 0.5285522), (1, 0.5285522), (0, 0.53615516), (1, 0.53615516), (0, 0.547138), (1, 0.547138), (0, 0.55500466), (1, 0.55500466), (0, 0.56272244), (1, 0.56272244), (0, 0.57349753), (1, 0.57349753), (0, 0.5815862), (1, 0.5815862), (0, 0.5894412), (1, 0.5894412), (0, 0.60019547), (1, 0.60019547), (0, 0.60835326), (1, 0.60835326), (0, 0.61625564), (1, 0.61625564), (0, 0.62398267), (1, 0.62398267), (0, 0.6348671), (1, 0.6348671), (0, 0.642951), (1, 0.642951), (0, 0.65057933), (1, 0.65057933), (0, 0.66147584), (1, 0.66147584), (0, 0.6694499), (1, 0.6694499), (0, 0.67727166), (1, 0.67727166), (0, 0.68491435), (1, 0.68491435), (0, 0.69589704), (1, 0.69589704), (0, 0.7038479), (1, 0.7038479), (0, 0.71514904), (1, 0.71514904), (0, 0.7227972), (1, 0.7227972), (0, 0.7303138), (1, 0.7303138), (0, 0.7377766), (1, 0.7377766), (0, 0.7485916), (1, 0.7485916), (0, 0.75629765), (1, 0.75629765), (0, 0.7638239), (1, 0.7638239), (0, 0.7712992), (1, 0.7712992), (0, 0.7820298), (1, 0.7820298), (0, 0.7898712), (1, 0.7898712), (0, 0.7974957), (1, 0.7974957), (0, 0.8050469), (1, 0.8050469), (0, 0.8125522), (1, 0.8125522), (0, 0.82329744), (1, 0.82329744), (0, 0.83093137), (1, 0.83093137), (0, 0.8385132), (1, 0.8385132), (0, 0.8459969), (1, 0.8459969), (0, 0.8565851), (1, 0.8565851), (0, 0.8641642), (1, 0.8641642), (0, 0.87167925), (1, 0.87167925), (0, 0.87914264), (1, 0.87914264), (0, 0.8865999), (1, 0.8865999), (0, 0.8971747), (1, 0.8971747), (0, 0.9046386), (1, 0.9046386), (0, 0.91209143), (1, 0.91209143), (0, 0.9195382), (1, 0.9195382), (0, 0.9300597), (1, 0.9300597), (0, 0.93749577), (1, 0.93749577), (0, 0.94492835), (1, 0.94492835), (0, 0.95235795), (1, 0.95235795), (0, 0.9628633), (1, 0.9628633), (0, 0.97029084), (1, 0.97029084), (0, 0.9777182), (1, 0.9777182), (0, 0.98514545), (1, 0.98514545), (0, 0.9925727), (1, 0.9925727), (0, 1), (1, 1)] (
                        interpolation = "vertex"
                    )
                    uniform token subdivisionScheme = "none"
                }

                def Mesh "River_35" (
                    prepend apiSchemas = ["MaterialBindingAPI"]
                )
                {
                    float3[] extent = [(545.098, 0.29962552, -78.5098), (736.16174, 88.575096, -40.308826)]
                    int[] faceVertexCounts = [4, 4, 4, 4, 4, 4, 4, 4, 4, 4, 4, 4, 4, 4, 4, 4, 4, 4, 4, 4, 4, 4, 4, 4]
                    int[] faceVertexIndices = [0, 2, 3, 1, 2, 4, 5, 3, 4, 6, 7, 5, 6, 8, 9, 7, 8, 10, 11, 9, 10, 12, 13, 11, 12, 14, 15, 13, 14, 16, 17, 15, 16, 18, 19, 17, 18, 20, 21, 19, 20, 22, 23, 21, 22, 24, 25, 23, 24, 26, 27, 25, 26, 28, 29, 27, 28, 30, 31, 29, 30, 32, 33, 31, 32, 34, 35, 33, 34, 36, 37, 35, 36, 38, 39, 37, 38, 40, 41, 39, 40, 42, 43, 41, 42, 44, 45, 43, 44, 46, 47, 45, 46, 48, 49, 47]
                    rel material:binding = </Island/Hydrology/Rivers/Water/WaterMaterial>
                    point3f[] points = [(545.098, 87.96484, -54.82353), (545.098, 88.575096, -62.82353), (552.94116, 84.96951, -54.82353), (552.94116, 84.41853, -62.82353), (560.7843, 82.23686, -54.82353), (560.7843, 80.81986, -62.82353), (570.4163, 78.64257, -55.24582), (566.8386, 77.64301, -62.401237), (578.25946, 71.85648, -63.08896), (574.68176, 74.35816, -70.24438), (584.3137, 69.559, -62.666668), (584.3137, 67.975624, -70.666664), (593.94574, 65.12141, -63.08896), (590.368, 64.34587, -70.24438), (601.7889, 57.76158, -70.9321), (598.2111, 59.309128, -78.08751), (607.84314, 54.987934, -70.5098), (607.84314, 53.674713, -78.5098), (615.6863, 51.542065, -70.5098), (615.6863, 49.946976, -78.5098), (623.5294, 47.98122, -70.5098), (623.5294, 47.014065, -78.5098), (631.37256, 42.519543, -70.5098), (631.37256, 43.952, -78.5098), (639.2157, 37.841976, -70.5098), (639.2157, 40.44655, -78.5098), (645.26996, 34.515686, -70.9321), (648.84766, 36.37675, -78.08751), (653.1131, 30.81604, -63.08896), (656.6908, 28.847803, -70.24438), (662.7451, 24.909239, -62.666668), (662.7451, 26.223314, -70.666664), (668.7994, 21.069002, -63.08896), (672.3771, 22.37464, -70.24438), (676.6425, 17.832142, -55.24582), (680.2202, 15.170848, -62.401237), (686.27454, 12.158378, -54.82353), (686.27454, 13.087615, -62.82353), (694.1177, 7.6758695, -54.82353), (694.1177, 11.177553, -62.82353), (700.17194, 5.3105245, -55.24582), (703.74963, 9.184643, -62.401237), (708.0151, 4.0050826, -47.402683), (711.5928, 2.8298502, -54.5581), (717.64703, 1.9438579, -46.980392), (717.64703, 2.460396, -54.980392), (723.70135, 0.5468133, -47.402683), (727.27905, 1.9267312, -54.5581), (730.5049, 1.0755383, -40.308826), (736.16174, 0.29962552, -45.965683)]
                    texCoord2f[] primvars:st = [(0, 0), (1, 0), (0, 0.038733367), (1, 0.038733367), (0, 0.0762913), (1, 0.0762913), (0, 0.11303034), (1, 0.11303034), (0, 0.16681765), (1, 0.16681765), (0, 0.20588194), (1, 0.20588194), (0, 0.24426147), (1, 0.24426147), (0, 0.3003445), (1, 0.3003445), (0, 0.34026423), (1, 0.34026423), (0, 0.3787453), (1, 0.3787453), (0, 0.41613007), (1, 0.41613007), (0, 0.4542968), (1, 0.4542968), (0, 0.4929169), (1, 0.4929169), (0, 0.5308218), (1, 0.5308218), (0, 0.5859552), (1, 0.5859552), (0, 0.62568), (1, 0.62568), (0, 0.664203), (1, 0.664203), (0, 0.7179203), (1, 0.7179203), (0, 0.7567122), (1, 0.7567122), (0, 0.7936283), (1, 0.7936283), (0, 0.82893884), (1, 0.82893884), (0, 0.8815883), (1, 0.8815883), (0, 0.91671246), (1, 0.91671246), (0, 0.9512037), (1, 0.9512037), (0, 1), (1, 1)] (
                        interpolation = "vertex"
                    )
                    uniform token subdivisionScheme = "none"
                }

                def Mesh "River_36" (
                    prepend apiSchemas = ["MaterialBindingAPI"]
                )
                {
                    float3[] extent = [(-937.2549, 0.30669412, -305.9608), (-419.60785, 127.94634, -78.35294)]
                    int[] faceVertexCounts = [4, 4, 4, 4, 4, 4, 4, 4, 4, 4, 4, 4, 4, 4, 4, 4, 4, 4, 4, 4, 4, 4, 4, 4, 4, 4, 4, 4, 4, 4, 4, 4, 4, 4, 4, 4, 4, 4, 4, 4, 4, 4, 4, 4, 4, 4, 4, 4, 4, 4, 4, 4, 4, 4, 4, 4, 4, 4, 4, 4, 4, 4, 4, 4, 4, 4]
                    int[] faceVertexIndices = [0, 2, 3, 1, 2, 4, 5, 3, 4, 6, 7, 5, 6, 8, 9, 7, 8, 10, 11, 9, 10, 12, 13, 11, 12, 14, 15, 13, 14, 16, 17, 15, 16, 18, 19, 17, 18, 20, 21, 19, 20, 22, 23, 21, 22, 24, 25, 23, 24, 26, 27, 25, 26, 28, 29, 27, 28, 30, 31, 29, 30, 32, 33, 31, 32, 34, 35, 33, 34, 36, 37, 35, 36, 38, 39, 37, 38, 40, 41, 39, 40, 42, 43, 41, 42, 44, 45, 43, 44, 46, 47, 45, 46, 48, 49, 47, 48, 50, 51, 49, 50, 52, 53, 51, 52, 54, 55, 53, 54, 56, 57, 55, 56, 58, 59, 57, 58, 60, 61, 59, 60, 62, 63, 61, 62, 64, 65, 63, 64, 66, 67, 65, 66, 68, 69, 67, 68, 70, 71, 69, 70, 72, 73, 71, 72, 74, 75, 73, 74, 76, 77, 75, 76, 78, 79, 77, 78, 80, 81, 79, 80, 82, 83, 81, 82, 84, 85, 83, 84, 86, 87, 85, 86, 88, 89, 87, 88, 90, 91, 89, 90, 92, 93, 91, 92, 94, 95, 93, 94, 96, 97, 95, 96, 98, 99, 97, 98, 100, 101, 99, 100, 102, 103, 101, 102, 104, 105, 103, 104, 106, 107, 105, 106, 108, 109, 107, 108, 110, 111, 109, 110, 112, 113, 111, 112, 114, 115, 113, 114, 116, 117, 115, 116, 118, 119, 117, 118, 120, 121, 119, 120, 122, 123, 121, 122, 124, 125, 123, 124, 126, 127, 125, 126, 128, 129, 127, 128, 130, 131, 129, 130, 132, 133, 131]
                    rel material:binding = </Island/Hydrology/Rivers/Water/WaterMaterial>
                    point3f[] points = [(-419.60785, 127.376686, -86.35294), (-419.60785, 127.94634, -78.35294), (-425.66214, 125.48186, -85.93065), (-429.23984, 125.88903, -78.77523), (-433.50525, 122.62145, -93.77379), (-437.08298, 122.0501, -86.61837), (-441.3484, 119.51576, -93.77379), (-444.92612, 120.81261, -86.61837), (-449.19153, 117.20424, -101.61693), (-452.76926, 115.77027, -94.46151), (-457.03467, 113.40273, -101.61693), (-460.6124, 114.90045, -94.46151), (-464.8778, 111.98958, -109.46006), (-468.45554, 109.28233, -102.30464), (-472.72095, 108.06715, -109.46006), (-476.29865, 108.70133, -102.30464), (-480.5641, 106.15542, -117.3032), (-484.14178, 103.64295, -110.14778), (-488.40723, 101.7743, -117.3032), (-491.98492, 102.64224, -110.14778), (-496.25037, 99.5121, -125.14634), (-499.82806, 97.25903, -117.99092), (-504.0935, 95.08941, -125.14634), (-507.6712, 96.29167, -117.99092), (-511.93665, 92.57517, -132.98947), (-515.51434, 90.73006, -125.83405), (-519.7798, 88.192635, -132.98947), (-523.3575, 89.495056, -125.83405), (-527.6229, 85.77868, -140.83261), (-531.2006, 83.62641, -133.6772), (-535.46606, 81.78852, -140.83261), (-539.04376, 82.67429, -133.6772), (-543.3092, 80.00995, -148.67575), (-546.8869, 77.11732, -141.52032), (-552.94116, 74.87452, -149.09804), (-552.94116, 76.221245, -141.09804), (-558.9955, 72.081314, -148.67575), (-562.5732, 74.93951, -141.52032), (-566.8386, 70.7286, -156.51889), (-570.4163, 69.04685, -149.36346), (-574.68176, 67.20419, -156.51889), (-578.25946, 68.16924, -149.36346), (-582.52484, 65.8401, -164.36203), (-586.1026, 62.91109, -157.2066), (-592.15686, 60.96843, -164.78432), (-592.15686, 61.970768, -156.78432), (-598.2111, 58.186146, -164.36203), (-601.7889, 60.959408, -157.2066), (-606.05426, 56.498775, -172.20515), (-609.632, 54.963226, -165.04974), (-615.6863, 52.6492, -172.62746), (-615.6863, 54.242325, -164.62746), (-621.74054, 50.01321, -172.20515), (-625.31824, 52.173176, -165.04974), (-629.5837, 49.852623, -180.0483), (-633.1614, 46.793884, -172.89288), (-639.2157, 45.97892, -180.47058), (-639.2157, 45.623264, -172.47058), (-647.05884, 42.995007, -180.47058), (-647.05884, 44.70136, -172.47058), (-653.1131, 41.44451, -180.0483), (-656.6908, 44.32379, -172.89288), (-660.95624, 41.90547, -187.89143), (-664.53394, 38.677807, -180.73602), (-670.58826, 38.573265, -188.31372), (-670.58826, 38.10959, -180.31372), (-676.6425, 36.79285, -187.89143), (-680.2202, 37.687454, -180.73602), (-684.48566, 36.561745, -195.73457), (-688.06335, 33.19586, -188.57915), (-694.1177, 33.27953, -196.15686), (-694.1177, 32.850285, -188.15686), (-700.17194, 30.350636, -195.73457), (-703.74963, 32.3279, -188.57915), (-708.0151, 30.130648, -203.57771), (-711.5928, 28.153234, -196.42229), (-715.8582, 27.63061, -203.57771), (-719.4359, 28.799417, -196.42229), (-723.70135, 27.359692, -211.42085), (-727.27905, 24.871078, -204.26543), (-731.5445, 23.689415, -211.42085), (-735.1222, 24.505325, -204.26543), (-739.38763, 22.68558, -219.26398), (-742.96533, 20.923157, -212.10857), (-747.2308, 19.491411, -219.26398), (-750.8085, 21.154308, -212.10857), (-755.0739, 19.216349, -227.10712), (-758.6516, 17.139166, -219.9517), (-762.91705, 15.392853, -227.10712), (-766.49475, 18.041527, -219.9517), (-770.7602, 15.030254, -234.95026), (-774.3379, 14.466354, -227.79485), (-778.60333, 12.347868, -234.95026), (-782.181, 14.635192, -227.79485), (-785.40686, 12.137492, -242.04411), (-791.0637, 10.540469, -236.38725), (-794.28955, 11.935248, -250.63654), (-797.8673, 8.451555, -243.48111), (-802.1327, 9.0560465, -250.63654), (-805.71045, 8.980334, -243.48111), (-809.9758, 9.532775, -258.47968), (-813.5536, 6.240707, -251.32425), (-819.60785, 6.3243694, -258.90195), (-819.60785, 6.5580654, -250.90196), (-825.6621, 4.5526595, -258.47968), (-829.2398, 7.2857943, -251.32425), (-833.50525, 5.0345573, -266.3228), (-837.08295, 4.517084, -259.1674), (-841.3484, 3.221118, -266.3228), (-844.9261, 5.1092405, -259.1674), (-849.1915, 4.091582, -274.16595), (-852.7692, 2.6806614, -267.01053), (-857.03467, 1.7644613, -274.16595), (-860.61237, 2.9011872, -267.01053), (-864.8778, 2.595235, -282.0091), (-868.4555, 1.207608, -274.85367), (-874.5098, 1.5938728, -282.43137), (-874.5098, 1.7164549, -274.43137), (-880.5641, 0.66167724, -282.0091), (-884.1418, 1.7946441, -274.85367), (-888.4072, 1.0703151, -289.8522), (-891.9849, 0.70630443, -282.6968), (-896.25037, 0.43278396, -289.8522), (-899.82806, 0.7744866, -282.6968), (-904.0935, 0.7364766, -297.69534), (-907.6712, 0.32171863, -290.53995), (-913.72546, 0.4442757, -298.11765), (-913.72546, 0.33686388, -290.11765), (-919.7798, 0.33394223, -297.69534), (-923.3575, 0.3503953, -290.53995), (-927.6229, 0.34403196, -305.53848), (-931.2006, 0.30669412, -298.3831), (-937.2549, 0.3079347, -305.9608), (-937.2549, 0.30753258, -297.9608)]
                    texCoord2f[] primvars:st = [(0, 0), (1, 0), (0, 0.012994487), (1, 0.012994487), (0, 0.03151347), (1, 0.03151347), (0, 0.04463101), (1, 0.04463101), (0, 0.06342772), (1, 0.06342772), (0, 0.07649589), (1, 0.07649589), (0, 0.094918765), (1, 0.094918765), (0, 0.10836391), (1, 0.10836391), (0, 0.12669837), (1, 0.12669837), (0, 0.14005806), (1, 0.14005806), (0, 0.15851592), (1, 0.15851592), (0, 0.17208529), (1, 0.17208529), (0, 0.1908379), (1, 0.1908379), (0, 0.20417696), (1, 0.20417696), (0, 0.2228474), (1, 0.2228474), (0, 0.23643883), (1, 0.23643883), (0, 0.2548153), (1, 0.2548153), (0, 0.26828125), (1, 0.26828125), (0, 0.2810912), (1, 0.2810912), (0, 0.2998609), (1, 0.2998609), (0, 0.31299147), (1, 0.31299147), (0, 0.3313077), (1, 0.3313077), (0, 0.3447892), (1, 0.3447892), (0, 0.35753572), (1, 0.35753572), (0, 0.3764421), (1, 0.3764421), (0, 0.38964698), (1, 0.38964698), (0, 0.4025151), (1, 0.4025151), (0, 0.42081884), (1, 0.42081884), (0, 0.4340167), (1, 0.4340167), (0, 0.44682905), (1, 0.44682905), (0, 0.45937896), (1, 0.45937896), (0, 0.47752133), (1, 0.47752133), (0, 0.49089217), (1, 0.49089217), (0, 0.50358564), (1, 0.50358564), (0, 0.521508), (1, 0.521508), (0, 0.5344467), (1, 0.5344467), (0, 0.5471791), (1, 0.5471791), (0, 0.56524706), (1, 0.56524706), (0, 0.5779943), (1, 0.5779943), (0, 0.59591573), (1, 0.59591573), (0, 0.6088284), (1, 0.6088284), (0, 0.62685204), (1, 0.62685204), (0, 0.6397069), (1, 0.6397069), (0, 0.65773344), (1, 0.65773344), (0, 0.67033064), (1, 0.67033064), (0, 0.6885372), (1, 0.6885372), (0, 0.70116717), (1, 0.70116717), (0, 0.71916807), (1, 0.71916807), (0, 0.7368765), (1, 0.7368765), (0, 0.7500928), (1, 0.7500928), (0, 0.76780456), (1, 0.76780456), (0, 0.78059804), (1, 0.78059804), (0, 0.793119), (1, 0.793119), (0, 0.8111751), (1, 0.8111751), (0, 0.82369673), (1, 0.82369673), (0, 0.8414553), (1, 0.8414553), (0, 0.8540146), (1, 0.8540146), (0, 0.8717332), (1, 0.8717332), (0, 0.8842702), (1, 0.8842702), (0, 0.8967898), (1, 0.8967898), (0, 0.9145096), (1, 0.9145096), (0, 0.92702967), (1, 0.92702967), (0, 0.94473577), (1, 0.94473577), (0, 0.95725554), (1, 0.95725554), (0, 0.9697751), (1, 0.9697751), (0, 0.98748046), (1, 0.98748046), (0, 1), (1, 1)] (
                        interpolation = "vertex"
                    )
                    uniform token subdivisionScheme = "none"
                }

                def Mesh "River_37" (
                    prepend apiSchemas = ["MaterialBindingAPI"]
                )
                {
                    float3[] extent = [(631.37256, 0.29938963, -384.39215), (921.5686, 53.05678, -250.90196)]
                    int[] faceVertexCounts = [4, 4, 4, 4, 4, 4, 4, 4, 4, 4, 4, 4, 4, 4, 4, 4, 4, 4, 4, 4, 4, 4, 4, 4, 4, 4, 4, 4, 4, 4, 4, 4, 4, 4, 4, 4, 4]
                    int[] faceVertexIndices = [0, 2, 3, 1, 2, 4, 5, 3, 4, 6, 7, 5, 6, 8, 9, 7, 8, 10, 11, 9, 10, 12, 13, 11, 12, 14, 15, 13, 14, 16, 17, 15, 16, 18, 19, 17, 18, 20, 21, 19, 20, 22, 23, 21, 22, 24, 25, 23, 24, 26, 27, 25, 26, 28, 29, 27, 28, 30, 31, 29, 30, 32, 33, 31, 32, 34, 35, 33, 34, 36, 37, 35, 36, 38, 39, 37, 38, 40, 41, 39, 40, 42, 43, 41, 42, 44, 45, 43, 44, 46, 47, 45, 46, 48, 49, 47, 48, 50, 51, 49, 50, 52, 53, 51, 52, 54, 55, 53, 54, 56, 57, 55, 56, 58, 59, 57, 58, 60, 61, 59, 60, 62, 63, 61, 62, 64, 65, 63, 64, 66, 67, 65, 66, 68, 69, 67, 68, 70, 71, 69, 70, 72, 73, 71, 72, 74, 75, 73]
                    rel material:binding = </Island/Hydrology/Rivers/Water/WaterMaterial>
                    point3f[] points = [(631.37256, 52.31429, -250.90196), (631.37256, 53.05678, -258.90195), (639.2157, 50.918423, -250.90196), (639.2157, 49.467674, -258.90195), (648.84766, 49.5238, -251.32425), (645.26996, 47.43616, -258.47968), (656.6908, 44.19767, -259.1674), (653.1131, 46.203865, -266.3228), (662.7451, 43.555626, -258.7451), (662.7451, 42.9009, -266.7451), (672.3771, 42.107475, -259.1674), (668.7994, 40.31194, -266.3228), (680.2202, 37.11978, -267.01053), (676.6425, 39.902214, -274.16595), (686.27454, 36.075996, -266.58823), (686.27454, 35.320503, -274.58823), (695.9065, 34.57226, -267.01053), (692.3288, 33.026268, -274.16595), (703.74963, 29.692503, -274.85367), (700.17194, 32.1202, -282.0091), (709.8039, 29.269085, -274.43137), (709.8039, 28.53261, -282.43137), (719.4359, 28.465267, -274.85367), (715.8582, 26.121826, -282.0091), (727.27905, 23.93312, -282.6968), (723.70135, 24.707056, -289.8522), (735.1222, 23.554522, -282.6968), (731.5445, 21.919052, -289.8522), (742.96533, 19.466764, -290.53995), (739.38763, 21.277788, -297.69534), (750.8085, 19.42859, -290.53995), (747.2308, 18.365833, -297.69534), (758.6516, 15.930152, -298.3831), (755.0739, 17.96269, -305.53848), (766.49475, 15.492361, -298.3831), (762.91705, 14.64193, -305.53848), (774.3379, 12.477888, -306.22623), (770.7602, 14.310052, -313.38162), (782.181, 12.249795, -306.22623), (778.60333, 11.950193, -313.38162), (790.0242, 9.821783, -314.06934), (786.4464, 11.644003, -321.22476), (797.8673, 9.366867, -314.06934), (794.28955, 9.124852, -321.22476), (805.71045, 7.295222, -321.91248), (802.1327, 8.812218, -329.0679), (813.5536, 6.8390756, -321.91248), (809.9758, 7.0077724, -329.0679), (821.39667, 5.2071214, -329.7556), (817.819, 6.588691, -336.91104), (829.2398, 4.8172154, -329.7556), (825.6621, 4.7869678, -336.91104), (837.08295, 3.3808172, -337.59875), (833.50525, 4.387246, -344.75418), (844.9261, 3.0829678, -337.59875), (841.3484, 3.1188862, -344.75418), (852.7692, 2.015618, -345.4419), (849.1915, 2.74961, -352.59732), (860.61237, 1.8260148, -345.4419), (857.03467, 1.6875747, -352.59732), (868.4555, 1.0058451, -353.28503), (864.8778, 1.4240956, -360.44046), (876.29865, 1.0094837, -353.28503), (872.72095, 0.83070123, -360.44046), (884.1418, 0.5309778, -361.12817), (880.5641, 0.6372282, -368.2836), (891.9849, 0.49799338, -361.12817), (888.4072, 0.38440165, -368.2836), (899.82806, 0.3325922, -368.9713), (896.25037, 0.34210896, -376.12674), (907.6712, 0.32425696, -368.9713), (904.0935, 0.31220722, -376.12674), (915.51434, 0.3085218, -376.81445), (911.93665, 0.31220722, -383.96988), (921.5686, 0.30743206, -376.39215), (921.5686, 0.29938963, -384.39215)]
                    texCoord2f[] primvars:st = [(0, 0), (1, 0), (0, 0.023800557), (1, 0.023800557), (0, 0.04675068), (1, 0.04675068), (0, 0.08025188), (1, 0.08025188), (0, 0.103744484), (1, 0.103744484), (0, 0.12693454), (1, 0.12693454), (0, 0.15966019), (1, 0.15966019), (0, 0.18360363), (1, 0.18360363), (0, 0.20673925), (1, 0.20673925), (0, 0.23966165), (1, 0.23966165), (0, 0.26322696), (1, 0.26322696), (0, 0.28613105), (1, 0.28613105), (0, 0.31917584), (1, 0.31917584), (0, 0.34206182), (1, 0.34206182), (0, 0.37482372), (1, 0.37482372), (0, 0.39782563), (1, 0.39782563), (0, 0.43011937), (1, 0.43011937), (0, 0.4532124), (1, 0.4532124), (0, 0.48545355), (1, 0.48545355), (0, 0.5083369), (1, 0.5083369), (0, 0.54040706), (1, 0.54040706), (0, 0.56333107), (1, 0.56333107), (0, 0.5953633), (1, 0.5953633), (0, 0.61820996), (1, 0.61820996), (0, 0.6501904), (1, 0.6501904), (0, 0.67297477), (1, 0.67297477), (0, 0.7049433), (1, 0.7049433), (0, 0.7276307), (1, 0.7276307), (0, 0.75956744), (1, 0.75956744), (0, 0.78218937), (1, 0.78218937), (0, 0.8141072), (1, 0.8141072), (0, 0.8366738), (1, 0.8366738), (0, 0.8685718), (1, 0.8685718), (0, 0.8911226), (1, 0.8911226), (0, 0.92301273), (1, 0.92301273), (0, 0.94556165), (1, 0.94556165), (0, 0.9774509), (1, 0.9774509), (0, 1), (1, 1)] (
                        interpolation = "vertex"
                    )
                    uniform token subdivisionScheme = "none"
                }

                def Mesh "River_38" (
                    prepend apiSchemas = ["MaterialBindingAPI"]
                )
                {
                    float3[] extent = [(-890.1961, 0.30703443, -447.13727), (-636.38727, 36.74002, -299.13235)]
                    int[] faceVertexCounts = [4, 4, 4, 4, 4, 4, 4, 4, 4, 4, 4, 4, 4, 4, 4, 4, 4, 4, 4, 4, 4, 4, 4, 4, 4, 4, 4, 4, 4, 4, 4, 4]
                    int[] faceVertexIndices = [0, 2, 3, 1, 2, 4, 5, 3, 4, 6, 7, 5, 6, 8, 9, 7, 8, 10, 11, 9, 10, 12, 13, 11, 12, 14, 15, 13, 14, 16, 17, 15, 16, 18, 19, 17, 18, 20, 21, 19, 20, 22, 23, 21, 22, 24, 25, 23, 24, 26, 27, 25, 26, 28, 29, 27, 28, 30, 31, 29, 30, 32, 33, 31, 32, 34, 35, 33, 34, 36, 37, 35, 36, 38, 39, 37, 38, 40, 41, 39, 40, 42, 43, 41, 42, 44, 45, 43, 44, 46, 47, 45, 46, 48, 49, 47, 48, 50, 51, 49, 50, 52, 53, 51, 52, 54, 55, 53, 54, 56, 57, 55, 56, 58, 59, 57, 58, 60, 61, 59, 60, 62, 63, 61, 62, 64, 65, 63]
                    rel material:binding = </Island/Hydrology/Rivers/Water/WaterMaterial>
                    point3f[] points = [(-636.38727, 36.74002, -304.7892), (-642.0441, 36.435535, -299.13235), (-644.2304, 34.832546, -312.63235), (-649.88727, 33.85568, -306.9755), (-653.1131, 32.910187, -321.22476), (-656.6908, 30.923872, -314.06934), (-660.95624, 29.139662, -321.22476), (-664.53394, 31.360506, -314.06934), (-667.7598, 27.756313, -328.31863), (-673.4167, 27.531067, -322.66177), (-676.6425, 26.903757, -336.91104), (-680.2202, 24.537424, -329.7556), (-684.48566, 22.692345, -336.91104), (-688.06335, 25.0773, -329.7556), (-691.28925, 21.850674, -344.00488), (-696.94604, 21.417576, -338.34805), (-700.17194, 20.585808, -352.59732), (-703.74963, 18.52558, -345.4419), (-708.0151, 16.926414, -352.59732), (-711.5928, 19.142347, -345.4419), (-714.8186, 16.208683, -359.69116), (-720.47546, 15.675938, -354.03433), (-723.70135, 15.660712, -368.2836), (-727.27905, 13.469975, -361.12817), (-731.5445, 12.366856, -368.2836), (-735.1222, 13.636425, -361.12817), (-738.348, 11.896273, -375.37744), (-744.0049, 11.318785, -369.72058), (-747.2308, 11.269494, -383.96988), (-750.8085, 9.34207, -376.81445), (-755.0739, 8.689004, -383.96988), (-758.6516, 9.347923, -376.81445), (-762.91705, 8.248667, -391.813), (-766.49475, 7.4656253, -384.6576), (-770.7602, 6.649353, -391.813), (-774.3379, 7.6649203, -384.6576), (-777.5637, 6.1415935, -398.90686), (-783.2206, 5.7010937, -393.25), (-786.4464, 5.4605036, -407.49927), (-790.0242, 4.595194, -400.34387), (-794.28955, 4.2660007, -407.49927), (-797.8673, 4.393214, -400.34387), (-802.1327, 3.7756224, -415.3424), (-805.71045, 3.2492146, -408.187), (-809.9758, 2.7445092, -415.3424), (-813.5536, 3.0094273, -408.187), (-817.819, 2.3525999, -423.18555), (-821.39667, 2.0139756, -416.03012), (-825.6621, 1.6654519, -423.18555), (-829.2398, 1.8192991, -416.03012), (-833.50525, 1.3106304, -431.0287), (-837.08295, 1.125458, -423.87326), (-841.3484, 0.85401446, -431.0287), (-844.9261, 0.9558634, -423.87326), (-849.1915, 0.6560335, -438.87183), (-852.7692, 0.5546486, -431.7164), (-857.03467, 0.4409664, -438.87183), (-860.61237, 0.47755122, -431.7164), (-864.8778, 0.3578753, -446.71497), (-868.4555, 0.34128258, -439.55954), (-874.5098, 0.32138705, -447.13727), (-874.5098, 0.32949892, -439.13727), (-882.35297, 0.31647974, -447.13727), (-882.35297, 0.31714422, -439.13727), (-890.1961, 0.30703443, -447.13727), (-890.1961, 0.31647974, -439.13727)]
                    texCoord2f[] primvars:st = [(0, 0), (1, 0), (0, 0.036330942), (1, 0.036330942), (0, 0.07239502), (1, 0.07239502), (0, 0.09803727), (1, 0.09803727), (0, 0.13481976), (1, 0.13481976), (0, 0.17078847), (1, 0.17078847), (0, 0.19627726), (1, 0.19627726), (0, 0.23303966), (1, 0.23303966), (0, 0.26895395), (1, 0.26895395), (0, 0.29438707), (1, 0.29438707), (0, 0.3308314), (1, 0.3308314), (0, 0.36653197), (1, 0.36653197), (0, 0.39203817), (1, 0.39203817), (0, 0.42793), (1, 0.42793), (0, 0.46352628), (1, 0.46352628), (0, 0.48896846), (1, 0.48896846), (0, 0.5246948), (1, 0.5246948), (0, 0.54986525), (1, 0.54986525), (0, 0.58557063), (1, 0.58557063), (0, 0.6211576), (1, 0.6211576), (0, 0.6463921), (1, 0.6463921), (0, 0.6819758), (1, 0.6819758), (0, 0.707159), (1, 0.707159), (0, 0.74273014), (1, 0.74273014), (0, 0.76787275), (1, 0.76787275), (0, 0.80341387), (1, 0.80341387), (0, 0.82853884), (1, 0.82853884), (0, 0.86405766), (1, 0.86405766), (0, 0.8891684), (1, 0.8891684), (0, 0.9246772), (1, 0.9246772), (0, 0.9497848), (1, 0.9497848), (0, 0.97489244), (1, 0.97489244), (0, 1), (1, 1)] (
                        interpolation = "vertex"
                    )
                    uniform token subdivisionScheme = "none"
                }

                def Mesh "River_39" (
                    prepend apiSchemas = ["MaterialBindingAPI"]
                )
                {
                    float3[] extent = [(607.84314, 0.3045273, -445.96567), (893.0245, 53.754433, -313.64706)]
                    int[] faceVertexCounts = [4, 4, 4, 4, 4, 4, 4, 4, 4, 4, 4, 4, 4, 4, 4, 4, 4, 4, 4, 4, 4, 4, 4, 4, 4, 4, 4, 4, 4, 4, 4, 4, 4, 4, 4, 4]
                    int[] faceVertexIndices = [0, 2, 3, 1, 2, 4, 5, 3, 4, 6, 7, 5, 6, 8, 9, 7, 8, 10, 11, 9, 10, 12, 13, 11, 12, 14, 15, 13, 14, 16, 17, 15, 16, 18, 19, 17, 18, 20, 21, 19, 20, 22, 23, 21, 22, 24, 25, 23, 24, 26, 27, 25, 26, 28, 29, 27, 28, 30, 31, 29, 30, 32, 33, 31, 32, 34, 35, 33, 34, 36, 37, 35, 36, 38, 39, 37, 38, 40, 41, 39, 40, 42, 43, 41, 42, 44, 45, 43, 44, 46, 47, 45, 46, 48, 49, 47, 48, 50, 51, 49, 50, 52, 53, 51, 52, 54, 55, 53, 54, 56, 57, 55, 56, 58, 59, 57, 58, 60, 61, 59, 60, 62, 63, 61, 62, 64, 65, 63, 64, 66, 67, 65, 66, 68, 69, 67, 68, 70, 71, 69, 70, 72, 73, 71]
                    rel material:binding = </Island/Hydrology/Rivers/Water/WaterMaterial>
                    point3f[] points = [(607.84314, 52.581776, -313.64706), (607.84314, 53.754433, -321.64706), (615.6863, 50.868675, -313.64706), (615.6863, 49.73157, -321.64706), (625.31824, 49.346043, -314.06934), (621.74054, 47.233047, -321.22476), (633.1614, 44.118256, -321.91248), (629.5837, 45.527218, -329.0679), (641.0045, 43.311657, -321.91248), (637.4268, 42.0634, -329.0679), (648.84766, 38.704006, -329.7556), (645.26996, 40.647198, -336.91104), (656.6908, 37.281868, -329.7556), (653.1131, 37.040844, -336.91104), (664.53394, 33.20702, -337.59875), (660.95624, 36.105473, -344.75418), (670.58826, 31.865767, -337.17648), (670.58826, 32.376957, -345.17648), (680.2202, 30.825512, -337.59875), (676.6425, 29.616898, -344.75418), (688.06335, 26.414194, -345.4419), (684.48566, 28.573507, -352.59732), (695.9065, 25.400019, -345.4419), (692.3288, 24.961702, -352.59732), (703.74963, 21.623653, -353.28503), (700.17194, 24.256895, -360.44046), (711.5928, 21.056576, -353.28503), (708.0151, 21.183542, -360.44046), (719.4359, 17.806232, -361.12817), (715.8582, 20.635256, -368.2836), (727.27905, 17.032028, -361.12817), (723.70135, 16.938011, -368.2836), (735.1222, 14.257259, -368.9713), (731.5445, 16.661015, -376.12674), (741.17645, 13.69571, -368.549), (741.17645, 13.570995, -376.549), (750.8085, 13.551244, -368.9713), (747.2308, 11.880433, -376.12674), (758.6516, 10.546275, -376.81445), (755.0739, 10.808397, -383.96988), (766.49475, 10.358835, -376.81445), (762.91705, 8.967093, -383.96988), (774.3379, 7.678622, -384.6576), (770.7602, 8.540884, -391.813), (782.181, 7.86178, -384.6576), (778.60333, 6.6335235, -391.813), (790.0242, 5.4667854, -392.50073), (786.4464, 6.2281723, -399.65613), (797.8673, 5.3555193, -392.50073), (794.28955, 4.3700767, -399.65613), (805.71045, 3.396722, -400.34387), (802.1327, 4.2391243, -407.49927), (813.5536, 3.6169848, -400.34387), (809.9758, 2.868693, -407.49927), (821.39667, 2.0791583, -408.187), (817.819, 2.714324, -415.3424), (829.2398, 2.035183, -408.187), (825.6621, 1.4844532, -415.3424), (837.08295, 1.0000817, -416.03012), (833.50525, 1.4727377, -423.18555), (844.9261, 1.1341152, -416.03012), (841.3484, 0.8068768, -423.18555), (852.7692, 0.5387941, -423.87326), (849.1915, 0.7325322, -431.0287), (860.61237, 0.5295191, -423.87326), (857.03467, 0.38349074, -431.0287), (868.4555, 0.33770648, -431.7164), (864.8778, 0.38060018, -438.87183), (874.5098, 0.34002593, -431.29413), (874.5098, 0.31732973, -439.29413), (884.1418, 0.32440138, -431.7164), (880.5641, 0.31259802, -438.87183), (893.0245, 0.3045273, -440.30884), (887.3677, 0.31119215, -445.96567)]
                    texCoord2f[] primvars:st = [(0, 0), (1, 0), (0, 0.024691433), (1, 0.024691433), (0, 0.048294317), (1, 0.048294317), (0, 0.0827808), (1, 0.0827808), (0, 0.10667971), (1, 0.10667971), (0, 0.14028788), (1, 0.14028788), (0, 0.16452633), (1, 0.16452633), (0, 0.19776317), (1, 0.19776317), (0, 0.22231117), (1, 0.22231117), (0, 0.24614367), (1, 0.24614367), (0, 0.27956837), (1, 0.27956837), (0, 0.30356342), (1, 0.30356342), (0, 0.33676267), (1, 0.33676267), (0, 0.3607122), (1, 0.3607122), (0, 0.39359236), (1, 0.39359236), (0, 0.4175705), (1, 0.4175705), (0, 0.45042694), (1, 0.45042694), (0, 0.47411638), (1, 0.47411638), (0, 0.4973039), (1, 0.4973039), (0, 0.5304205), (1, 0.5304205), (0, 0.5535967), (1, 0.5535967), (0, 0.5866465), (1, 0.5866465), (0, 0.6097972), (1, 0.6097972), (0, 0.64262915), (1, 0.64262915), (0, 0.66579366), (1, 0.66579366), (0, 0.6985675), (1, 0.6985675), (0, 0.72165924), (1, 0.72165924), (0, 0.754325), (1, 0.754325), (0, 0.77741545), (1, 0.77741545), (0, 0.81004316), (1, 0.81004316), (0, 0.8330946), (1, 0.8330946), (0, 0.86569136), (1, 0.86569136), (0, 0.88873667), (1, 0.88873667), (0, 0.9213255), (1, 0.9213255), (0, 0.9443687), (1, 0.9443687), (0, 0.96741194), (1, 0.96741194), (0, 1), (1, 1)] (
                        interpolation = "vertex"
                    )
                    uniform token subdivisionScheme = "none"
                }

                def Mesh "River_40" (
                    prepend apiSchemas = ["MaterialBindingAPI"]
                )
                {
                    float3[] extent = [(-874.5098, 0.3033651, -478.5098), (-605.0147, 40.173958, -322.66177)]
                    int[] faceVertexCounts = [4, 4, 4, 4, 4, 4, 4, 4, 4, 4, 4, 4, 4, 4, 4, 4, 4, 4, 4, 4, 4, 4, 4, 4, 4, 4, 4, 4, 4, 4, 4, 4, 4, 4]
                    int[] faceVertexIndices = [0, 2, 3, 1, 2, 4, 5, 3, 4, 6, 7, 5, 6, 8, 9, 7, 8, 10, 11, 9, 10, 12, 13, 11, 12, 14, 15, 13, 14, 16, 17, 15, 16, 18, 19, 17, 18, 20, 21, 19, 20, 22, 23, 21, 22, 24, 25, 23, 24, 26, 27, 25, 26, 28, 29, 27, 28, 30, 31, 29, 30, 32, 33, 31, 32, 34, 35, 33, 34, 36, 37, 35, 36, 38, 39, 37, 38, 40, 41, 39, 40, 42, 43, 41, 42, 44, 45, 43, 44, 46, 47, 45, 46, 48, 49, 47, 48, 50, 51, 49, 50, 52, 53, 51, 52, 54, 55, 53, 54, 56, 57, 55, 56, 58, 59, 57, 58, 60, 61, 59, 60, 62, 63, 61, 62, 64, 65, 63, 64, 66, 67, 65, 66, 68, 69, 67]
                    rel material:binding = </Island/Hydrology/Rivers/Water/WaterMaterial>
                    point3f[] points = [(-605.0147, 39.81982, -328.31863), (-610.6716, 40.173958, -322.66177), (-612.85785, 37.614895, -336.16177), (-618.5147, 37.68719, -330.5049), (-620.701, 35.474064, -344.00488), (-626.35785, 34.321842, -338.34805), (-628.5441, 33.926895, -351.84802), (-634.201, 31.000483, -346.1912), (-637.4268, 31.731754, -360.44046), (-641.0045, 28.801855, -353.28503), (-645.26996, 27.880499, -360.44046), (-648.84766, 28.758791, -353.28503), (-652.07355, 26.845884, -367.5343), (-657.7304, 25.28649, -361.87744), (-660.95624, 24.95464, -376.12674), (-664.53394, 22.381357, -368.9713), (-668.7994, 21.604612, -376.12674), (-672.3771, 23.047361, -368.9713), (-675.60297, 20.758919, -383.22058), (-681.2598, 18.922052, -377.56372), (-684.48566, 19.404297, -391.813), (-688.06335, 16.593723, -384.6576), (-692.3288, 16.417942, -391.813), (-695.9065, 16.882553, -384.6576), (-700.17194, 16.02887, -399.65613), (-703.74963, 13.711619, -392.50073), (-708.0151, 12.390004, -399.65613), (-711.5928, 13.935528, -392.50073), (-715.8582, 12.461292, -407.49927), (-719.4359, 10.79243, -400.34387), (-723.70135, 9.9293585, -407.49927), (-727.27905, 11.358317, -400.34387), (-731.5445, 9.877789, -415.3424), (-735.1222, 8.517884, -408.187), (-739.38763, 7.284355, -415.3424), (-742.96533, 8.766469, -408.187), (-747.2308, 7.7086906, -423.18555), (-750.8085, 6.287553, -416.03012), (-755.0739, 6.0285997, -423.18555), (-758.6516, 6.6440945, -416.03012), (-762.91705, 6.2798076, -431.0287), (-766.49475, 4.5177503, -423.87326), (-770.7602, 3.8710902, -431.0287), (-774.3379, 4.4164605, -423.87326), (-778.60333, 4.328661, -438.87183), (-782.181, 2.794186, -431.7164), (-786.4464, 2.9918823, -438.87183), (-790.0242, 3.0436714, -431.7164), (-794.28955, 3.165335, -446.71497), (-797.8673, 1.6987334, -439.55954), (-802.1327, 1.4889263, -446.71497), (-805.71045, 1.8117679, -439.55954), (-809.9758, 1.7111958, -454.5581), (-813.5536, 0.9093958, -447.40268), (-817.819, 0.90835273, -454.5581), (-821.39667, 1.241132, -447.40268), (-825.6621, 0.8360195, -462.40125), (-829.2398, 0.5933368, -455.24582), (-833.50525, 0.3828007, -462.40125), (-837.08295, 0.6979712, -455.24582), (-840.30884, 0.3993712, -469.4951), (-845.9657, 0.37655082, -463.83823), (-849.1915, 0.3635018, -478.08752), (-852.7692, 0.32553306, -470.9321), (-858.82355, 0.32162035, -478.5098), (-858.82355, 0.32788086, -470.5098), (-866.6667, 0.3167, -478.5098), (-866.6667, 0.32089853, -470.5098), (-874.5098, 0.3033651, -478.5098), (-874.5098, 0.32061896, -470.5098)]
                    texCoord2f[] primvars:st = [(0, 0), (1, 0), (0, 0.033993643), (1, 0.033993643), (0, 0.068420194), (1, 0.068420194), (0, 0.10244466), (1, 0.10244466), (0, 0.13624889), (1, 0.13624889), (0, 0.16132644), (1, 0.16132644), (0, 0.19550951), (1, 0.19550951), (0, 0.22931597), (1, 0.22931597), (0, 0.25377846), (1, 0.25377846), (0, 0.28779462), (1, 0.28779462), (0, 0.3215807), (1, 0.3215807), (0, 0.34597898), (1, 0.34597898), (0, 0.37965432), (1, 0.37965432), (0, 0.40374097), (1, 0.40374097), (0, 0.43765268), (1, 0.43765268), (0, 0.46144783), (1, 0.46144783), (0, 0.49510068), (1, 0.49510068), (0, 0.5188699), (1, 0.5188699), (0, 0.5525504), (1, 0.5525504), (0, 0.5762756), (1, 0.5762756), (0, 0.60976547), (1, 0.60976547), (0, 0.6336439), (1, 0.6336439), (0, 0.6671272), (1, 0.6671272), (0, 0.6908732), (1, 0.6908732), (0, 0.72431207), (1, 0.72431207), (0, 0.7480569), (1, 0.7480569), (0, 0.78150177), (1, 0.78150177), (0, 0.8051515), (1, 0.8051515), (0, 0.83858716), (1, 0.83858716), (0, 0.8622254), (1, 0.8622254), (0, 0.8956569), (1, 0.8956569), (0, 0.929086), (1, 0.929086), (0, 0.95272404), (1, 0.95272404), (0, 0.976362), (1, 0.976362), (0, 1), (1, 1)] (
                        interpolation = "vertex"
                    )
                    uniform token subdivisionScheme = "none"
                }

                def Mesh "River_41" (
                    prepend apiSchemas = ["MaterialBindingAPI"]
                )
                {
                    float3[] extent = [(-929.41174, 0.29934755, -368.70587), (-832.4657, 3.429987, -330.5049)]
                    int[] faceVertexCounts = [4, 4, 4, 4, 4, 4, 4, 4, 4, 4, 4, 4]
                    int[] faceVertexIndices = [0, 2, 3, 1, 2, 4, 5, 3, 4, 6, 7, 5, 6, 8, 9, 7, 8, 10, 11, 9, 10, 12, 13, 11, 12, 14, 15, 13, 14, 16, 17, 15, 16, 18, 19, 17, 18, 20, 21, 19, 20, 22, 23, 21, 22, 24, 25, 23]
                    rel material:binding = </Island/Hydrology/Rivers/Water/WaterMaterial>
                    point3f[] points = [(-832.4657, 3.0858302, -336.16177), (-838.12256, 3.429987, -330.5049), (-841.3484, 2.9376395, -344.75418), (-844.9261, 2.2297246, -337.59875), (-849.1915, 2.0096529, -344.75418), (-852.7692, 2.2873032, -337.59875), (-857.03467, 2.115895, -352.59732), (-860.61237, 1.2335051, -345.4419), (-866.6667, 0.9310961, -353.01962), (-866.6667, 1.2085156, -345.01962), (-872.72095, 0.6689254, -352.59732), (-876.29865, 1.1405653, -345.4419), (-880.5641, 0.70062125, -360.44046), (-884.1418, 0.5131139, -353.28503), (-888.4072, 0.4192627, -360.44046), (-891.9849, 0.520943, -353.28503), (-896.25037, 0.44701585, -368.2836), (-899.82806, 0.3290643, -361.12817), (-905.8823, 0.31948206, -368.70587), (-905.8823, 0.33294857, -360.70587), (-913.72546, 0.3084876, -368.70587), (-913.72546, 0.31702754, -360.70587), (-921.5686, 0.31135374, -368.70587), (-921.5686, 0.315471, -360.70587), (-929.41174, 0.29934755, -368.70587), (-929.41174, 0.3041105, -360.70587)]
                    texCoord2f[] primvars:st = [(0, 0), (1, 0), (0, 0.10379396), (1, 0.10379396), (0, 0.177057), (1, 0.177057), (0, 0.28059217), (1, 0.28059217), (0, 0.35392612), (1, 0.35392612), (0, 0.42709994), (1, 0.42709994), (0, 0.53065234), (1, 0.53065234), (0, 0.6038263), (1, 0.6038263), (0, 0.70730907), (1, 0.70730907), (0, 0.78048176), (1, 0.78048176), (0, 0.8536545), (1, 0.8536545), (0, 0.92682725), (1, 0.92682725), (0, 1), (1, 1)] (
                        interpolation = "vertex"
                    )
                    uniform token subdivisionScheme = "none"
                }

                def Mesh "River_42" (
                    prepend apiSchemas = ["MaterialBindingAPI"]
                )
                {
                    float3[] extent = [(411.7647, 0.3033033, -649.88727), (759.69116, 100.723785, -352.86273)]
                    int[] faceVertexCounts = [4, 4, 4, 4, 4, 4, 4, 4, 4, 4, 4, 4, 4, 4, 4, 4, 4, 4, 4, 4, 4, 4, 4, 4, 4, 4, 4, 4, 4, 4, 4, 4, 4, 4, 4, 4, 4, 4, 4, 4, 4, 4, 4, 4, 4]
                    int[] faceVertexIndices = [0, 2, 3, 1, 2, 4, 5, 3, 4, 6, 7, 5, 6, 8, 9, 7, 8, 10, 11, 9, 10, 12, 13, 11, 12, 14, 15, 13, 14, 16, 17, 15, 16, 18, 19, 17, 18, 20, 21, 19, 20, 22, 23, 21, 22, 24, 25, 23, 24, 26, 27, 25, 26, 28, 29, 27, 28, 30, 31, 29, 30, 32, 33, 31, 32, 34, 35, 33, 34, 36, 37, 35, 36, 38, 39, 37, 38, 40, 41, 39, 40, 42, 43, 41, 42, 44, 45, 43, 44, 46, 47, 45, 46, 48, 49, 47, 48, 50, 51, 49, 50, 52, 53, 51, 52, 54, 55, 53, 54, 56, 57, 55, 56, 58, 59, 57, 58, 60, 61, 59, 60, 62, 63, 61, 62, 64, 65, 63, 64, 66, 67, 65, 66, 68, 69, 67, 68, 70, 71, 69, 70, 72, 73, 71, 72, 74, 75, 73, 74, 76, 77, 75, 76, 78, 79, 77, 78, 80, 81, 79, 80, 82, 83, 81, 82, 84, 85, 83, 84, 86, 87, 85, 86, 88, 89, 87, 88, 90, 91, 89]
                    rel material:binding = </Island/Hydrology/Rivers/Water/WaterMaterial>
                    point3f[] points = [(411.7647, 100.22491, -352.86273), (411.7647, 100.723785, -360.86273), (421.3967, 99.865326, -353.28503), (417.819, 97.94151, -360.44046), (430.27942, 96.00937, -361.87744), (424.62256, 96.10357, -367.5343), (438.12256, 91.80749, -369.72058), (432.4657, 93.52761, -375.37744), (445.96567, 87.885635, -377.56372), (440.30884, 90.02374, -383.22058), (453.8088, 84.3615, -385.40686), (448.15198, 85.74156, -391.06372), (461.65195, 80.47728, -393.25), (455.99512, 81.21749, -398.90686), (469.4951, 77.13387, -401.09314), (463.83823, 77.23482, -406.75), (477.33823, 73.44693, -408.93628), (471.68137, 72.60861, -414.59314), (485.18137, 69.95051, -416.77942), (479.5245, 67.7741, -422.43628), (493.0245, 66.68772, -424.62256), (487.36765, 63.144753, -430.27942), (501.6169, 62.202988, -433.50525), (494.46152, 59.601185, -437.08298), (501.6169, 57.279266, -441.3484), (494.46152, 59.583805, -444.92612), (508.7108, 53.943523, -448.15198), (503.05392, 54.80469, -453.8088), (516.5539, 50.005394, -455.99512), (510.89706, 50.871864, -461.65195), (524.39703, 46.279835, -463.83823), (518.7402, 47.62891, -469.4951), (532.2402, 42.7533, -471.68137), (526.5833, 44.61665, -477.33823), (540.0833, 39.572514, -479.5245), (534.42645, 41.46391, -485.18137), (546.8869, 36.326122, -486.61838), (543.3092, 38.118557, -493.77377), (554.73004, 36.078007, -486.61838), (551.15234, 33.851757, -493.77377), (563.61273, 32.345108, -495.2108), (557.9559, 32.255287, -500.86765), (571.4559, 28.030027, -503.05392), (565.799, 30.651299, -508.7108), (578.25946, 25.551184, -510.1478), (574.68176, 28.800735, -517.3032), (586.1026, 25.297411, -510.1478), (582.52484, 25.603813, -517.3032), (593.94574, 22.064081, -517.9909), (590.368, 24.279936, -525.14636), (601.7889, 22.445871, -517.9909), (598.2111, 20.354298, -525.14636), (610.6716, 18.978836, -526.5833), (605.0147, 19.595516, -532.2402), (617.47516, 16.243462, -533.6772), (613.8974, 18.961405, -540.8326), (625.31824, 17.660269, -533.6772), (621.74054, 14.65477, -540.8326), (634.201, 13.9191, -542.2696), (628.5441, 13.9695215, -547.92645), (642.0441, 11.714536, -550.11273), (636.38727, 13.021937, -555.7696), (648.84766, 9.934419, -557.2066), (645.26996, 11.603085, -564.362), (656.6908, 10.405794, -557.2066), (653.1131, 8.224825, -564.362), (665.57355, 8.256643, -565.799), (659.9167, 6.7030087, -571.4559), (673.4167, 6.198424, -573.64215), (667.7598, 6.595204, -579.299), (681.2598, 3.4239619, -581.4853), (675.60297, 5.6544566, -587.14215), (688.06335, 2.5637639, -588.57916), (684.48566, 4.396322, -595.73456), (695.9065, 4.0557137, -588.57916), (692.3288, 2.3694665, -595.73456), (704.7892, 2.751471, -597.1716), (699.1324, 1.9371692, -602.8284), (712.6323, 1.6736012, -605.0147), (706.9755, 1.2879418, -610.6716), (720.47546, 0.8746224, -612.85785), (714.8186, 0.9542474, -618.5147), (728.3186, 0.6013685, -620.701), (722.66174, 0.6075637, -626.35785), (736.16174, 0.38990328, -628.5441), (730.5049, 0.4771182, -634.201), (742.96533, 0.3472228, -635.638), (739.38763, 0.3557807, -642.7934), (750.8085, 0.3487051, -635.638), (747.2308, 0.33820206, -642.7934), (759.69116, 0.3033033, -644.2304), (754.0343, 0.31448275, -649.88727)]
                    texCoord2f[] primvars:st = [(0, 0), (1, 0), (0, 0.01672918), (1, 0.01672918), (0, 0.040429864), (1, 0.040429864), (0, 0.06428769), (1, 0.06428769), (0, 0.08826217), (1, 0.08826217), (0, 0.112814695), (1, 0.112814695), (0, 0.13730152), (1, 0.13730152), (0, 0.16176982), (1, 0.16176982), (0, 0.18599944), (1, 0.18599944), (0, 0.21035491), (1, 0.21035491), (0, 0.23444991), (1, 0.23444991), (0, 0.25881216), (1, 0.25881216), (0, 0.27619678), (1, 0.27619678), (0, 0.30053234), (1, 0.30053234), (0, 0.324909), (1, 0.324909), (0, 0.34899884), (1, 0.34899884), (0, 0.37296277), (1, 0.37296277), (0, 0.39672604), (1, 0.39672604), (0, 0.42055628), (1, 0.42055628), (0, 0.43738776), (1, 0.43738776), (0, 0.46126506), (1, 0.46126506), (0, 0.48475412), (1, 0.48475412), (0, 0.5079315), (1, 0.5079315), (0, 0.5251939), (1, 0.5251939), (0, 0.548407), (1, 0.548407), (0, 0.56499195), (1, 0.56499195), (0, 0.5884752), (1, 0.5884752), (0, 0.61162084), (1, 0.61162084), (0, 0.6279692), (1, 0.6279692), (0, 0.6515656), (1, 0.6515656), (0, 0.67485857), (1, 0.67485857), (0, 0.6978743), (1, 0.6978743), (0, 0.71443886), (1, 0.71443886), (0, 0.73768514), (1, 0.73768514), (0, 0.76083547), (1, 0.76083547), (0, 0.7839172), (1, 0.7839172), (0, 0.8069104), (1, 0.8069104), (0, 0.82313585), (1, 0.82313585), (0, 0.846114), (1, 0.846114), (0, 0.86911416), (1, 0.86911416), (0, 0.8920633), (1, 0.8920633), (0, 0.9149948), (1, 0.9149948), (0, 0.9379252), (1, 0.9379252), (0, 0.96085554), (1, 0.96085554), (0, 0.9770697), (1, 0.9770697), (0, 1), (1, 1)] (
                        interpolation = "vertex"
                    )
                    uniform token subdivisionScheme = "none"
                }

                def Mesh "River_43" (
                    prepend apiSchemas = ["MaterialBindingAPI"]
                )
                {
                    float3[] extent = [(-819.60785, 0.30904028, -564.7843), (-443.13727, 73.71362, -368.549)]
                    int[] faceVertexCounts = [4, 4, 4, 4, 4, 4, 4, 4, 4, 4, 4, 4, 4, 4, 4, 4, 4, 4, 4, 4, 4, 4, 4, 4, 4, 4, 4, 4, 4, 4, 4, 4, 4, 4, 4, 4, 4, 4, 4, 4, 4, 4, 4, 4, 4, 4, 4, 4]
                    int[] faceVertexIndices = [0, 2, 3, 1, 2, 4, 5, 3, 4, 6, 7, 5, 6, 8, 9, 7, 8, 10, 11, 9, 10, 12, 13, 11, 12, 14, 15, 13, 14, 16, 17, 15, 16, 18, 19, 17, 18, 20, 21, 19, 20, 22, 23, 21, 22, 24, 25, 23, 24, 26, 27, 25, 26, 28, 29, 27, 28, 30, 31, 29, 30, 32, 33, 31, 32, 34, 35, 33, 34, 36, 37, 35, 36, 38, 39, 37, 38, 40, 41, 39, 40, 42, 43, 41, 42, 44, 45, 43, 44, 46, 47, 45, 46, 48, 49, 47, 48, 50, 51, 49, 50, 52, 53, 51, 52, 54, 55, 53, 54, 56, 57, 55, 56, 58, 59, 57, 58, 60, 61, 59, 60, 62, 63, 61, 62, 64, 65, 63, 64, 66, 67, 65, 66, 68, 69, 67, 68, 70, 71, 69, 70, 72, 73, 71, 72, 74, 75, 73, 74, 76, 77, 75, 76, 78, 79, 77, 78, 80, 81, 79, 80, 82, 83, 81, 82, 84, 85, 83, 84, 86, 87, 85, 86, 88, 89, 87, 88, 90, 91, 89, 90, 92, 93, 91, 92, 94, 95, 93, 94, 96, 97, 95]
                    rel material:binding = </Island/Hydrology/Rivers/Water/WaterMaterial>
                    point3f[] points = [(-443.13727, 73.71362, -376.549), (-443.13727, 73.38998, -368.549), (-449.19153, 70.93106, -376.12674), (-452.76926, 71.80723, -368.9713), (-457.03467, 68.45978, -383.96988), (-460.6124, 67.453804, -376.81445), (-464.8778, 65.3877, -383.96988), (-468.45554, 66.33444, -376.81445), (-472.72095, 64.855515, -391.813), (-476.29865, 61.9591, -384.6576), (-482.35294, 61.46159, -392.2353), (-482.35294, 60.57749, -384.2353), (-490.19608, 58.809387, -392.2353), (-490.19608, 59.299732, -384.2353), (-498.0392, 56.090767, -392.2353), (-498.0392, 57.193928, -384.2353), (-505.88235, 53.40523, -392.2353), (-505.88235, 54.033875, -384.2353), (-513.72546, 50.68264, -392.2353), (-513.72546, 50.368664, -384.2353), (-521.5686, 48.25957, -392.2353), (-521.5686, 47.315735, -384.2353), (-529.41174, 46.039707, -392.2353), (-529.41174, 45.72729, -384.2353), (-537.2549, 43.149506, -392.2353), (-537.2549, 44.97416, -384.2353), (-543.3092, 40.81832, -391.813), (-546.8869, 43.585648, -384.6576), (-551.15234, 40.815193, -399.65613), (-554.73004, 37.848465, -392.50073), (-560.7843, 36.482872, -400.07843), (-560.7843, 36.4424, -392.07843), (-566.8386, 34.227528, -399.65613), (-570.4163, 35.924442, -392.50073), (-574.68176, 34.559765, -407.49927), (-578.25946, 32.3846, -400.34387), (-582.52484, 31.582668, -407.49927), (-586.1026, 32.74639, -400.34387), (-590.368, 30.99433, -415.3424), (-593.94574, 29.166908, -408.187), (-598.2111, 27.080854, -415.3424), (-601.7889, 29.63724, -408.187), (-605.0147, 26.329931, -422.43628), (-610.6716, 25.555504, -416.77942), (-613.8974, 26.054485, -431.0287), (-617.47516, 22.84261, -423.87326), (-621.74054, 22.9354, -431.0287), (-625.31824, 22.471704, -423.87326), (-629.5837, 22.521545, -438.87183), (-633.1614, 19.239399, -431.7164), (-637.4268, 19.370003, -438.87183), (-641.0045, 20.058943, -431.7164), (-645.26996, 18.76826, -446.71497), (-648.84766, 16.609764, -439.55954), (-653.1131, 14.944747, -446.71497), (-656.6908, 18.245586, -439.55954), (-659.9167, 14.496519, -453.8088), (-665.57355, 14.6625805, -448.15198), (-667.7598, 14.349871, -461.65195), (-673.4167, 12.663353, -455.99512), (-676.6425, 12.753022, -470.2444), (-680.2202, 10.132476, -463.08896), (-684.48566, 9.613056, -470.2444), (-688.06335, 11.265051, -463.08896), (-691.28925, 9.624538, -477.33823), (-696.94604, 9.3320265, -471.68137), (-700.17194, 8.5235195, -485.93066), (-703.74963, 6.377444, -478.77524), (-708.0151, 6.205932, -485.93066), (-711.5928, 8.171627, -478.77524), (-714.8186, 5.3595414, -493.0245), (-720.47546, 5.074487, -487.36765), (-723.70135, 5.6153893, -501.6169), (-727.27905, 3.7601352, -494.46152), (-731.5445, 2.6406364, -501.6169), (-735.1222, 4.757374, -494.46152), (-738.348, 3.175044, -508.7108), (-744.0049, 3.5084627, -503.05392), (-746.19116, 2.7637272, -516.5539), (-751.848, 1.8363914, -510.89706), (-755.0739, 2.5401068, -525.14636), (-758.6516, 0.9894277, -517.9909), (-762.91705, 0.9706381, -525.14636), (-766.49475, 1.9378563, -517.9909), (-769.7206, 0.89287513, -532.2402), (-775.37744, 1.0324326, -526.5833), (-777.5637, 0.86324674, -540.0833), (-783.2206, 0.5579136, -534.42645), (-786.4464, 0.6313989, -548.6757), (-790.0242, 0.37024486, -541.5203), (-794.28955, 0.36584154, -548.6757), (-797.8673, 0.4886798, -541.5203), (-801.09314, 0.34210947, -555.7696), (-806.75, 0.34389275, -550.11273), (-809.9758, 0.33002868, -564.362), (-813.5536, 0.33009964, -557.2066), (-819.60785, 0.30904028, -564.7843), (-819.60785, 0.32837743, -556.7843)]
                    texCoord2f[] primvars:st = [(0, 0), (1, 0), (0, 0.017908782), (1, 0.017908782), (0, 0.04287238), (1, 0.04287238), (0, 0.060414623), (1, 0.060414623), (0, 0.08484945), (1, 0.08484945), (0, 0.102840714), (1, 0.102840714), (0, 0.12054424), (1, 0.12054424), (0, 0.13824734), (1, 0.13824734), (0, 0.15618247), (1, 0.15618247), (0, 0.17442706), (1, 0.17442706), (0, 0.1922899), (1, 0.1922899), (0, 0.20985547), (1, 0.20985547), (0, 0.22725649), (1, 0.22725649), (0, 0.24449341), (1, 0.24449341), (0, 0.26922864), (1, 0.26922864), (0, 0.28715253), (1, 0.28715253), (0, 0.30435115), (1, 0.30435115), (0, 0.32856318), (1, 0.32856318), (0, 0.34585884), (1, 0.34585884), (0, 0.37017053), (1, 0.37017053), (0, 0.38733777), (1, 0.38733777), (0, 0.41210288), (1, 0.41210288), (0, 0.43614295), (1, 0.43614295), (0, 0.45374924), (1, 0.45374924), (0, 0.47775534), (1, 0.47775534), (0, 0.49551103), (1, 0.49551103), (0, 0.519702), (1, 0.519702), (0, 0.536665), (1, 0.536665), (0, 0.5612584), (1, 0.5612584), (0, 0.5853528), (1, 0.5853528), (0, 0.60946876), (1, 0.60946876), (0, 0.62680984), (1, 0.62680984), (0, 0.65083975), (1, 0.65083975), (0, 0.6751094), (1, 0.6751094), (0, 0.6920568), (1, 0.6920568), (0, 0.7164418), (1, 0.7164418), (0, 0.7403847), (1, 0.7403847), (0, 0.75750995), (1, 0.75750995), (0, 0.781476), (1, 0.781476), (0, 0.80550987), (1, 0.80550987), (0, 0.8294533), (1, 0.8294533), (0, 0.84638375), (1, 0.84638375), (0, 0.8703673), (1, 0.8703673), (0, 0.8943102), (1, 0.8943102), (0, 0.918253), (1, 0.918253), (0, 0.93518424), (1, 0.93518424), (0, 0.9591271), (1, 0.9591271), (0, 0.9830699), (1, 0.9830699), (0, 1), (1, 1)] (
                        interpolation = "vertex"
                    )
                    uniform token subdivisionScheme = "none"
                }

                def Mesh "River_44" (
                    prepend apiSchemas = ["MaterialBindingAPI"]
                )
                {
                    float3[] extent = [(-682.4314, 0.30981272, -725.4902), (-338.34805, 90.03151, -416.77942)]
                    int[] faceVertexCounts = [4, 4, 4, 4, 4, 4, 4, 4, 4, 4, 4, 4, 4, 4, 4, 4, 4, 4, 4, 4, 4, 4, 4, 4, 4, 4, 4, 4, 4, 4, 4, 4, 4, 4, 4, 4, 4, 4, 4, 4, 4, 4, 4, 4]
                    int[] faceVertexIndices = [0, 2, 3, 1, 2, 4, 5, 3, 4, 6, 7, 5, 6, 8, 9, 7, 8, 10, 11, 9, 10, 12, 13, 11, 12, 14, 15, 13, 14, 16, 17, 15, 16, 18, 19, 17, 18, 20, 21, 19, 20, 22, 23, 21, 22, 24, 25, 23, 24, 26, 27, 25, 26, 28, 29, 27, 28, 30, 31, 29, 30, 32, 33, 31, 32, 34, 35, 33, 34, 36, 37, 35, 36, 38, 39, 37, 38, 40, 41, 39, 40, 42, 43, 41, 42, 44, 45, 43, 44, 46, 47, 45, 46, 48, 49, 47, 48, 50, 51, 49, 50, 52, 53, 51, 52, 54, 55, 53, 54, 56, 57, 55, 56, 58, 59, 57, 58, 60, 61, 59, 60, 62, 63, 61, 62, 64, 65, 63, 64, 66, 67, 65, 66, 68, 69, 67, 68, 70, 71, 69, 70, 72, 73, 71, 72, 74, 75, 73, 74, 76, 77, 75, 76, 78, 79, 77, 78, 80, 81, 79, 80, 82, 83, 81, 82, 84, 85, 83, 84, 86, 87, 85, 86, 88, 89, 87]
                    rel material:binding = </Island/Hydrology/Rivers/Water/WaterMaterial>
                    point3f[] points = [(-338.34805, 90.03151, -422.43628), (-344.00488, 89.37089, -416.77942), (-346.1912, 88.23323, -430.27942), (-351.84802, 84.907, -424.62256), (-355.07388, 85.40783, -438.87183), (-358.6516, 82.62873, -431.7164), (-362.91702, 81.25331, -438.87183), (-366.49475, 83.892944, -431.7164), (-369.72058, 79.10436, -445.96567), (-375.37744, 80.96386, -440.30884), (-377.56372, 75.88416, -453.8088), (-383.22058, 77.49938, -448.15198), (-385.40686, 72.738464, -461.65195), (-391.06372, 72.34811, -455.99512), (-394.28958, 69.92159, -470.2444), (-397.86728, 68.635445, -463.08896), (-402.13272, 66.024414, -470.2444), (-405.71042, 68.128265, -463.08896), (-408.93628, 63.5217, -477.33823), (-414.59314, 62.650276, -471.68137), (-417.819, 61.27403, -485.93066), (-421.3967, 58.363842, -478.77524), (-425.66214, 57.403767, -485.93066), (-429.23984, 57.737984, -478.77524), (-433.50525, 54.965755, -493.77377), (-437.08298, 53.39635, -486.61838), (-441.3484, 50.496506, -493.77377), (-444.92612, 53.209, -486.61838), (-448.15198, 48.948, -500.86765), (-453.8088, 48.625446, -495.2108), (-455.99512, 46.996788, -508.7108), (-461.65195, 44.099766, -503.05392), (-464.8778, 44.144245, -517.3032), (-468.45554, 41.556583, -510.1478), (-472.72095, 39.908688, -517.3032), (-476.29865, 42.506706, -510.1478), (-479.5245, 37.449745, -524.39703), (-485.18137, 37.74508, -518.7402), (-487.36765, 34.981834, -532.2402), (-493.0245, 34.035053, -526.5833), (-495.2108, 32.79023, -540.0833), (-500.86765, 31.13049, -534.42645), (-503.05392, 30.346819, -547.92645), (-508.7108, 28.652805, -542.2696), (-510.89706, 27.971758, -555.7696), (-516.5539, 26.03167, -550.11273), (-518.7402, 25.605326, -563.61273), (-524.39703, 23.713167, -557.9559), (-526.5833, 23.251455, -571.4559), (-532.2402, 21.233894, -565.799), (-534.42645, 21.04697, -579.299), (-540.0833, 19.111393, -573.64215), (-542.2696, 18.826637, -587.14215), (-547.92645, 16.761702, -581.4853), (-550.11273, 16.79249, -594.9853), (-555.7696, 14.778679, -589.3284), (-557.9559, 14.737445, -602.8284), (-563.61273, 12.663214, -597.1716), (-565.799, 12.879194, -610.6716), (-571.4559, 10.919455, -605.0147), (-573.64215, 11.091266, -618.5147), (-579.299, 9.07812, -612.85785), (-581.4853, 9.463155, -626.35785), (-587.14215, 7.568929, -620.701), (-589.3284, 7.9252462, -634.201), (-594.9853, 5.919439, -628.5441), (-597.1716, 6.5599456, -642.0441), (-602.8284, 4.70107, -636.38727), (-605.0147, 5.4072723, -649.88727), (-610.6716, 3.421413, -644.2304), (-612.85785, 4.3360806, -657.7304), (-618.5147, 2.7349787, -652.07355), (-620.701, 3.2510324, -665.57355), (-626.35785, 1.9587343, -659.9167), (-628.5441, 2.3230512, -673.4167), (-634.201, 1.6723688, -667.7598), (-636.38727, 1.6157409, -681.2598), (-642.0441, 1.0928313, -675.60297), (-644.2304, 1.0004827, -689.10297), (-649.88727, 0.88835245, -683.4461), (-652.07355, 0.65148395, -696.94604), (-657.7304, 0.5800113, -691.28925), (-659.9167, 0.43387175, -704.7892), (-665.57355, 0.464231, -699.1324), (-667.7598, 0.37126452, -712.6323), (-673.4167, 0.3660356, -706.9755), (-674.85364, 0.34706607, -719.4359), (-682.0091, 0.34819213, -715.8582), (-674.4314, 0.33851606, -725.4902), (-682.4314, 0.30981272, -725.4902)]
                    texCoord2f[] primvars:st = [(0, 0), (1, 0), (0, 0.023692824), (1, 0.023692824), (0, 0.047398712), (1, 0.047398712), (0, 0.064165525), (1, 0.064165525), (0, 0.087921254), (1, 0.087921254), (0, 0.11214761), (1, 0.11214761), (0, 0.13677666), (1, 0.13677666), (0, 0.1609287), (1, 0.1609287), (0, 0.17794655), (1, 0.17794655), (0, 0.20251478), (1, 0.20251478), (0, 0.22640866), (1, 0.22640866), (0, 0.24395464), (1, 0.24395464), (0, 0.26793322), (1, 0.26793322), (0, 0.2848067), (1, 0.2848067), (0, 0.30923316), (1, 0.30923316), (0, 0.33310297), (1, 0.33310297), (0, 0.3568046), (1, 0.3568046), (0, 0.37365162), (1, 0.37365162), (0, 0.3980049), (1, 0.3980049), (0, 0.4221868), (1, 0.4221868), (0, 0.44595498), (1, 0.44595498), (0, 0.46957716), (1, 0.46957716), (0, 0.4932987), (1, 0.4932987), (0, 0.5169192), (1, 0.5169192), (0, 0.5406296), (1, 0.5406296), (0, 0.5641865), (1, 0.5641865), (0, 0.5878356), (1, 0.5878356), (0, 0.6113338), (1, 0.6113338), (0, 0.6349072), (1, 0.6349072), (0, 0.65834326), (1, 0.65834326), (0, 0.68181974), (1, 0.68181974), (0, 0.7051739), (1, 0.7051739), (0, 0.7285754), (1, 0.7285754), (0, 0.751857), (1, 0.751857), (0, 0.77515954), (1, 0.77515954), (0, 0.79834867), (1, 0.79834867), (0, 0.82157993), (1, 0.82157993), (0, 0.84473747), (1, 0.84473747), (0, 0.86790705), (1, 0.86790705), (0, 0.8910552), (1, 0.8910552), (0, 0.9142029), (1, 0.9142029), (0, 0.93734694), (1, 0.93734694), (0, 0.9604908), (1, 0.9604908), (0, 0.9836347), (1, 0.9836347), (0, 1), (1, 1)] (
                        interpolation = "vertex"
                    )
                    uniform token subdivisionScheme = "none"
                }

                def Mesh "River_45" (
                    prepend apiSchemas = ["MaterialBindingAPI"]
                )
                {
                    float3[] extent = [(345.01962, 0.30849212, -850.9804), (517.72546, 89.16883, -443.13727)]
                    int[] faceVertexCounts = [4, 4, 4, 4, 4, 4, 4, 4, 4, 4, 4, 4, 4, 4, 4, 4, 4, 4, 4, 4, 4, 4, 4, 4, 4, 4, 4, 4, 4, 4, 4, 4, 4, 4, 4, 4, 4, 4, 4, 4, 4, 4, 4, 4, 4, 4, 4, 4, 4, 4, 4, 4]
                    int[] faceVertexIndices = [0, 2, 3, 1, 2, 4, 5, 3, 4, 6, 7, 5, 6, 8, 9, 7, 8, 10, 11, 9, 10, 12, 13, 11, 12, 14, 15, 13, 14, 16, 17, 15, 16, 18, 19, 17, 18, 20, 21, 19, 20, 22, 23, 21, 22, 24, 25, 23, 24, 26, 27, 25, 26, 28, 29, 27, 28, 30, 31, 29, 30, 32, 33, 31, 32, 34, 35, 33, 34, 36, 37, 35, 36, 38, 39, 37, 38, 40, 41, 39, 40, 42, 43, 41, 42, 44, 45, 43, 44, 46, 47, 45, 46, 48, 49, 47, 48, 50, 51, 49, 50, 52, 53, 51, 52, 54, 55, 53, 54, 56, 57, 55, 56, 58, 59, 57, 58, 60, 61, 59, 60, 62, 63, 61, 62, 64, 65, 63, 64, 66, 67, 65, 66, 68, 69, 67, 68, 70, 71, 69, 70, 72, 73, 71, 72, 74, 75, 73, 74, 76, 77, 75, 76, 78, 79, 77, 78, 80, 81, 79, 80, 82, 83, 81, 82, 84, 85, 83, 84, 86, 87, 85, 86, 88, 89, 87, 88, 90, 91, 89, 90, 92, 93, 91, 92, 94, 95, 93, 94, 96, 97, 95, 96, 98, 99, 97, 98, 100, 101, 99, 100, 102, 103, 101, 102, 104, 105, 103]
                    rel material:binding = </Island/Hydrology/Rivers/Water/WaterMaterial>
                    point3f[] points = [(353.01962, 89.16883, -443.13727), (345.01962, 88.09767, -443.13727), (353.01962, 84.98124, -450.98038), (345.01962, 86.43163, -450.98038), (352.59732, 82.55614, -457.03467), (345.4419, 84.94037, -460.6124), (360.44046, 81.07191, -464.8778), (353.28503, 79.275505, -468.45554), (360.86273, 77.61845, -474.5098), (352.86273, 78.28287, -474.5098), (360.86273, 74.252716, -482.35294), (352.86273, 76.38369, -482.35294), (360.44046, 72.0444, -488.40723), (353.28503, 74.172325, -491.98492), (368.2836, 71.00605, -496.25037), (361.12817, 68.657005, -499.82806), (368.70587, 66.10233, -505.88235), (360.70587, 67.49392, -505.88235), (368.2836, 63.535763, -511.93665), (361.12817, 65.93734, -515.51434), (376.12674, 62.028553, -519.7798), (368.9713, 59.90986, -523.3575), (376.549, 58.203022, -529.41174), (368.549, 59.06674, -529.41174), (376.12674, 55.13961, -535.46606), (368.9713, 57.27897, -539.04376), (383.96988, 54.52431, -543.3092), (376.81445, 51.59394, -546.8869), (384.39215, 49.576893, -552.94116), (376.39215, 50.505486, -552.94116), (383.96988, 47.10891, -558.9955), (376.81445, 49.151047, -562.5732), (391.813, 46.778847, -566.8386), (384.6576, 43.86206, -570.4163), (392.2353, 43.538345, -576.4706), (384.2353, 43.228333, -576.4706), (391.813, 41.265064, -582.52484), (384.6576, 42.309418, -586.1026), (399.65613, 40.991787, -590.368), (392.50073, 37.586758, -593.94574), (400.07843, 37.724003, -600), (392.07843, 36.826416, -600), (400.07843, 33.797985, -607.84314), (392.07843, 35.612022, -607.84314), (399.65613, 32.015083, -613.8974), (392.50073, 35.15878, -617.47516), (407.49927, 31.43059, -621.74054), (400.34387, 29.976597, -625.31824), (407.49927, 29.012394, -629.5837), (400.34387, 29.723671, -633.1614), (415.3424, 28.78869, -637.4268), (408.187, 25.461014, -641.0045), (415.7647, 24.360273, -647.05884), (407.7647, 24.92837, -647.05884), (415.3424, 22.001886, -653.1131), (408.187, 24.402895, -656.6908), (423.18555, 21.938696, -660.95624), (416.03012, 19.790974, -664.53394), (423.18555, 19.301723, -668.7994), (416.03012, 20.030828, -672.3771), (431.0287, 19.45173, -676.6425), (423.87326, 16.216455, -680.2202), (431.451, 15.258372, -686.27454), (423.451, 15.757241, -686.27454), (431.0287, 13.1461115, -692.3288), (423.87326, 15.878536, -695.9065), (438.87183, 13.225473, -700.17194), (431.7164, 12.071727, -703.74963), (438.87183, 10.365315, -708.0151), (431.7164, 12.608947, -711.5928), (446.71497, 10.196706, -715.8582), (439.55954, 9.20655, -719.4359), (446.71497, 7.3310776, -723.70135), (439.55954, 10.0319195, -727.27905), (453.8088, 7.429329, -730.5049), (448.15198, 6.802933, -736.16174), (462.40125, 7.911552, -739.38763), (455.24582, 4.6809916, -742.96533), (462.40125, 4.652216, -747.2308), (455.24582, 4.8616943, -750.8085), (470.2444, 4.9346642, -755.0739), (463.08896, 2.7897496, -758.6516), (470.2444, 2.7604032, -762.91705), (463.08896, 3.6567256, -766.49475), (477.33823, 3.0370688, -769.7206), (471.68137, 1.6360226, -775.37744), (485.93066, 2.5932307, -778.60333), (478.77524, 1.0584624, -782.181), (485.93066, 1.2531009, -786.4464), (478.77524, 1.4534392, -790.0242), (493.77377, 1.2297562, -794.28955), (486.61838, 0.7070998, -797.8673), (493.77377, 0.43449882, -802.1327), (486.61838, 1.0466872, -805.71045), (500.86765, 0.484927, -808.9363), (495.2108, 0.57859856, -814.59314), (508.7108, 0.463781, -816.7794), (503.05392, 0.35481018, -822.4363), (517.3032, 0.36946097, -825.6621), (510.1478, 0.3244368, -829.2398), (517.72546, 0.32180783, -835.2941), (509.7255, 0.32608035, -835.2941), (517.72546, 0.32433775, -843.13727), (509.7255, 0.32755825, -843.13727), (517.72546, 0.30849212, -850.9804), (509.7255, 0.3200072, -850.9804)]
                    texCoord2f[] primvars:st = [(0, 0), (1, 0), (0, 0.017339583), (1, 0.017339583), (0, 0.033729013), (1, 0.033729013), (0, 0.05793141), (1, 0.05793141), (0, 0.07487681), (1, 0.07487681), (0, 0.091649264), (1, 0.091649264), (0, 0.10825952), (1, 0.10825952), (0, 0.13204524), (1, 0.13204524), (0, 0.1492287), (1, 0.1492287), (0, 0.16572781), (1, 0.16572781), (0, 0.18992303), (1, 0.18992303), (0, 0.20707259), (1, 0.20707259), (0, 0.22373006), (1, 0.22373006), (0, 0.24729364), (1, 0.24729364), (0, 0.26450592), (1, 0.26450592), (0, 0.2809377), (1, 0.2809377), (0, 0.30432943), (1, 0.30432943), (0, 0.32136443), (1, 0.32136443), (0, 0.33787274), (1, 0.33787274), (0, 0.3608965), (1, 0.3608965), (0, 0.37766293), (1, 0.37766293), (0, 0.39435703), (1, 0.39435703), (0, 0.41050816), (1, 0.41050816), (0, 0.43452328), (1, 0.43452328), (0, 0.450987), (1, 0.450987), (0, 0.47392666), (1, 0.47392666), (0, 0.49084872), (1, 0.49084872), (0, 0.5071168), (1, 0.5071168), (0, 0.5304949), (1, 0.5304949), (0, 0.5469086), (1, 0.5469086), (0, 0.56981486), (1, 0.56981486), (0, 0.58661675), (1, 0.58661675), (0, 0.60275966), (1, 0.60275966), (0, 0.62615025), (1, 0.62615025), (0, 0.6423108), (1, 0.6423108), (0, 0.6654395), (1, 0.6654395), (0, 0.6815379), (1, 0.6815379), (0, 0.7047141), (1, 0.7047141), (0, 0.72747546), (1, 0.72747546), (0, 0.7439958), (1, 0.7439958), (0, 0.76675594), (1, 0.76675594), (0, 0.782975), (1, 0.782975), (0, 0.8057532), (1, 0.8057532), (0, 0.82849747), (1, 0.82849747), (0, 0.84468526), (1, 0.84468526), (0, 0.8674318), (1, 0.8674318), (0, 0.88351476), (1, 0.88351476), (0, 0.90626305), (1, 0.90626305), (0, 0.9290076), (1, 0.9290076), (0, 0.95175195), (1, 0.95175195), (0, 0.96783465), (1, 0.96783465), (0, 0.9839173), (1, 0.9839173), (0, 1), (1, 1)] (
                        interpolation = "vertex"
                    )
                    uniform token subdivisionScheme = "none"
                }

                def Mesh "River_46" (
                    prepend apiSchemas = ["MaterialBindingAPI"]
                )
                {
                    float3[] extent = [(620.701, 0.30011365, -604), (796.0784, 26.372929, -471.68137)]
                    int[] faceVertexCounts = [4, 4, 4, 4, 4, 4, 4, 4, 4, 4, 4, 4, 4, 4, 4, 4, 4, 4, 4, 4, 4, 4]
                    int[] faceVertexIndices = [0, 2, 3, 1, 2, 4, 5, 3, 4, 6, 7, 5, 6, 8, 9, 7, 8, 10, 11, 9, 10, 12, 13, 11, 12, 14, 15, 13, 14, 16, 17, 15, 16, 18, 19, 17, 18, 20, 21, 19, 20, 22, 23, 21, 22, 24, 25, 23, 24, 26, 27, 25, 26, 28, 29, 27, 28, 30, 31, 29, 30, 32, 33, 31, 32, 34, 35, 33, 34, 36, 37, 35, 36, 38, 39, 37, 38, 40, 41, 39, 40, 42, 43, 41, 42, 44, 45, 43]
                    rel material:binding = </Island/Hydrology/Rivers/Water/WaterMaterial>
                    point3f[] points = [(626.35785, 26.372929, -471.68137), (620.701, 24.062733, -477.33823), (634.201, 23.990398, -479.5245), (628.5441, 21.835987, -485.18137), (642.0441, 21.0376, -487.36765), (636.38727, 19.787014, -493.0245), (649.88727, 17.601784, -495.2108), (644.2304, 17.56329, -500.86765), (657.7304, 15.062699, -503.05392), (652.07355, 15.906057, -508.7108), (665.57355, 13.039521, -510.89706), (659.9167, 14.408292, -516.5539), (672.3771, 10.625722, -517.9909), (668.7994, 12.829226, -525.14636), (680.2202, 11.458891, -517.9909), (676.6425, 9.125004, -525.14636), (689.10297, 9.206853, -526.5833), (683.4461, 8.4963045, -532.2402), (696.94604, 6.4163356, -534.42645), (691.28925, 7.9048395, -540.0833), (704.7892, 4.8965545, -542.2696), (699.1324, 6.600615, -547.92645), (711.5928, 3.6390698, -549.36346), (708.0151, 5.7080626, -556.51886), (719.4359, 3.868936, -549.36346), (715.8582, 3.2789636, -556.51886), (728.3186, 2.6384842, -557.9559), (722.66174, 2.7561998, -563.61273), (736.16174, 1.5057054, -565.799), (730.5049, 2.4414165, -571.4559), (742.96533, 0.8191136, -572.8929), (739.38763, 1.6815041, -580.0483), (750.8085, 1.2350467, -572.8929), (747.2308, 0.73232794, -580.0483), (759.69116, 0.6731896, -581.4853), (754.0343, 0.56343466, -587.14215), (767.5343, 0.41399762, -589.3284), (761.87744, 0.45864272, -594.9853), (774.3379, 0.34685978, -596.4223), (770.7602, 0.3626004, -603.5777), (780.39215, 0.347635, -596), (780.39215, 0.3345294, -604), (788.2353, 0.33580372, -596), (788.2353, 0.32095575, -604), (796.0784, 0.31818995, -596), (796.0784, 0.30011365, -604)]
                    texCoord2f[] primvars:st = [(0, 0), (1, 0), (0, 0.05016851), (1, 0.05016851), (0, 0.10013625), (1, 0.10013625), (0, 0.1509672), (1, 0.1509672), (0, 0.200915), (1, 0.200915), (0, 0.25041485), (1, 0.25041485), (0, 0.29987603), (1, 0.29987603), (0, 0.33495924), (1, 0.33495924), (0, 0.38475692), (1, 0.38475692), (0, 0.4340912), (1, 0.4340912), (0, 0.4834346), (1, 0.4834346), (0, 0.53241456), (1, 0.53241456), (0, 0.56760764), (1, 0.56760764), (0, 0.6167348), (1, 0.6167348), (0, 0.66570544), (1, 0.66570544), (0, 0.7146709), (1, 0.7146709), (0, 0.7493431), (1, 0.7493431), (0, 0.79829305), (1, 0.79829305), (0, 0.8472371), (1, 0.8472371), (0, 0.8961789), (1, 0.8961789), (0, 0.9307859), (1, 0.9307859), (0, 0.9653929), (1, 0.9653929), (0, 1), (1, 1)] (
                        interpolation = "vertex"
                    )
                    uniform token subdivisionScheme = "none"
                }

                def Mesh "River_47" (
                    prepend apiSchemas = ["MaterialBindingAPI"]
                )
                {
                    float3[] extent = [(70.5098, 0.2961296, -968.62744), (180.47058, 95.04324, -545.098)]
                    int[] faceVertexCounts = [4, 4, 4, 4, 4, 4, 4, 4, 4, 4, 4, 4, 4, 4, 4, 4, 4, 4, 4, 4, 4, 4, 4, 4, 4, 4, 4, 4, 4, 4, 4, 4, 4, 4, 4, 4, 4, 4, 4, 4, 4, 4, 4, 4, 4, 4, 4, 4, 4, 4, 4, 4, 4, 4]
                    int[] faceVertexIndices = [0, 2, 3, 1, 2, 4, 5, 3, 4, 6, 7, 5, 6, 8, 9, 7, 8, 10, 11, 9, 10, 12, 13, 11, 12, 14, 15, 13, 14, 16, 17, 15, 16, 18, 19, 17, 18, 20, 21, 19, 20, 22, 23, 21, 22, 24, 25, 23, 24, 26, 27, 25, 26, 28, 29, 27, 28, 30, 31, 29, 30, 32, 33, 31, 32, 34, 35, 33, 34, 36, 37, 35, 36, 38, 39, 37, 38, 40, 41, 39, 40, 42, 43, 41, 42, 44, 45, 43, 44, 46, 47, 45, 46, 48, 49, 47, 48, 50, 51, 49, 50, 52, 53, 51, 52, 54, 55, 53, 54, 56, 57, 55, 56, 58, 59, 57, 58, 60, 61, 59, 60, 62, 63, 61, 62, 64, 65, 63, 64, 66, 67, 65, 66, 68, 69, 67, 68, 70, 71, 69, 70, 72, 73, 71, 72, 74, 75, 73, 74, 76, 77, 75, 76, 78, 79, 77, 78, 80, 81, 79, 80, 82, 83, 81, 82, 84, 85, 83, 84, 86, 87, 85, 86, 88, 89, 87, 88, 90, 91, 89, 90, 92, 93, 91, 92, 94, 95, 93, 94, 96, 97, 95, 96, 98, 99, 97, 98, 100, 101, 99, 100, 102, 103, 101, 102, 104, 105, 103, 104, 106, 107, 105, 106, 108, 109, 107]
                    rel material:binding = </Island/Hydrology/Rivers/Water/WaterMaterial>
                    point3f[] points = [(78.5098, 94.13197, -545.098), (70.5098, 95.04324, -545.098), (78.5098, 91.114105, -552.94116), (70.5098, 92.65605, -552.94116), (78.08751, 88.13014, -558.9955), (70.9321, 89.71748, -562.5732), (85.93065, 86.453835, -566.8386), (78.77523, 83.75605, -570.4163), (86.35294, 81.99092, -576.4706), (78.35294, 82.20442, -576.4706), (86.35294, 77.93828, -584.3137), (78.35294, 79.69334, -584.3137), (85.93065, 75.38425, -590.368), (78.77523, 77.25157, -593.94574), (93.77379, 73.26217, -598.2111), (86.61837, 71.306984, -601.7889), (93.77379, 69.229294, -606.05426), (86.61837, 70.16929, -609.632), (101.61693, 66.682976, -613.8974), (94.46151, 64.45242, -617.47516), (101.61693, 62.050175, -621.74054), (94.46151, 63.25586, -625.31824), (109.46006, 58.977577, -629.5837), (102.30464, 57.41596, -633.1614), (109.46006, 54.924774, -637.4268), (102.30464, 56.611828, -641.0045), (117.3032, 53.81898, -645.26996), (110.14778, 51.408253, -648.84766), (117.72549, 49.672943, -654.902), (109.72549, 51.058224, -654.902), (117.3032, 47.336674, -660.95624), (110.14778, 50.939457, -664.53394), (125.14634, 46.481113, -668.7994), (117.99092, 45.500103, -672.3771), (125.14634, 43.715927, -676.6425), (117.99092, 45.039967, -680.2202), (132.98947, 42.951916, -684.48566), (125.83405, 39.867947, -688.06335), (133.41176, 39.48384, -694.1177), (125.411766, 39.31208, -694.1177), (132.98947, 36.222805, -700.17194), (125.83405, 38.39553, -703.74963), (140.83261, 36.61243, -708.0151), (133.6772, 33.261738, -711.5928), (141.2549, 32.531338, -717.64703), (133.2549, 32.71006, -717.64703), (141.2549, 30.768856, -725.4902), (133.2549, 32.107307, -725.4902), (140.83261, 28.541643, -731.5445), (133.6772, 30.55978, -735.1222), (148.67575, 28.52692, -739.38763), (141.52032, 25.662697, -742.96533), (149.09804, 26.73832, -749.0196), (141.09804, 24.929697, -749.0196), (149.09804, 23.162497, -756.86273), (141.09804, 23.567823, -756.86273), (149.09804, 19.992952, -764.7059), (141.09804, 22.79689, -764.7059), (148.67575, 18.893288, -770.7602), (141.52032, 22.1363, -774.3379), (156.51889, 20.121292, -778.60333), (149.36346, 16.550373, -782.181), (156.94118, 16.338348, -788.2353), (148.94118, 15.691865, -788.2353), (156.94118, 14.696405, -796.0784), (148.94118, 15.609649, -796.0784), (156.94118, 13.385082, -803.9216), (148.94118, 14.730589, -803.9216), (156.94118, 12.086416, -811.7647), (148.94118, 13.413162, -811.7647), (156.51889, 10.369625, -817.819), (149.36346, 11.928504, -821.39667), (164.36203, 10.858829, -825.6621), (157.2066, 7.5699415, -829.2398), (164.78432, 9.695905, -835.2941), (156.78432, 7.264273, -835.2941), (164.78432, 8.604557, -843.13727), (156.78432, 6.637694, -843.13727), (164.78432, 5.845505, -850.9804), (156.78432, 5.8407435, -850.9804), (164.78432, 3.6997366, -858.82355), (156.78432, 5.3968806, -858.82355), (164.36203, 3.1397254, -864.8778), (157.2066, 5.2221766, -868.4555), (172.20515, 4.50482, -872.72095), (165.04974, 2.1251807, -876.29865), (172.62746, 2.8763194, -882.35297), (164.62746, 2.1916573, -882.35297), (172.62746, 2.254987, -890.1961), (164.62746, 2.3608067, -890.1961), (172.62746, 1.2792695, -898.03925), (164.62746, 2.2041807, -898.03925), (172.20515, 0.71216524, -904.0935), (165.04974, 1.8187231, -907.6712), (180.0483, 1.5215925, -911.93665), (172.89288, 0.6274816, -915.51434), (180.47058, 1.0313292, -921.5686), (172.47058, 0.6237881, -921.5686), (180.47058, 0.5359963, -929.41174), (172.47058, 0.54071623, -929.41174), (180.47058, 0.3401672, -937.2549), (172.47058, 0.4740893, -937.2549), (180.47058, 0.3112268, -945.098), (172.47058, 0.40959558, -945.098), (180.47058, 0.30441383, -952.94116), (172.47058, 0.36096266, -952.94116), (180.47058, 0.2961296, -960.7843), (172.47058, 0.32083923, -960.7843), (180.47058, 0.30265233, -968.62744), (172.47058, 0.3077902, -968.62744)]
                    texCoord2f[] primvars:st = [(0, 0), (1, 0), (0, 0.017233646), (1, 0.017233646), (0, 0.03447207), (1, 0.03447207), (0, 0.059125632), (1, 0.059125632), (0, 0.07660511), (1, 0.07660511), (0, 0.09415685), (1, 0.09415685), (0, 0.11130575), (1, 0.11130575), (0, 0.13606432), (1, 0.13606432), (0, 0.15362056), (1, 0.15362056), (0, 0.17810456), (1, 0.17810456), (0, 0.19574426), (1, 0.19574426), (0, 0.22049208), (1, 0.22049208), (0, 0.23807779), (1, 0.23807779), (0, 0.26197875), (1, 0.26197875), (0, 0.27892166), (1, 0.27892166), (0, 0.29537392), (1, 0.29537392), (0, 0.3199227), (1, 0.3199227), (0, 0.33677012), (1, 0.33677012), (0, 0.36051384), (1, 0.36051384), (0, 0.37752107), (1, 0.37752107), (0, 0.3943326), (1, 0.3943326), (0, 0.41777217), (1, 0.41777217), (0, 0.43572167), (1, 0.43572167), (0, 0.45237216), (1, 0.45237216), (0, 0.46897128), (1, 0.46897128), (0, 0.4927446), (1, 0.4927446), (0, 0.50942713), (1, 0.50942713), (0, 0.52637136), (1, 0.52637136), (0, 0.54304796), (1, 0.54304796), (0, 0.55947196), (1, 0.55947196), (0, 0.5830182), (1, 0.5830182), (0, 0.60078907), (1, 0.60078907), (0, 0.6174508), (1, 0.6174508), (0, 0.6340165), (1, 0.6340165), (0, 0.6506039), (1, 0.6506039), (0, 0.66720504), (1, 0.66720504), (0, 0.6905373), (1, 0.6905373), (0, 0.7070835), (1, 0.7070835), (0, 0.7236034), (1, 0.7236034), (0, 0.74027216), (1, 0.74027216), (0, 0.7567539), (1, 0.7567539), (0, 0.77313715), (1, 0.77313715), (0, 0.79640883), (1, 0.79640883), (0, 0.81301033), (1, 0.81301033), (0, 0.82939625), (1, 0.82939625), (0, 0.845784), (1, 0.845784), (0, 0.8621648), (1, 0.8621648), (0, 0.88533634), (1, 0.88533634), (0, 0.90172017), (1, 0.90172017), (0, 0.91810393), (1, 0.91810393), (0, 0.9344835), (1, 0.9344835), (0, 0.95086265), (1, 0.95086265), (0, 0.96724176), (1, 0.96724176), (0, 0.9836209), (1, 0.9836209), (0, 1), (1, 1)] (
                        interpolation = "vertex"
                    )
                    uniform token subdivisionScheme = "none"
                }

                def Mesh "River_48" (
                    prepend apiSchemas = ["MaterialBindingAPI"]
                )
                {
                    float3[] extent = [(-549.098, 0.29938963, -835.2941), (-385.40686, 47.941257, -589.3284)]
                    int[] faceVertexCounts = [4, 4, 4, 4, 4, 4, 4, 4, 4, 4, 4, 4, 4, 4, 4, 4, 4, 4, 4, 4, 4, 4, 4, 4, 4, 4, 4, 4, 4, 4, 4]
                    int[] faceVertexIndices = [0, 2, 3, 1, 2, 4, 5, 3, 4, 6, 7, 5, 6, 8, 9, 7, 8, 10, 11, 9, 10, 12, 13, 11, 12, 14, 15, 13, 14, 16, 17, 15, 16, 18, 19, 17, 18, 20, 21, 19, 20, 22, 23, 21, 22, 24, 25, 23, 24, 26, 27, 25, 26, 28, 29, 27, 28, 30, 31, 29, 30, 32, 33, 31, 32, 34, 35, 33, 34, 36, 37, 35, 36, 38, 39, 37, 38, 40, 41, 39, 40, 42, 43, 41, 42, 44, 45, 43, 44, 46, 47, 45, 46, 48, 49, 47, 48, 50, 51, 49, 50, 52, 53, 51, 52, 54, 55, 53, 54, 56, 57, 55, 56, 58, 59, 57, 58, 60, 61, 59, 60, 62, 63, 61]
                    rel material:binding = </Island/Hydrology/Rivers/Water/WaterMaterial>
                    point3f[] points = [(-385.40686, 47.941257, -594.9853), (-391.06372, 47.20518, -589.3284), (-393.25, 43.147972, -602.8284), (-398.90686, 44.547066, -597.1716), (-400.34387, 39.613564, -609.632), (-407.49927, 42.171726, -606.05426), (-400.34387, 39.169727, -617.47516), (-407.49927, 38.130203, -613.8974), (-408.93628, 34.473843, -626.35785), (-414.59314, 36.29577, -620.701), (-416.03012, 31.367783, -633.1614), (-423.18555, 33.658463, -629.5837), (-416.03012, 30.874622, -641.0045), (-423.18555, 30.11774, -637.4268), (-424.62256, 26.722921, -649.88727), (-430.27942, 28.419212, -644.2304), (-431.7164, 24.2529, -656.6908), (-438.87183, 26.12306, -653.1131), (-431.7164, 23.605734, -664.53394), (-438.87183, 23.216055, -660.95624), (-439.55954, 20.53473, -672.3771), (-446.71497, 21.39638, -668.7994), (-439.55954, 20.151054, -680.2202), (-446.71497, 18.781301, -676.6425), (-448.15198, 16.954378, -689.10297), (-453.8088, 17.319698, -683.4461), (-455.24582, 14.611448, -695.9065), (-462.40125, 15.435146, -692.3288), (-455.24582, 14.081813, -703.74963), (-462.40125, 13.101457, -700.17194), (-463.83823, 11.344229, -712.6323), (-469.4951, 11.751841, -706.9755), (-470.9321, 9.311456, -719.4359), (-478.08752, 10.100463, -715.8582), (-470.9321, 8.846914, -727.27905), (-478.08752, 8.0875845, -723.70135), (-479.5245, 6.613701, -736.16174), (-485.18137, 7.080587, -730.5049), (-486.61838, 5.1177087, -742.96533), (-493.77377, 5.888662, -739.38763), (-486.61838, 4.730019, -750.8085), (-493.77377, 4.322203, -747.2308), (-494.46152, 3.2018783, -758.6516), (-501.6169, 3.5791092, -755.0739), (-494.46152, 3.2780597, -766.49475), (-501.6169, 2.5071735, -762.91705), (-503.05392, 1.8520825, -775.37744), (-508.7108, 1.9408714, -769.7206), (-510.1478, 1.1796461, -782.181), (-517.3032, 1.492187, -778.60333), (-510.1478, 1.300808, -790.0242), (-517.3032, 0.8421148, -786.4464), (-518.7402, 0.6582805, -798.90686), (-524.39703, 0.6406365, -793.25), (-526.5833, 0.411519, -806.75), (-532.2402, 0.4973335, -801.09314), (-533.6772, 0.33879536, -813.5536), (-540.8326, 0.3863554, -809.9758), (-533.6772, 0.33732545, -821.39667), (-540.8326, 0.33009025, -817.819), (-541.5203, 0.3244103, -829.2398), (-548.6757, 0.32450363, -825.6621), (-541.098, 0.30994076, -835.2941), (-549.098, 0.29938963, -835.2941)]
                    texCoord2f[] primvars:st = [(0, 0), (1, 0), (0, 0.037069436), (1, 0.037069436), (0, 0.073614694), (1, 0.073614694), (0, 0.09999183), (1, 0.09999183), (0, 0.13687997), (1, 0.13687997), (0, 0.17311525), (1, 0.17311525), (0, 0.19943695), (1, 0.19943695), (0, 0.23581444), (1, 0.23581444), (0, 0.2718922), (1, 0.2718922), (0, 0.2979019), (1, 0.2979019), (0, 0.33403808), (1, 0.33403808), (0, 0.35948408), (1, 0.35948408), (0, 0.3958099), (1, 0.3958099), (0, 0.43180037), (1, 0.43180037), (0, 0.4572259), (1, 0.4572259), (0, 0.49333507), (1, 0.49333507), (0, 0.5291814), (1, 0.5291814), (0, 0.55453604), (1, 0.55453604), (0, 0.5903851), (1, 0.5903851), (0, 0.62603754), (1, 0.62603754), (0, 0.6512915), (1, 0.6512915), (0, 0.6869048), (1, 0.6869048), (0, 0.7120238), (1, 0.7120238), (0, 0.7475734), (1, 0.7475734), (0, 0.7830568), (1, 0.7830568), (0, 0.8081227), (1, 0.8081227), (0, 0.84357876), (1, 0.84357876), (0, 0.87901646), (1, 0.87901646), (0, 0.91445184), (1, 0.91445184), (0, 0.9395084), (1, 0.9395084), (0, 0.97494346), (1, 0.97494346), (0, 1), (1, 1)] (
                        interpolation = "vertex"
                    )
                    uniform token subdivisionScheme = "none"
                }

                def Mesh "River_49" (
                    prepend apiSchemas = ["MaterialBindingAPI"]
                )
                {
                    float3[] extent = [(275.60294, 0.30436587, -890.1961), (447.13727, 48.75731, -612.85785)]
                    int[] faceVertexCounts = [4, 4, 4, 4, 4, 4, 4, 4, 4, 4, 4, 4, 4, 4, 4, 4, 4, 4, 4, 4, 4, 4, 4, 4, 4, 4, 4, 4, 4, 4, 4, 4, 4, 4, 4, 4]
                    int[] faceVertexIndices = [0, 2, 3, 1, 2, 4, 5, 3, 4, 6, 7, 5, 6, 8, 9, 7, 8, 10, 11, 9, 10, 12, 13, 11, 12, 14, 15, 13, 14, 16, 17, 15, 16, 18, 19, 17, 18, 20, 21, 19, 20, 22, 23, 21, 22, 24, 25, 23, 24, 26, 27, 25, 26, 28, 29, 27, 28, 30, 31, 29, 30, 32, 33, 31, 32, 34, 35, 33, 34, 36, 37, 35, 36, 38, 39, 37, 38, 40, 41, 39, 40, 42, 43, 41, 42, 44, 45, 43, 44, 46, 47, 45, 46, 48, 49, 47, 48, 50, 51, 49, 50, 52, 53, 51, 52, 54, 55, 53, 54, 56, 57, 55, 56, 58, 59, 57, 58, 60, 61, 59, 60, 62, 63, 61, 62, 64, 65, 63, 64, 66, 67, 65, 66, 68, 69, 67, 68, 70, 71, 69, 70, 72, 73, 71]
                    rel material:binding = </Island/Hydrology/Rivers/Water/WaterMaterial>
                    point3f[] points = [(281.2598, 48.03938, -612.85785), (275.60294, 48.75731, -618.5147), (289.10294, 45.595333, -620.701), (283.44608, 44.75973, -626.35785), (297.69534, 43.11384, -629.5837), (290.53995, 41.525074, -633.1614), (297.69534, 39.959557, -637.4268), (290.53995, 41.205227, -641.0045), (305.53848, 38.197327, -645.26996), (298.3831, 37.29937, -648.84766), (305.53848, 35.24103, -653.1131), (298.3831, 36.73393, -656.6908), (313.38162, 34.353325, -660.95624), (306.22623, 32.85372, -664.53394), (313.38162, 31.454378, -668.7994), (306.22623, 32.637753, -672.3771), (321.22476, 31.038334, -676.6425), (314.06934, 28.922396, -680.2202), (321.22476, 27.551537, -684.48566), (314.06934, 28.223577, -688.06335), (329.0679, 27.151302, -692.3288), (321.91248, 24.775574, -695.9065), (329.0679, 24.27478, -700.17194), (321.91248, 24.451176, -703.74963), (336.91104, 23.975367, -708.0151), (329.7556, 21.265682, -711.5928), (336.91104, 20.21766, -715.8582), (329.7556, 20.987413, -719.4359), (344.75418, 19.652237, -723.70135), (337.59875, 17.608862, -727.27905), (344.75418, 16.739878, -731.5445), (337.59875, 18.057444, -735.1222), (352.59732, 16.206715, -739.38763), (345.4419, 14.757479, -742.96533), (352.59732, 13.018441, -747.2308), (345.4419, 14.934059, -750.8085), (359.69116, 12.361691, -754.0343), (354.03433, 12.198196, -759.69116), (368.2836, 11.673389, -762.91705), (361.12817, 9.64384, -766.49475), (368.2836, 8.566534, -770.7602), (361.12817, 10.004974, -774.3379), (375.37744, 8.130302, -777.5637), (369.72058, 7.3567147, -783.2206), (383.96988, 7.3936853, -786.4464), (376.81445, 5.718958, -790.0242), (383.96988, 5.105046, -794.28955), (376.81445, 5.6442347, -797.8673), (391.813, 4.5948424, -802.1327), (384.6576, 3.841683, -805.71045), (391.813, 3.1921191, -809.9758), (384.6576, 4.169985, -813.5536), (398.90686, 2.6504629, -816.7794), (393.25, 2.47275, -822.4363), (407.49927, 2.1272852, -825.6621), (400.34387, 1.6601665, -829.2398), (407.49927, 1.2884672, -833.50525), (400.34387, 1.7191374, -837.08295), (414.59314, 1.0232396, -840.30884), (408.93628, 0.86105514, -845.9657), (423.18555, 0.72915685, -849.1915), (416.03012, 0.52297765, -852.7692), (423.18555, 0.44558096, -857.03467), (416.03012, 0.51938456, -860.61237), (430.27942, 0.37450954, -863.83826), (424.62256, 0.3429937, -869.4951), (438.87183, 0.3263405, -872.72095), (431.7164, 0.31664437, -876.29865), (438.12256, 0.31647974, -879.52454), (432.4657, 0.31647974, -885.1814), (445.96567, 0.31810784, -879.52454), (440.30884, 0.31532502, -885.1814), (447.13727, 0.30436587, -890.1961), (439.13727, 0.3163962, -890.1961)]
                    texCoord2f[] primvars:st = [(0, 0), (1, 0), (0, 0.032816965), (1, 0.032816965), (0, 0.06515479), (1, 0.06515479), (0, 0.08823242), (1, 0.08823242), (0, 0.1206517), (1, 0.1206517), (0, 0.14342216), (1, 0.14342216), (0, 0.17587678), (1, 0.17587678), (0, 0.19857542), (1, 0.19857542), (0, 0.23061888), (1, 0.23061888), (0, 0.25362107), (1, 0.25362107), (0, 0.2856153), (1, 0.2856153), (0, 0.30858353), (1, 0.30858353), (0, 0.34039375), (1, 0.34039375), (0, 0.36341104), (1, 0.36341104), (0, 0.39543888), (1, 0.39543888), (0, 0.4181537), (1, 0.4181537), (0, 0.45005515), (1, 0.45005515), (0, 0.47257325), (1, 0.47257325), (0, 0.50475425), (1, 0.50475425), (0, 0.53643894), (1, 0.53643894), (0, 0.55902827), (1, 0.55902827), (0, 0.5909601), (1, 0.5909601), (0, 0.62257355), (1, 0.62257355), (0, 0.6451594), (1, 0.6451594), (0, 0.6768136), (1, 0.6768136), (0, 0.6991608), (1, 0.6991608), (0, 0.73080474), (1, 0.73080474), (0, 0.7623825), (1, 0.7623825), (0, 0.7846945), (1, 0.7846945), (0, 0.81625), (1, 0.81625), (0, 0.8477819), (1, 0.8477819), (0, 0.8700766), (1, 0.8700766), (0, 0.9016021), (1, 0.9016021), (0, 0.93312657), (1, 0.93312657), (0, 0.9554177), (1, 0.9554177), (0, 0.9777089), (1, 0.9777089), (0, 1), (1, 1)] (
                        interpolation = "vertex"
                    )
                    uniform token subdivisionScheme = "none"
                }

                def Mesh "River_50" (
                    prepend apiSchemas = ["MaterialBindingAPI"]
                )
                {
                    float3[] extent = [(605.0147, 0.31175482, -751.848), (657.7304, 2.581971, -699.1324)]
                    int[] faceVertexCounts = [4, 4, 4, 4, 4, 4]
                    int[] faceVertexIndices = [0, 2, 3, 1, 2, 4, 5, 3, 4, 6, 7, 5, 6, 8, 9, 7, 8, 10, 11, 9, 10, 12, 13, 11]
                    rel material:binding = </Island/Hydrology/Rivers/Water/WaterMaterial>
                    point3f[] points = [(610.6716, 1.839134, -699.1324), (605.0147, 2.581971, -704.7892), (618.5147, 1.118755, -706.9755), (612.85785, 1.7785598, -712.6323), (626.35785, 0.81391895, -714.8186), (620.701, 1.046284, -720.47546), (634.201, 0.56420344, -722.66174), (628.5441, 0.6326182, -728.3186), (642.0441, 0.40895376, -730.5049), (636.38727, 0.401771, -736.16174), (649.88727, 0.3489549, -738.348), (644.2304, 0.34604153, -744.0049), (657.7304, 0.31979394, -746.19116), (652.07355, 0.31175482, -751.848)]
                    texCoord2f[] primvars:st = [(0, 0), (1, 0), (0, 0.1668807), (1, 0.1668807), (0, 0.33361968), (1, 0.33361968), (0, 0.5002318), (1, 0.5002318), (0, 0.6668265), (1, 0.6668265), (0, 0.8334133), (1, 0.8334133), (0, 1), (1, 1)] (
                        interpolation = "vertex"
                    )
                    uniform token subdivisionScheme = "none"
                }

                def Mesh "River_51" (
                    prepend apiSchemas = ["MaterialBindingAPI"]
                )
                {
                    float3[] extent = [(-486.35294, 0.29938963, -874.5098), (-369.72058, 20.10344, -714.8186)]
                    int[] faceVertexCounts = [4, 4, 4, 4, 4, 4, 4, 4, 4, 4, 4, 4, 4, 4, 4, 4, 4, 4, 4, 4]
                    int[] faceVertexIndices = [0, 2, 3, 1, 2, 4, 5, 3, 4, 6, 7, 5, 6, 8, 9, 7, 8, 10, 11, 9, 10, 12, 13, 11, 12, 14, 15, 13, 14, 16, 17, 15, 16, 18, 19, 17, 18, 20, 21, 19, 20, 22, 23, 21, 22, 24, 25, 23, 24, 26, 27, 25, 26, 28, 29, 27, 28, 30, 31, 29, 30, 32, 33, 31, 32, 34, 35, 33, 34, 36, 37, 35, 36, 38, 39, 37, 38, 40, 41, 39]
                    rel material:binding = </Island/Hydrology/Rivers/Water/WaterMaterial>
                    point3f[] points = [(-369.72058, 20.10344, -720.47546), (-375.37744, 19.621248, -714.8186), (-377.56372, 16.507124, -728.3186), (-383.22058, 17.911259, -722.66174), (-384.6576, 14.259084, -735.1222), (-391.813, 15.7601795, -731.5445), (-384.6576, 14.7807665, -742.96533), (-391.813, 12.902903, -739.38763), (-393.25, 11.735411, -751.848), (-398.90686, 11.5701065, -746.19116), (-401.09314, 9.704217, -759.69116), (-406.75, 10.0401535, -754.0343), (-408.93628, 7.3640695, -767.5343), (-414.59314, 8.93311, -761.87744), (-416.03012, 5.810257, -774.3379), (-423.18555, 7.443009, -770.7602), (-416.03012, 6.4073167, -782.181), (-423.18555, 5.36671, -778.60333), (-424.62256, 4.422461, -791.0637), (-430.27942, 4.646135, -785.40686), (-432.4657, 3.0893679, -798.90686), (-438.12256, 3.7531562, -793.25), (-440.30884, 1.9599004, -806.75), (-445.96567, 3.0096123, -801.09314), (-447.40268, 1.3297614, -813.5536), (-454.5581, 2.1809132, -809.9758), (-447.40268, 1.514141, -821.39667), (-454.5581, 1.2116069, -817.819), (-455.99512, 0.78229743, -830.2794), (-461.65195, 0.940035, -824.62256), (-463.08896, 0.44506726, -837.08295), (-470.2444, 0.6419285, -833.50525), (-463.08896, 0.5113157, -844.9261), (-470.2444, 0.38669947, -841.3484), (-471.68137, 0.33836547, -853.80884), (-477.33823, 0.33977434, -848.152), (-478.77524, 0.31774768, -860.61237), (-485.93066, 0.32129386, -857.03467), (-478.35294, 0.31999376, -866.6667), (-486.35294, 0.31151628, -866.6667), (-478.35294, 0.30304644, -874.5098), (-486.35294, 0.29938963, -874.5098)]
                    texCoord2f[] primvars:st = [(0, 0), (1, 0), (0, 0.05565199), (1, 0.05565199), (0, 0.11109037), (1, 0.11109037), (0, 0.1500695), (1, 0.1500695), (0, 0.20572726), (1, 0.20572726), (0, 0.26083988), (1, 0.26083988), (0, 0.31568688), (1, 0.31568688), (0, 0.37041768), (1, 0.37041768), (0, 0.4095101), (1, 0.4095101), (0, 0.4642342), (1, 0.4642342), (0, 0.51898223), (1, 0.51898223), (0, 0.57352644), (1, 0.57352644), (0, 0.6280195), (1, 0.6280195), (0, 0.66667086), (1, 0.66667086), (0, 0.72115105), (1, 0.72115105), (0, 0.7756029), (1, 0.7756029), (0, 0.81410533), (1, 0.81410533), (0, 0.8685532), (1, 0.8685532), (0, 0.9230002), (1, 0.9230002), (0, 0.9615001), (1, 0.9615001), (0, 1), (1, 1)] (
                        interpolation = "vertex"
                    )
                    uniform token subdivisionScheme = "none"
                }
            }
        }
    }
}

