#usda 1.0

def "Island"
{
    def Scope "Town"
    {
        def Scope "Roads"
        {
            def Points "Nodes"
            {
                float3[] extent = [(-827.82654, 1.0352359, -894.7941), (823.6759, 155.2903, 916.89795)]
                int64[] ids = [0, 1, 2, 3, 4, 5, 6, 7, 8, 9, 10, 11, 12, 13, 14, 15, 16, 17, 18, 19, 20, 21, 22, 23, 24, 25, 26, 27, 28, 29, 30, 31, 32, 33, 34, 35, 36, 37, 38, 39, 40, 41, 42, 43, 44, 45, 46, 47, 48, 49, 50, 51, 52, 53, 54, 55, 56, 57, 58, 59, 60, 61, 62, 63, 64, 65, 66, 67, 68, 69, 70, 71, 72, 73, 74, 75, 76, 77, 78, 79, 80, 81, 82, 83, 84, 85, 86, 87, 88, 89, 90, 91, 92, 93, 94, 95, 96, 97, 98, 99, 100, 101, 102, 103, 104, 105, 106, 107, 108, 109, 110, 111, 112, 113, 114, 115, 116, 117, 118, 119, 120, 121, 122, 123, 124, 125, 126, 127, 128, 129, 130, 131, 132, 133, 134, 135, 136, 137, 138, 139, 140, 141, 142, 143, 144, 145, 146, 147, 148, 149, 150, 151, 152, 153, 154, 155, 156, 157, 158, 159, 160, 161, 162, 163, 164, 165, 166, 167, 168, 169, 170, 171, 172, 173, 174, 175, 176, 177, 178, 179, 180, 181, 182, 183, 184, 185, 186, 187, 188, 189, 190, 191, 192, 193, 194, 195, 196, 197, 198, 199, 200, 201, 202, 203, 204, 205, 206, 207, 208, 209, 210, 211, 212, 213, 214, 215, 216, 217, 218, 219, 220, 221, 222, 223, 224, 225, 226, 227, 228, 229, 230, 231, 232, 233, 234, 235]
                point3f[] points = [(748.7121, 16.787777, 178.94737), (823.1579, 3.7272248, 178.94737), (655.9426, 46.97257, 178.94737), (503.1579, 97.662766, 178.94737), (358.14865, 128.58713, 246.56628), (505.72845, 108.93322, 18.96802), (238.62463, 128.18872, 352.93362), (508.299, 105.40385, -141.01134), (135.77863, 125.07428, 475.50073), (464.87897, 106.543, -295.0071), (-9.230626, 102.424736, 543.1197), (360.44562, 98.94947, -416.22458), (-169.23062, 96.45932, 543.1197), (225.63402, 100.09719, -502.39783), (-228.67818, 88.623116, 515.3988), (-314.23987, 87.07502, 475.50073), (67.034805, 103.836395, -523.5235), (397.2185, 101.55046, 327.6437), (415.7982, 142.91072, 15.425416), (-397.58032, 82.05722, 401.33405), (-433.7639, 84.513855, 369.1334), (40.703484, 111.73798, -519.31555), (-90.960464, 101.17682, -498.27487), (177.51224, 155.2903, 286.8634), (598.2875, 76.98799, -139.56996), (411.39374, 82.81801, 416.5204), (-496.87137, 87.983116, 266.82056), (-517.76013, 83.91743, 232.95473), (-248.95575, 101.45333, -473.02625), (680.45386, 41.61572, -176.29442), (602.2164, 65.30256, -229.48418), (386.67996, 73.15957, 503.0607), (500.28613, 59.903843, 402.444), (-601.7564, 83.89604, 96.77607), (-381.47757, 93.44431, -383.37152), (739.4014, 27.629234, -244.30309), (580.1925, 65.36382, -316.74786), (327.70816, 65.85046, 571.0484), (473.29483, 49.748844, 527.51196), (526.2094, 50.462402, 384.95966), (574.90106, 45.194817, 352.11893), (-620.33124, 74.836784, -62.14207), (-463.6934, 93.8939, -246.11061), (-171.04878, 76.729744, 606.32733), (-171.81839, 65.7993, 633.08246), (764.0844, 15.989045, -330.8522), (809.13525, 6.384443, -187.4067), (523.3529, 64.230865, -386.52792), (245.5287, 59.7259, 607.7436), (261.47342, 93.576614, 510.11435), (504.0089, 38.133877, 522.51776), (562.1281, 34.141937, 513.0673), (499.5367, 56.159306, 441.4227), (621.25684, 47.08405, 274.9753), (614.2366, 33.40781, 415.19507), (622.52515, 29.73157, 428.4861), (-595.42554, 67.760666, -137.30339), (-570.0041, 66.08707, -214.02089), (-545.90924, 89.98931, -108.84972), (81.46844, 73.84242, -612.3586), (-156.81584, 52.69939, 688.9984), (-148.49582, 43.956173, 720.00806), (749.87756, 12.3006525, -419.72382), (477.2268, 64.16987, -463.8091), (595.5693, 38.235382, -440.23825), (177.32596, 57.61509, 666.46655), (282.22348, 38.94893, 689.9232), (175.6925, 111.52234, 482.88135), (199.84302, 84.04443, 575.70166), (627.41833, 26.653666, 468.63663), (636.5338, 25.302668, 462.43344), (551.5612, 43.854122, 423.6898), (663.1579, 44.32444, 178.94737), (698.7827, 20.46473, 380.6868), (-522.85254, 68.71516, -281.3603), (-478.23187, 69.19667, -345.08524), (-376.27957, 104.75593, 299.88348), (-107.09059, 79.44876, -586.8176), (57.006428, 52.275307, -698.9704), (116.613, 72.21394, -605.00305), (169.55978, 77.86516, -593.92175), (-146.47925, 42.833794, 722.40967), (-90.62205, 26.114035, 788.9328), (-235.3609, 30.820179, 743.555), (699.443, 12.596315, -494.2648), (402.7619, 66.11737, -514.3559), (638.32056, 20.138374, -519.4363), (543.19244, 38.38513, -513.42755), (90.69589, 54.218708, 690.8639), (236.76796, 32.347324, 734.0435), (334.31677, 20.068218, 735.1089), (350.21088, 17.835207, 748.8954), (364.1539, 39.701714, 652.6753), (116.26852, 81.19787, 609.09784), (747.6947, 19.703209, 305.13803), (748.3549, 7.7010098, 455.80402), (-426.45422, 68.98625, -448.183), (-406.42398, 68.10561, -488.06644), (-594.34454, 58.648888, 280.22873), (-353.44736, 127.03479, 212.82779), (-88.97348, 65.26887, -655.99664), (-84.289665, 61.21045, -673.8815), (-195.35646, 81.45613, -569.23535), (5.6530724, 33.058723, -758.52386), (-1.7674247, 30.15604, -767.1293), (-30.691343, 61.747887, -678.74414), (248.66263, 75.98012, -550.99457), (-9.041722, 15.488531, 826.9414), (-159.3316, 12.327202, 847.06195), (-324.03876, 25.810455, 728.185), (-254.58105, 52.81347, 655.6312), (775.33746, 1.0542368, -542.6386), (345.52615, 64.34193, -542.0683), (321.7574, 64.940414, -553.5767), (643.5958, 8.516457, -609.28156), (480.76123, 36.79658, -578.253), (1.8716153, 53.631165, 676.36395), (91.61919, 53.05236, 694.2166), (114.59136, 27.466503, 777.6337), (251.01334, 29.165201, 740.2863), (319.19995, 15.763904, 770.16785), (436.75107, 7.2949834, 773.6096), (332.92, 11.038528, 769.84796), (292.9266, 9.686261, 818.3109), (370.84882, 39.512558, 648.36383), (439.82083, 38.258423, 603.9463), (26.410477, 78.42559, 604.0449), (760.09576, 18.276722, 215.99648), (823.6759, 5.714631, 353.37555), (-404.7529, 82.81308, -416.91135), (-597.2817, 56.014374, 284.69772), (-643.7747, 40.4498, 355.43948), (-369.5457, 130.29716, 124.27925), (-40.56445, 44.221973, -726.59467), (-26.83023, 39.529835, -743.15204), (-115.25382, 52.71229, -681.3146), (-171.80344, 36.43087, -694.8896), (-280.14215, 82.819115, -539.04614), (-209.59651, 54.247242, -658.1016), (-83.83982, 21.353052, -804.0633), (64.878174, 16.669836, -827.6137), (-12.440615, 93.44086, -590.6141), (327.76547, 77.37155, -508.06744), (265.5391, 62.51893, -580.7965), (293.01135, 42.528057, -629.30927), (80.958275, 15.968814, 826.9115), (29.52891, 37.70419, 745.6253), (-246.17006, 4.5597835, 870.7069), (-213.91109, 20.7426, 775.50024), (-397.91254, 26.163132, 676.77814), (-330.25732, 16.537043, 769.92114), (-337.30206, 8.055181, 817.2023), (-309.15863, 62.405537, 584.06805), (396.78287, 33.519867, -610.62024), (-48.20227, 54.979885, 690.4661), (-84.75846, 51.6765, 700.7613), (148.13287, 17.712275, 817.04913), (172.91853, 11.176112, 846.1753), (201.39722, 28.104315, 753.86945), (490.03253, 15.469146, 678.6376), (-61.12178, 76.438774, 624.9758), (-530.9226, 103.515335, -72.4425), (-655.43494, 27.236568, 435.23273), (-656.7882, 25.935852, 444.49365), (-246.67844, 37.336468, -712.8637), (-259.3172, 35.867115, -715.8977), (-352.7076, 84.53839, -485.8084), (-221.09877, 40.507877, -706.72314), (-170.39857, 12.151323, -828.71246), (150.84142, 8.168883, -854.2655), (4.9884067, 4.755027, -894.7941), (406.86832, 76.465485, -465.1403), (297.7755, 32.9324, -689.54297), (300.1077, 27.363846, -719.0291), (213.8356, 46.07284, -672.10187), (82.52221, 3.0457308, 916.89795), (-471.78635, 26.870722, 625.3713), (-373.53174, 63.227165, 521.1705), (334.35162, 32.453514, -675.4457), (430.69424, 12.893479, -693.987), (228.90901, 7.165501, 839.56134), (503.97394, 3.6069148, 767.5512), (413.4251, 15.97296, 725.8742), (-656.14484, 42.186604, -240.09328), (-443.9509, 118.33264, -95.59233), (-643.71405, 16.392933, 533.53894), (-746.1278, 10.963392, 433.61044), (-347.51, 29.513357, -697.9526), (-235.56187, 16.227682, -802.706), (-365.15125, 78.05219, -503.15143), (-405.17465, 56.725246, -558.933), (-192.6311, 30.956722, -741.5017), (470.33636, 77.15779, -401.3296), (268.62198, 12.842581, -803.3419), (123.99311, 42.9833, -677.424), (-527.813, 26.075855, 554.9368), (-426.29584, 58.792114, 482.8317), (-446.34103, 62.68141, 468.26672), (-323.15768, 88.97419, 467.56454), (398.17087, 14.004874, -738.90515), (427.90955, 9.640953, -749.63403), (426.19608, 6.135704, -783.8745), (-746.1445, 24.58062, -240.36488), (-626.22156, 39.71773, -324.97318), (-594.2326, 9.986627, 608.716), (-733.02826, 4.748617, 544.62823), (-419.85593, 28.804565, -644.4169), (-331.5898, 55.022984, -609.3718), (-177.34544, 5.9672093, -871.3416), (-106.19788, 45.374214, -716.4159), (-593.45636, 26.58378, 493.36612), (-456.60825, 49.275085, 499.89252), (-489.64627, 60.45122, 390.1342), (-827.82654, 11.633231, -202.57558), (-563.2301, 37.459488, -389.25436), (-534.37805, 11.098797, 675.92786), (-671.3276, 2.20126, 655.1527), (-499.197, 27.11619, -601.93164), (-364.20703, 59.759872, -573.68353), (-345.8039, 65.98819, -564.3849), (-533.30664, 46.960014, 426.41827), (-554.3437, 58.836548, 326.65155), (-533.3068, 41.979202, -474.13425), (-629.4955, 25.32517, -450.15506), (-465.41437, 11.305721, 733.75525), (-563.02, 26.237597, -538.476), (-474.24808, 40.84676, -549.75867), (-460.37024, 47.468887, -520.73755), (-459.74353, 59.59849, -456.26797), (-663.8146, 12.340689, -533.35486), (-378.4731, 14.853687, 757.01935), (-524.2754, 1.0352359, 801.83887), (-624.74194, 9.387408, -603.9772), (-659.7565, 5.2222376, -623.2633), (-747.61145, 4.407649, -500.52066), (-403.48938, 2.1678407, 843.4727)]
            }

            def BasisCurves "Highways"
            {
                int[] curveVertexCounts = [6, 11, 11, 11, 11, 11, 11, 11, 11, 11, 11, 11, 7, 11, 4, 10, 4, 11, 11, 11, 11, 11, 6, 11, 2, 6, 4, 8, 7, 6, 3, 5, 6, 2, 7, 9]
                float3[] extent = [(-620.33124, 3.7272248, -523.5235), (823.1579, 134.11003, 543.1197)]
                point3f[] points = [(748.7121, 16.787777, 178.94737), (763.60126, 13.866425, 178.94737), (778.4904, 11.22905, 178.94737), (793.3796, 8.728441, 178.94737), (808.26874, 6.2278333, 178.94737), (823.1579, 3.7272248, 178.94737), (655.9426, 46.97257, 178.94737), (640.6642, 52.746483, 178.94737), (625.3857, 58.43933, 178.94737), (610.10724, 64.097855, 178.94737), (594.82874, 69.10936, 178.94737), (579.5503, 73.75963, 178.94737), (564.2718, 78.13373, 178.94737), (548.99335, 79.84018, 178.94737), (533.71484, 84.42101, 178.94737), (518.43634, 92.79394, 178.94737), (503.1579, 97.662766, 178.94737), (503.1579, 97.662766, 178.94737), (488.65698, 101.451485, 185.70926), (474.15604, 104.4107, 192.47115), (459.65512, 105.77704, 199.23305), (445.1542, 110.53512, 205.99493), (430.65326, 115.64594, 212.75684), (416.15234, 118.972626, 219.51872), (401.65143, 119.469376, 226.28061), (387.1505, 122.505486, 233.04251), (372.64957, 126.27216, 239.8044), (358.14865, 128.58713, 246.56628), (503.1579, 97.662766, 178.94737), (503.41495, 97.728325, 162.94943), (503.672, 98.97349, 146.95149), (503.92905, 105.29103, 130.95357), (504.18613, 102.32862, 114.95563), (504.44318, 106.98631, 98.957695), (504.70023, 110.8808, 82.959755), (504.95728, 110.30294, 66.96182), (505.21432, 106.184265, 50.96389), (505.4714, 109.00179, 34.965954), (505.72845, 108.93322, 18.96802), (358.14865, 128.58713, 246.56628), (346.19626, 131.83911, 257.20303), (334.24384, 133.70761, 267.83975), (322.29144, 134.11003, 278.4765), (310.33905, 132.45963, 289.11322), (298.38666, 128.75604, 299.74997), (286.43423, 128.31389, 310.3867), (274.48184, 126.63623, 321.02344), (262.52945, 132.15994, 331.66016), (250.57704, 132.18623, 342.2969), (238.62463, 128.18872, 352.93362), (505.72845, 108.93322, 18.96802), (505.9855, 107.605995, 2.970084), (506.24255, 107.24969, -13.027851), (506.4996, 109.06157, -29.025785), (506.75665, 106.358604, -45.02372), (507.01373, 102.57531, -61.021656), (507.27078, 106.91147, -77.01959), (507.52783, 104.43339, -93.017525), (507.78488, 106.319824, -109.01546), (508.04193, 106.81442, -125.0134), (508.299, 105.40385, -141.01134), (238.62463, 128.18872, 352.93362), (228.34004, 128.31322, 365.19034), (218.05544, 129.79926, 377.44705), (207.77083, 129.28365, 389.70377), (197.48624, 127.37238, 401.96048), (187.20163, 129.04665, 414.2172), (176.91702, 130.8873, 426.4739), (166.63243, 129.32198, 438.73062), (156.34782, 127.906075, 450.9873), (146.06322, 126.49018, 463.24402), (135.77863, 125.07428, 475.50073), (508.299, 105.40385, -141.01134), (503.957, 104.02403, -156.4109), (499.615, 102.79434, -171.81049), (495.27298, 103.1058, -187.21007), (490.931, 104.205894, -202.60965), (486.589, 105.74971, -218.00922), (482.24698, 106.99289, -233.4088), (477.90497, 105.736374, -248.80838), (473.56296, 101.19235, -264.20795), (469.22098, 106.321884, -279.60754), (464.87897, 106.543, -295.0071), (135.77863, 125.07428, 475.50073), (121.277695, 123.6886, 482.26263), (106.77677, 122.01956, 489.02454), (92.27585, 120.4139, 495.7864), (77.774925, 119.50397, 502.5483), (63.274, 116.08131, 509.3102), (48.77307, 111.61734, 516.0721), (34.27215, 107.73486, 522.834), (19.771223, 105.31947, 529.5959), (5.2702985, 101.89886, 536.3578), (-9.230626, 102.424736, 543.1197), (464.87897, 106.543, -295.0071), (454.43564, 105.344536, -307.12885), (443.9923, 99.91402, -319.2506), (433.54895, 103.20773, -331.37234), (423.10562, 104.087845, -343.4941), (412.6623, 105.3413, -355.61584), (402.21896, 106.594765, -367.7376), (391.77563, 106.98907, -379.85934), (381.3323, 105.45308, -391.98108), (370.88895, 102.45412, -404.10284), (360.44562, 98.94947, -416.22458), (-9.230626, 102.424736, 543.1197), (-25.230625, 102.1461, 543.1197), (-41.230625, 101.74641, 543.1197), (-57.230625, 101.18403, 543.1197), (-73.23063, 99.472145, 543.1197), (-89.23063, 98.736755, 543.1197), (-105.23063, 98.03695, 543.1197), (-121.23063, 97.7797, 543.1197), (-137.23062, 97.522446, 543.1197), (-153.23062, 97.26519, 543.1197), (-169.23062, 96.45932, 543.1197), (360.44562, 98.94947, -416.22458), (346.96445, 97.103264, -424.84192), (333.4833, 95.05227, -433.45923), (320.00214, 97.24668, -442.07657), (306.52097, 98.59212, -450.69388), (293.03983, 100.23518, -459.31122), (279.55865, 100.882706, -467.92853), (266.07748, 100.27015, -476.54587), (252.59633, 97.40752, -485.16318), (239.11517, 100.38936, -493.78052), (225.63402, 100.09719, -502.39783), (-228.67818, 88.623116, 515.3988), (-242.93845, 91.22787, 508.74915), (-257.19873, 90.81449, 502.09946), (-271.459, 89.66967, 495.44977), (-285.7193, 90.72436, 488.8001), (-299.97958, 91.42952, 482.15042), (-314.23987, 91.42952, 475.50073), (225.63402, 100.09719, -502.39783), (209.7741, 100.416145, -504.5104), (193.91417, 102.854004, -506.62296), (178.05424, 107.75134, -508.73553), (162.19434, 108.96517, -510.84808), (146.33441, 109.84009, -512.96063), (130.47449, 109.4385, -515.07324), (114.61457, 104.671455, -517.1858), (98.75465, 107.57397, -519.29834), (82.89473, 105.932915, -521.4109), (67.034805, 103.836395, -523.5235), (-397.58032, 82.05722, 401.33405), (-409.6415, 84.49029, 390.6005), (-421.7027, 85.12877, 379.86694), (-433.7639, 84.513855, 369.1334), (40.703484, 111.73798, -519.31555), (26.074158, 113.62605, -516.9777), (11.444829, 115.10148, -514.63983), (-3.1844993, 116.54023, -512.302), (-17.813828, 116.65135, -509.96414), (-32.443157, 115.00598, -507.62628), (-47.072483, 114.13042, -505.28842), (-61.701813, 114.02839, -502.95056), (-76.33114, 112.5707, -500.6127), (-90.960464, 112.5707, -498.27487), (-496.87137, 87.983116, 266.82056), (-503.8343, 89.39011, 255.53195), (-510.7972, 88.50816, 244.24335), (-517.76013, 83.91743, 232.95473), (-90.960464, 109.61373, -498.27487), (-106.759995, 109.61373, -495.75), (-122.559525, 109.61373, -493.22513), (-138.35905, 110.668564, -490.70026), (-154.15858, 109.9042, -488.1754), (-169.9581, 108.19967, -485.65054), (-185.75763, 108.55498, -483.12567), (-201.55716, 108.284584, -480.60083), (-217.35669, 106.06502, -478.07596), (-233.15622, 103.176, -475.5511), (-248.95575, 101.45333, -473.02625), (-517.76013, 83.91743, 232.95473), (-526.1598, 88.458374, 219.33687), (-534.5594, 89.06659, 205.719), (-542.959, 89.64083, 192.10114), (-551.35864, 90.21507, 178.48326), (-559.75824, 90.13496, 164.8654), (-568.1579, 89.51292, 151.24753), (-576.5575, 87.833725, 137.62967), (-584.95715, 85.22024, 124.0118), (-593.35675, 85.43526, 110.393936), (-601.7564, 83.89604, 96.77607), (-248.95575, 101.45333, -473.02625), (-262.20792, 102.08796, -464.06076), (-275.4601, 99.09257, -455.0953), (-288.71228, 99.18194, -446.12982), (-301.96448, 100.8938, -437.16434), (-315.21664, 100.4723, -428.19888), (-328.46884, 94.236855, -419.2334), (-341.721, 91.97322, -410.26794), (-354.9732, 94.99058, -401.30246), (-368.22537, 95.23075, -392.337), (-381.47757, 93.44431, -383.37152), (-601.7564, 83.89604, 96.77607), (-603.6139, 83.72223, 80.884254), (-605.4714, 82.680786, 64.99244), (-607.32886, 81.295296, 49.100624), (-609.18634, 80.12456, 33.208813), (-611.0438, 78.04967, 17.316998), (-612.9013, 71.76871, 1.4251837), (-614.7588, 75.19044, -14.46663), (-616.6163, 77.40688, -30.358444), (-618.47375, 76.979965, -46.25026), (-620.33124, 74.836784, -62.14207), (-381.47757, 93.44431, -383.37152), (-389.69916, 92.10456, -369.64545), (-397.92072, 90.24512, -355.91934), (-406.1423, 87.898285, -342.19324), (-414.3639, 90.5458, -328.46716), (-422.58548, 91.01348, -314.74106), (-430.80707, 92.34089, -301.01498), (-439.02866, 94.303604, -287.28888), (-447.25024, 94.816864, -273.5628), (-455.47183, 94.91401, -259.8367), (-463.6934, 93.8939, -246.11061), (-595.42554, 67.760666, -137.30339), (-590.34125, 68.12694, -152.64688), (-585.25696, 68.4932, -167.99039), (-580.17267, 68.85947, -183.3339), (-575.0884, 67.15595, -198.6774), (-570.0041, 66.08707, -214.02089), (-463.6934, 93.8939, -246.11061), (-471.91498, 90.8398, -232.38452), (-480.13657, 89.71711, -218.65843), (-488.35815, 91.82869, -204.93234), (-496.57974, 90.60492, -191.20625), (-504.80133, 94.4235, -177.48016), (-513.0229, 95.45775, -163.75407), (-521.2445, 91.97583, -150.02798), (-529.46606, 91.26076, -136.3019), (-537.6877, 90.54568, -122.575806), (-545.90924, 89.98931, -108.84972), (663.1579, 44.32444, 178.94737), (655.9426, 46.97257, 178.94737), (-522.85254, 68.71516, -281.3603), (-513.9284, 69.51223, -294.1053), (-505.00427, 70.15357, -306.85028), (-496.08014, 70.11282, -319.59525), (-487.156, 70.303535, -332.34024), (-478.23187, 69.19667, -345.08524), (-426.45422, 68.98625, -448.183), (-419.77747, 69.26404, -461.47748), (-413.10074, 68.68482, -474.77197), (-406.42398, 68.10561, -488.06644), (-478.23187, 69.19667, -345.08524), (-470.83505, 69.40994, -359.81348), (-463.43826, 70.07946, -374.54172), (-456.04144, 70.748985, -389.27), (-448.64462, 74.60235, -403.99823), (-441.24783, 73.64598, -418.7265), (-433.851, 71.55108, -433.45474), (-426.45422, 68.98625, -448.183), (663.1579, 44.32444, 178.94737), (677.41693, 39.350246, 178.94737), (691.67596, 34.66169, 178.94737), (705.935, 30.065294, 178.94737), (720.19403, 25.374994, 178.94737), (734.45306, 20.794071, 178.94737), (748.7121, 16.787777, 178.94737), (-570.0041, 66.08707, -214.02089), (-560.5738, 65.30665, -227.48877), (-551.1435, 65.9743, -240.95667), (-541.71313, 67.425766, -254.42455), (-532.28284, 64.782196, -267.89243), (-522.85254, 68.71516, -281.3603), (67.034805, 103.836395, -523.5235), (53.869144, 109.88531, -521.41956), (40.703484, 111.73798, -519.31555), (-169.23062, 96.45932, 543.1197), (-184.09251, 95.28852, 536.18945), (-198.95439, 93.877304, 529.2592), (-213.81628, 93.13035, 522.32904), (-228.67818, 88.623116, 515.3988), (-620.33124, 74.836784, -62.14207), (-615.3501, 74.49955, -77.17433), (-610.36896, 75.20823, -92.2066), (-605.3878, 73.896545, -107.23886), (-600.4067, 71.43901, -122.271126), (-595.42554, 67.760666, -137.30339), (-314.23987, 87.07502, 475.50073), (-323.15768, 88.97419, 467.56454), (-323.15768, 88.97419, 467.56454), (-335.56146, 88.32676, 456.52612), (-347.96524, 84.495865, 445.48773), (-360.369, 84.418816, 434.4493), (-372.77277, 84.34176, 423.4109), (-385.17654, 84.14488, 412.37247), (-397.58032, 82.05722, 401.33405), (-433.7639, 84.513855, 369.1334), (-441.6523, 84.427666, 356.3443), (-449.54077, 84.34147, 343.5552), (-457.4292, 84.25528, 330.76608), (-465.31763, 86.58741, 317.977), (-473.20605, 87.77447, 305.18787), (-481.0945, 88.15537, 292.39877), (-488.98294, 84.38972, 279.60968), (-496.87137, 87.983116, 266.82056)]
                int[] primvars:roadnet:endNode = [1, 3, 4, 5, 6, 7, 8, 9, 10, 11, 12, 13, 15, 16, 20, 22, 27, 28, 33, 34, 41, 42, 57, 58, 2, 75, 97, 96, 0, 74, 21, 14, 56, 198, 19, 26] (
                    interpolation = "uniform"
                )
                int[] primvars:roadnet:startNode = [0, 2, 3, 3, 4, 5, 6, 7, 8, 9, 10, 11, 14, 13, 19, 21, 26, 22, 27, 28, 33, 34, 56, 42, 72, 74, 96, 75, 72, 57, 16, 12, 41, 15, 198, 20] (
                    interpolation = "uniform"
                )
                uniform token type = "linear"
                float[] widths = [12] (
                    interpolation = "constant"
                )
                uniform token wrap = "nonperiodic"
            }

            def BasisCurves "Streets"
            {
                int[] curveVertexCounts = [7, 7, 7, 7, 7, 7, 7, 7, 7, 7, 7, 7, 7, 5, 3, 7, 7, 7, 9, 7, 7, 5, 7, 7, 2, 7, 3, 7, 7, 7, 7, 7, 7, 7, 2, 7, 3, 5, 8, 6, 4, 7, 7, 7, 7, 5, 7, 7, 7, 7, 7, 7, 7, 7, 3, 7, 7, 6, 6, 5, 7, 7, 7, 7, 3, 7, 2, 7, 7, 7, 7, 7, 7, 5, 7, 3, 7, 7, 7, 7, 6, 7, 5, 6, 7, 7, 7, 4, 7, 7, 3, 5, 7, 7, 7, 7, 6, 5, 7, 7, 5, 7, 7, 7, 7, 7, 4, 7, 4, 5, 7, 4, 6, 4, 7, 3, 2, 3, 8, 7, 7, 4, 7, 6, 2, 6, 4, 2, 7, 3, 5, 7, 7, 7, 7, 7, 7, 5, 4, 3, 7, 5, 6, 7, 2, 6, 7, 2, 7, 7, 7, 8, 7, 7, 5, 6, 7, 2, 5, 7, 7, 7, 5, 8, 5, 6, 7, 5, 7, 7, 7, 7, 7, 4, 7, 6, 6, 7, 7, 7, 7, 7, 3, 6, 5, 4, 7, 4, 6, 6, 2, 7, 7, 7, 7, 7, 7, 7, 7, 7, 5, 4, 7, 6, 4, 6, 7, 7, 6, 5, 3, 7, 7, 7, 7, 7, 7, 3, 5, 6, 5, 3, 4, 6, 7, 7, 5, 4, 8, 7, 7, 7, 7, 7, 3, 4, 3, 7, 5, 7, 2, 5, 6, 5, 7, 4, 7, 8, 7, 7, 7, 6, 5, 7, 7, 4, 4, 7]
                float3[] extent = [(-827.82654, 1.0352359, -894.7941), (823.6759, 155.2903, 916.89795)]
                point3f[] points = [(358.14865, 128.58713, 246.56628), (364.66028, 122.7053, 260.0792), (371.17194, 117.07774, 273.5921), (377.68356, 112.03264, 287.105), (384.19522, 107.86245, 300.6179), (390.70685, 104.8638, 314.1308), (397.2185, 101.55046, 327.6437), (505.72845, 108.93322, 18.96802), (490.74008, 113.95272, 18.377584), (475.7517, 119.689064, 17.787151), (460.76334, 125.740555, 17.196716), (445.77493, 131.70314, 16.606283), (430.78656, 137.54828, 16.01585), (415.7982, 142.91072, 15.425416), (238.62463, 128.18872, 352.93362), (228.43924, 133.62569, 341.92194), (218.25383, 138.9819, 330.91022), (208.06844, 143.76103, 319.89853), (197.88304, 148.0127, 308.8868), (187.69763, 151.84364, 297.87512), (177.51224, 155.2903, 286.8634), (508.299, 105.40385, -141.01134), (523.29706, 100.59242, -140.7711), (538.29517, 96.16484, -140.53088), (553.2932, 91.77784, -140.29065), (568.2913, 87.11462, -140.05043), (583.28937, 82.24983, -139.8102), (598.2875, 76.98799, -139.56996), (397.2185, 101.55046, 327.6437), (399.58102, 97.92498, 342.45648), (401.94357, 94.16383, 357.26926), (404.30612, 90.35591, 372.08203), (406.66867, 87.8105, 386.8948), (409.0312, 86.30469, 401.70758), (411.39374, 82.81801, 416.5204), (598.2875, 76.98799, -139.56996), (611.9819, 71.721695, -145.6907), (625.6763, 65.422775, -151.81145), (639.37067, 58.587357, -157.93219), (653.06506, 52.228825, -164.05293), (666.75946, 46.664165, -170.17368), (680.45386, 41.61572, -176.29442), (598.2875, 76.98799, -139.56996), (598.94226, 77.32885, -154.55566), (599.5971, 76.38689, -169.54137), (600.2519, 74.06947, -184.52707), (600.90674, 71.723465, -199.51277), (601.5615, 70.067924, -214.49847), (602.2164, 65.30256, -229.48418), (411.39374, 82.81801, 416.5204), (407.27478, 81.356094, 430.94376), (403.15582, 79.89418, 445.36716), (399.03687, 78.51295, 459.79053), (394.91788, 76.688255, 474.21393), (390.79892, 75.23428, 488.63733), (386.67996, 73.15957, 503.0607), (411.39374, 82.81801, 416.5204), (426.20914, 79.42051, 414.17432), (441.02454, 73.586105, 411.82825), (455.83994, 68.50541, 409.48218), (470.65533, 65.033585, 407.13614), (485.47073, 63.447044, 404.79007), (500.28613, 59.903843, 402.444), (680.45386, 41.61572, -176.29442), (690.27844, 38.775345, -187.6292), (700.103, 35.8722, -198.96397), (709.9277, 32.83742, -210.29875), (719.75226, 31.151562, -221.63353), (729.57684, 29.541813, -232.9683), (739.4014, 27.629234, -244.30309), (602.2164, 65.30256, -229.48418), (598.5457, 64.83158, -244.02812), (594.87506, 66.68118, -258.57205), (591.2044, 67.19255, -273.11603), (587.5338, 67.59832, -287.65997), (583.86316, 62.732075, -302.20392), (580.1925, 65.36382, -316.74786), (386.67996, 73.15957, 503.0607), (376.85132, 67.4871, 514.39197), (367.0227, 72.62916, 525.72327), (357.19406, 71.42301, 537.05457), (347.36542, 69.21272, 548.3858), (337.5368, 62.148125, 559.7171), (327.70816, 65.85046, 571.0484), (386.67996, 73.15957, 503.0607), (401.11578, 69.508606, 507.13593), (415.5516, 65.36225, 511.21112), (429.9874, 60.56936, 515.2863), (444.42322, 56.27721, 519.3616), (458.85904, 53.349827, 523.43677), (473.29483, 49.748844, 527.51196), (526.2094, 53.96724, 384.95966), (538.3823, 53.96724, 376.74948), (550.55524, 53.219536, 368.5393), (562.72815, 48.57245, 360.32913), (574.90106, 45.194817, 352.11893), (-171.04878, 76.729744, 606.32733), (-171.43358, 71.06106, 619.7049), (-171.81839, 71.06106, 633.08246), (739.4014, 27.629234, -244.30309), (743.51526, 26.627382, -258.72794), (747.6291, 24.878725, -273.1528), (751.7429, 22.53839, -287.57764), (755.85675, 20.198055, -302.0025), (759.9706, 17.857721, -316.42737), (764.0844, 15.989045, -330.8522), (739.4014, 27.629234, -244.30309), (751.02374, 23.895994, -234.82036), (762.64606, 20.00151, -225.33762), (774.2684, 16.176636, -215.85489), (785.8906, 12.645194, -206.37216), (797.51294, 9.3944235, -196.88942), (809.13525, 6.384443, -187.4067), (580.1925, 65.36382, -316.74786), (570.71924, 69.44335, -328.37787), (561.246, 69.860016, -340.00787), (551.7727, 69.47855, -351.6379), (542.29944, 68.883286, -363.2679), (532.8262, 69.13986, -374.89792), (523.3529, 64.230865, -386.52792), (580.1925, 65.36382, -316.74786), (565.7783, 71.207306, -314.03027), (551.36414, 76.47877, -311.31268), (536.94995, 81.048676, -308.59506), (522.53577, 85.77689, -305.87747), (508.12155, 90.70196, -303.15988), (493.70737, 95.94867, -300.4423), (479.29315, 101.448555, -297.7247), (464.87897, 106.543, -295.0071), (327.70816, 65.85046, 571.0484), (314.0116, 66.925545, 577.16425), (300.315, 67.25411, 583.28015), (286.61844, 67.31608, 589.396), (272.92184, 66.902695, 595.51184), (259.22528, 66.28433, 601.62775), (245.5287, 66.28433, 607.7436), (327.70816, 65.85046, 571.0484), (316.66904, 70.85472, 560.8927), (305.6299, 75.30357, 550.73706), (294.5908, 79.51643, 540.58136), (283.55167, 83.78705, 530.4257), (272.51254, 88.46381, 520.27), (261.47342, 93.576614, 510.11435), (504.0089, 39.541115, 522.51776), (518.5387, 39.541115, 520.15515), (533.06854, 39.351276, 517.79254), (547.5983, 37.01634, 515.42993), (562.1281, 34.141937, 513.0673), (473.29483, 49.748844, 527.51196), (477.6685, 51.94501, 513.16376), (482.04214, 53.73023, 498.81555), (486.41577, 55.515446, 484.46735), (490.78943, 57.513622, 470.1191), (495.1631, 57.280254, 455.7709), (499.5367, 56.159306, 441.4227), (574.90106, 45.194817, 352.11893), (582.627, 49.579613, 339.26166), (590.35297, 49.15798, 326.4044), (598.079, 47.9526, 313.54712), (605.80493, 50.14998, 300.68985), (613.5309, 49.20757, 287.83258), (621.25684, 47.08405, 274.9753), (614.2366, 33.40781, 415.19507), (622.52515, 29.73157, 428.4861), (67.034805, 103.836395, -523.5235), (69.440414, 98.8374, -538.32935), (71.846016, 93.8384, -553.1352), (74.251625, 88.83941, -567.94104), (76.65723, 83.840416, -582.7469), (79.062836, 78.84142, -597.55273), (81.46844, 73.84242, -612.3586), (-156.81584, 52.69939, 688.9984), (-152.65584, 48.774532, 704.50323), (-148.49582, 43.956173, 720.00806), (764.0844, 15.989045, -330.8522), (761.7166, 15.339635, -345.66415), (759.3488, 14.558344, -360.47607), (756.981, 13.639109, -375.28802), (754.61316, 12.719874, -390.09995), (752.24536, 13.264223, -404.9119), (749.87756, 12.3006525, -419.72382), (523.3529, 64.230865, -386.52792), (515.6652, 69.326035, -399.40814), (507.97754, 70.08263, -412.28833), (500.28986, 68.4061, -425.16852), (492.60217, 66.72957, -438.04874), (484.9145, 65.05305, -450.92892), (477.2268, 64.16987, -463.8091), (523.3529, 64.230865, -386.52792), (535.389, 58.775604, -395.47964), (547.42505, 54.115814, -404.43137), (559.46106, 49.190804, -413.3831), (571.49713, 44.70366, -422.3348), (583.5332, 41.18274, -431.28653), (595.5693, 38.235382, -440.23825), (245.5287, 65.32995, 607.7436), (234.16159, 65.32995, 617.53076), (222.79446, 67.485855, 627.31793), (211.42734, 66.53331, 637.1051), (200.06021, 64.17859, 646.8922), (188.69308, 60.983063, 656.6794), (177.32596, 57.61509, 666.46655), (245.5287, 59.7259, 607.7436), (251.6445, 55.33929, 621.4402), (257.7603, 51.54106, 635.13684), (263.8761, 48.5978, 648.83344), (269.99188, 45.7112, 662.53), (276.1077, 42.583836, 676.2266), (282.22348, 38.94893, 689.9232), (261.47342, 93.576614, 510.11435), (247.17659, 97.80068, 505.57553), (232.87978, 101.33348, 501.03668), (218.58295, 104.74578, 496.49786), (204.28613, 109.02803, 491.959), (189.98932, 112.736694, 487.4202), (175.6925, 112.736694, 482.88135), (261.47342, 93.576614, 510.11435), (251.20168, 92.36629, 521.0456), (240.92995, 90.31588, 531.9768), (230.65822, 87.32828, 542.908), (220.38647, 86.15751, 553.83923), (210.11475, 84.98674, 564.77045), (199.84302, 84.04443, 575.70166), (627.41833, 26.653666, 468.63663), (636.5338, 25.302668, 462.43344), (562.1281, 34.141937, 513.0673), (560.36694, 36.86455, 498.17105), (558.60583, 39.11146, 483.2748), (556.84467, 41.511692, 468.37857), (555.08356, 43.989822, 453.4823), (553.3224, 42.62472, 438.58606), (551.5612, 43.854122, 423.6898), (500.28613, 59.903843, 402.444), (513.2478, 56.459312, 393.70184), (526.2094, 56.459312, 384.95966), (499.5367, 56.159306, 441.4227), (506.2049, 54.266388, 427.30695), (512.8731, 55.63318, 413.1912), (519.54126, 54.495483, 399.07544), (526.2094, 54.495483, 384.95966), (621.25684, 47.08405, 274.9753), (626.212, 51.20696, 261.25702), (631.16705, 52.668804, 247.53876), (636.1222, 51.703167, 233.82048), (641.07733, 51.309322, 220.1022), (646.0324, 50.915478, 206.38393), (650.98755, 49.571228, 192.66565), (655.9426, 46.97257, 178.94737), (562.1281, 34.141937, 513.0673), (575.18616, 32.142483, 504.18118), (588.2442, 29.33069, 495.29504), (601.30225, 28.726244, 486.4089), (614.3603, 27.673826, 477.52277), (627.41833, 26.653666, 468.63663), (622.52515, 29.73157, 428.4861), (624.1562, 28.310438, 441.86963), (625.7873, 26.889307, 455.25314), (627.41833, 26.653666, 468.63663), (622.52515, 29.73157, 428.4861), (635.23474, 28.962233, 420.51956), (647.94434, 27.03552, 412.553), (660.65393, 25.499866, 404.58646), (673.3635, 23.964212, 396.6199), (686.0731, 22.69397, 388.65335), (698.7827, 20.46473, 380.6868), (-433.7639, 84.513855, 369.1334), (-424.18317, 88.12389, 357.59174), (-414.60245, 90.67, 346.05008), (-405.02173, 93.902466, 334.50842), (-395.441, 98.365005, 322.96677), (-385.8603, 102.22028, 311.4251), (-376.27957, 104.75593, 299.88348), (-90.960464, 101.17682, -498.27487), (-93.64882, 98.13173, -513.032), (-96.33717, 94.96342, -527.7891), (-99.02553, 91.41468, -542.5462), (-101.71388, 87.419395, -557.30334), (-104.40224, 83.49942, -572.0605), (-107.09059, 79.44876, -586.8176), (81.46844, 73.84242, -612.3586), (77.39144, 73.15144, -626.7939), (73.31444, 69.11584, -641.2292), (69.237434, 64.83413, -655.6645), (65.16043, 60.57205, -670.0998), (61.08343, 56.306488, -684.5351), (57.006428, 52.275307, -698.9704), (116.613, 72.21394, -605.00305), (129.84969, 76.14369, -602.2327), (143.0864, 77.82903, -599.4624), (156.32309, 77.99617, -596.6921), (169.55978, 77.86516, -593.92175), (-146.47925, 42.833794, 722.40967), (-137.16971, 36.537083, 733.4969), (-127.860176, 36.497612, 744.58405), (-118.550644, 34.625267, 755.67126), (-109.24111, 31.640348, 766.7584), (-99.93158, 28.658192, 777.84564), (-90.62205, 26.114035, 788.9328), (-148.49582, 43.956173, 720.00806), (-162.97333, 42.466278, 723.93256), (-177.45084, 39.83994, 727.857), (-191.92836, 37.632027, 731.7815), (-206.40587, 35.424114, 735.706), (-220.88338, 33.2162, 739.6305), (-235.3609, 30.820179, 743.555), (749.87756, 12.3006525, -419.72382), (741.4718, 12.1554365, -432.1473), (733.06604, 11.679087, -444.57083), (724.6603, 12.53904, -456.99432), (716.2545, 12.835057, -469.41782), (707.84875, 11.672932, -481.8413), (699.443, 12.596315, -494.2648), (477.2268, 64.16987, -463.8091), (464.81598, 65.4762, -472.23358), (452.40515, 65.9737, -480.65805), (439.99435, 64.54877, -489.08252), (427.58353, 65.07359, -497.507), (415.17273, 66.50587, -505.93146), (402.7619, 66.11737, -514.3559), (595.5693, 38.235382, -440.23825), (602.69446, 32.03362, -453.43793), (609.8197, 27.615343, -466.6376), (616.9449, 26.496256, -479.83725), (624.0701, 25.305084, -493.03693), (631.1953, 22.86298, -506.2366), (638.32056, 20.138374, -519.4363), (595.5693, 38.235382, -440.23825), (586.8398, 37.045692, -452.43646), (578.11035, 39.25289, -464.63467), (569.38086, 38.60277, -476.8329), (560.6514, 38.530224, -489.0311), (551.92194, 38.45768, -501.2293), (543.19244, 38.38513, -513.42755), (177.32596, 57.61509, 666.46655), (162.88762, 55.89725, 670.5328), (148.44926, 54.443985, 674.599), (134.01093, 57.924046, 678.6652), (119.57258, 57.09704, 682.73145), (105.13423, 55.734535, 686.79767), (90.69589, 54.218708, 690.8639), (177.32596, 57.61509, 666.46655), (187.23296, 54.154778, 677.7294), (197.13995, 50.435654, 688.99225), (207.04695, 46.22179, 700.25507), (216.95395, 41.564255, 711.5179), (226.86096, 36.80614, 722.7807), (236.76796, 32.347324, 734.0435), (334.31677, 20.068218, 735.1089), (342.26382, 19.49802, 742.00214), (350.21088, 17.835207, 748.8954), (282.22348, 38.94893, 689.9232), (295.87857, 39.027447, 683.7153), (309.53363, 39.10596, 677.50726), (323.1887, 39.90934, 671.29926), (336.84375, 39.274162, 665.09125), (350.49884, 39.65544, 658.8833), (364.1539, 39.701714, 652.6753), (199.84302, 84.04443, 575.70166), (185.91394, 85.417, 581.2677), (171.98485, 86.21188, 586.8337), (158.05577, 85.54639, 592.3997), (144.12668, 82.7916, 597.96576), (130.1976, 78.93061, 603.5318), (116.26852, 81.19787, 609.09784), (551.5612, 43.854122, 423.6898), (556.2292, 45.419685, 409.3756), (560.89716, 46.985245, 395.06146), (565.5651, 48.217136, 380.74728), (570.2331, 47.021072, 366.4331), (574.90106, 45.194817, 352.11893), (574.90106, 45.194817, 352.11893), (582.7681, 40.705093, 364.73416), (590.63525, 41.03148, 377.3494), (598.5024, 39.626743, 389.96463), (606.36945, 36.504776, 402.57983), (614.2366, 33.40781, 415.19507), (551.5612, 43.854122, 423.6898), (567.23004, 41.219345, 421.5661), (582.8989, 38.584568, 419.44244), (598.56775, 35.94979, 417.31876), (614.2366, 33.40781, 415.19507), (698.7827, 20.46473, 380.6868), (706.93475, 19.844316, 368.09534), (715.08673, 18.465864, 355.50388), (723.2387, 20.193558, 342.9124), (731.39075, 20.379333, 330.32095), (739.5427, 19.878525, 317.7295), (747.6947, 19.703209, 305.13803), (698.7827, 20.46473, 380.6868), (707.04474, 18.84739, 393.20633), (715.3068, 16.957981, 405.72586), (723.56885, 14.910584, 418.2454), (731.8309, 12.867903, 430.76495), (740.0929, 10.549423, 443.2845), (748.3549, 10.549423, 455.80402), (-517.76013, 83.91743, 232.95473), (-530.52423, 79.159805, 240.83372), (-543.28827, 75.064415, 248.71274), (-556.0523, 71.428314, 256.59174), (-568.8164, 67.624214, 264.47073), (-581.58044, 64.07104, 272.34973), (-594.34454, 58.648888, 280.22873), (-376.27957, 104.75593, 299.88348), (-372.47418, 103.70766, 285.37418), (-368.66882, 110.20527, 270.8649), (-364.86346, 115.87038, 256.35562), (-361.0581, 119.12067, 241.84636), (-357.25272, 122.86371, 227.33707), (-353.44736, 127.03479, 212.82779), (-88.97348, 65.26887, -655.99664), (-86.63158, 63.574608, -664.9391), (-84.289665, 61.21045, -673.8815), (-107.09059, 79.44876, -586.8176), (-121.801575, 76.38129, -583.8872), (-136.51254, 73.31381, -580.95685), (-151.22353, 79.9504, -578.0265), (-165.93451, 76.99711, -575.09607), (-180.64548, 78.194595, -572.1657), (-195.35646, 81.45613, -569.23535), (5.6530724, 33.058723, -758.52386), (-1.7674247, 30.15604, -767.1293), (57.006428, 52.275307, -698.9704), (42.390133, 55.294296, -695.59937), (27.773838, 57.392136, -692.22833), (13.157543, 58.998802, -688.85724), (-1.4587519, 60.742367, -685.4862), (-16.075047, 61.75874, -682.1152), (-30.691343, 61.747887, -678.74414), (169.55978, 77.86516, -593.92175), (182.74359, 79.17739, -586.7672), (195.9274, 78.89407, -579.6127), (209.1112, 77.95413, -572.4582), (222.29501, 77.2231, -565.30365), (235.47882, 72.580376, -558.1491), (248.66263, 75.98012, -550.99457), (-90.62205, 26.114035, 788.9328), (-77.02532, 24.761564, 795.2676), (-63.428604, 23.675877, 801.60236), (-49.831882, 22.203651, 807.93713), (-36.235165, 19.706743, 814.27185), (-22.638443, 17.597637, 820.6066), (-9.041722, 15.488531, 826.9414), (-90.62205, 26.114035, 788.9328), (-102.07364, 23.615194, 798.62103), (-113.52523, 21.447588, 808.3092), (-124.97683, 18.587488, 817.9974), (-136.42842, 14.16406, 827.6856), (-147.88002, 13.311426, 837.3738), (-159.3316, 12.327202, 847.06195), (-235.3609, 30.820179, 743.555), (-250.14053, 29.46914, 740.9933), (-264.92017, 27.79634, 738.43164), (-279.69983, 27.189346, 735.87), (-294.47946, 27.72499, 733.3083), (-309.25912, 27.114183, 730.74664), (-324.03876, 25.810455, 728.185), (-235.3609, 30.820179, 743.555), (-238.56425, 34.199482, 728.901), (-241.76761, 37.565575, 714.2471), (-244.97098, 40.808933, 699.5931), (-248.17433, 43.56441, 684.93915), (-251.3777, 47.39426, 670.28516), (-254.58105, 52.81347, 655.6312), (699.443, 12.596315, -494.2648), (684.1624, 14.798156, -500.55765), (668.8818, 15.276406, -506.85052), (653.60114, 17.70739, -513.14343), (638.32056, 20.138374, -519.4363), (699.443, 12.596315, -494.2648), (712.0921, 9.9125395, -502.3271), (724.74115, 7.464276, -510.3894), (737.39026, 5.312546, -518.4517), (750.0393, 3.4668496, -526.51404), (762.6884, 2.0471854, -534.57635), (775.33746, 1.0542368, -542.6386), (345.52615, 64.34193, -542.0683), (333.64178, 64.79382, -547.8225), (321.7574, 64.940414, -553.5767), (638.32056, 20.138374, -519.4363), (639.19977, 17.939539, -534.41046), (640.079, 16.162054, -549.3847), (640.9582, 14.384568, -564.3589), (641.8374, 12.607083, -579.3331), (642.7166, 10.59341, -594.3073), (643.5958, 8.516457, -609.28156), (543.19244, 38.38513, -513.42755), (532.78723, 38.297676, -524.23175), (522.3821, 38.481987, -535.036), (511.97684, 38.211758, -545.8403), (501.57162, 35.56312, -556.6445), (491.16644, 36.476105, -567.4487), (480.76123, 36.79658, -578.253), (90.69589, 54.218708, 690.8639), (75.891846, 54.512253, 688.44727), (61.0878, 56.27555, 686.0306), (46.283752, 57.82448, 683.61395), (31.479706, 58.175365, 681.19727), (16.675661, 55.903263, 678.78064), (1.8716153, 53.631165, 676.36395), (91.61919, 53.05236, 694.2166), (95.44788, 48.21141, 708.11945), (99.27658, 43.490047, 722.02234), (103.10527, 39.025158, 735.9252), (106.93397, 34.876404, 749.82806), (110.762665, 31.050623, 763.7309), (114.59136, 27.466503, 777.6337), (251.01334, 29.165201, 740.2863), (264.65067, 26.05129, 746.26263), (278.288, 23.111202, 752.23895), (291.92532, 20.632479, 758.2152), (305.56265, 18.336632, 764.1915), (319.19995, 15.763904, 770.16785), (350.21088, 17.835207, 748.8954), (364.63425, 16.02447, 753.01447), (379.05762, 13.757601, 757.1335), (393.481, 11.310113, 761.2525), (407.90436, 9.849972, 765.3715), (422.32773, 8.684704, 769.4906), (436.75107, 7.2949834, 773.6096), (332.92, 13.355507, 769.84796), (322.92166, 13.355507, 781.9637), (312.9233, 12.012047, 794.07947), (302.92496, 10.947775, 806.1952), (292.9266, 9.686261, 818.3109), (370.84882, 39.512558, 648.36383), (384.64322, 39.279057, 639.4803), (398.43762, 39.045555, 630.5968), (412.23203, 39.575, 621.7133), (426.02643, 39.254265, 612.8298), (439.82083, 38.258423, 603.9463), (116.26852, 81.19787, 609.09784), (101.29218, 82.04929, 608.2557), (86.31584, 82.351105, 607.4135), (71.3395, 82.1188, 606.57135), (56.363155, 82.07178, 605.7292), (41.386818, 81.48624, 604.887), (26.410477, 81.48624, 604.0449), (747.6947, 19.703209, 305.13803), (749.7616, 20.118692, 290.2811), (751.8284, 21.813128, 275.42416), (753.89526, 21.88893, 260.56726), (755.9621, 21.484468, 245.71033), (758.02893, 20.209824, 230.8534), (760.09576, 20.209824, 215.99648), (747.6947, 19.703209, 305.13803), (760.3583, 16.915396, 313.1776), (773.0218, 14.371123, 321.2172), (785.6853, 11.933241, 329.25677), (798.3489, 9.638306, 337.29636), (811.0124, 7.552188, 345.33594), (823.6759, 5.714631, 353.37555), (-404.7529, 82.81308, -416.91135), (-411.98666, 78.421875, -427.33524), (-419.22046, 73.59626, -437.75912), (-426.45422, 68.98625, -448.183), (-597.2817, 56.014374, 284.69772), (-605.0305, 51.853104, 296.48804), (-612.77936, 52.04246, 308.27832), (-620.5282, 50.51905, 320.0686), (-628.27704, 47.50397, 331.8589), (-636.0259, 44.019176, 343.6492), (-643.7747, 40.4498, 355.43948), (-353.44736, 127.03479, 212.82779), (-356.1304, 129.0546, 198.0697), (-358.81348, 132.15085, 183.31161), (-361.49652, 134.65913, 168.55353), (-364.17957, 135.47426, 153.79544), (-366.86264, 134.25934, 139.03734), (-369.5457, 130.29716, 124.27925), (-40.56445, 44.221973, -726.59467), (-33.697342, 42.35262, -734.87335), (-26.83023, 39.529835, -743.15204), (-115.25382, 52.71229, -681.3146), (-129.39124, 49.998524, -684.7083), (-143.52863, 41.27133, -688.10205), (-157.66603, 38.8511, -691.49585), (-171.80344, 36.43087, -694.8896), (-195.35646, 81.45613, -569.23535), (-209.48741, 83.67073, -564.2038), (-223.61836, 84.3152, -559.17224), (-237.7493, 83.728455, -554.14075), (-251.88025, 82.70668, -549.1092), (-266.0112, 80.58355, -544.0777), (-280.14215, 82.819115, -539.04614), (-195.35646, 81.45613, -569.23535), (-197.7298, 77.20607, -584.0464), (-200.10315, 73.142044, -598.8574), (-202.47649, 68.99534, -613.66846), (-204.84982, 64.359985, -628.47955), (-207.22316, 59.169365, -643.2906), (-209.59651, 54.247242, -658.1016), (-1.7674247, 30.15604, -767.1293), (-15.4461565, 29.012041, -773.285), (-29.12489, 27.821035, -779.4406), (-42.80362, 25.558472, -785.5963), (-56.482353, 22.8584, -791.75195), (-70.16109, 22.484259, -797.90765), (-83.83982, 21.353052, -804.0633), (-1.7674247, 30.15604, -767.1293), (9.340176, 27.216282, -777.21), (20.447775, 25.470337, -787.2908), (31.555376, 23.487612, -797.37146), (42.662975, 21.164331, -807.4522), (53.770576, 18.808807, -817.53296), (64.878174, 16.669836, -827.6137), (-107.09059, 79.44876, -586.8176), (-103.46717, 78.00878, -600.65344), (-99.84375, 74.224594, -614.4892), (-96.22033, 71.17795, -628.325), (-92.5969, 67.85938, -642.1608), (-88.97348, 65.26887, -655.99664), (-30.691343, 61.747887, -678.74414), (-45.26188, 62.027576, -673.05725), (-59.832413, 64.51446, -667.3704), (-74.40295, 65.86995, -661.68353), (-88.97348, 65.26887, -655.99664), (-30.691343, 61.747887, -678.74414), (-27.649555, 67.48449, -664.0558), (-24.607767, 73.18465, -649.36743), (-21.565979, 78.920425, -634.67914), (-18.52419, 84.345055, -619.9908), (-15.482403, 89.13618, -605.3024), (-12.440615, 93.44086, -590.6141), (248.66263, 75.98012, -550.99457), (261.84644, 77.00409, -543.8401), (275.03024, 77.004654, -536.68555), (288.21405, 76.30604, -529.531), (301.39786, 78.93393, -522.3765), (314.58167, 78.38309, -515.222), (327.76547, 77.37155, -508.06744), (265.5391, 62.51893, -580.7965), (272.40717, 56.88015, -592.9247), (279.2752, 51.543644, -605.05286), (286.14328, 51.543644, -617.1811), (293.01135, 51.543644, -629.30927), (-9.041722, 15.488531, 826.9414), (5.958277, 15.720738, 826.9364), (20.958277, 16.264147, 826.93146), (35.958275, 16.807554, 826.92645), (50.958275, 17.13779, 826.92145), (65.958275, 16.900629, 826.9165), (80.958275, 15.968814, 826.9115), (-9.041722, 15.488531, 826.9414), (-2.6132834, 18.784788, 813.38873), (3.815155, 21.884254, 799.83606), (10.243593, 23.282965, 786.2833), (16.672031, 27.522379, 772.73065), (23.10047, 31.761795, 759.178), (29.52891, 37.70419, 745.6253), (-159.3316, 12.327202, 847.06195), (-173.80469, 11.4045725, 851.0028), (-188.27776, 9.9655905, 854.9436), (-202.75084, 8.430118, 858.88446), (-217.2239, 7.2491693, 862.82526), (-231.69698, 6.2780347, 866.7661), (-246.17006, 6.2780347, 870.7069), (-159.3316, 12.327202, 847.06195), (-168.42819, 14.768232, 835.135), (-177.52477, 16.82937, 823.20807), (-186.62135, 18.647543, 811.28107), (-195.71793, 20.382465, 799.3541), (-204.81451, 21.730011, 787.4272), (-213.91109, 21.730011, 775.50024), (-324.03876, 25.810455, 728.185), (-336.35104, 26.150024, 719.6172), (-348.66336, 26.642174, 711.0494), (-360.97565, 26.708733, 702.48157), (-373.28796, 26.775291, 693.91376), (-385.60025, 26.841852, 685.34595), (-397.91254, 26.163132, 676.77814), (-330.25732, 16.537043, 769.92114), (-332.60556, 13.356916, 785.6815), (-334.9538, 10.511852, 801.4419), (-337.30206, 8.055181, 817.2023), (-254.58105, 52.81347, 655.6312), (-263.6773, 56.58578, 643.70404), (-272.7736, 58.71841, 631.77686), (-281.86984, 60.137978, 619.8496), (-290.9661, 61.942314, 607.9224), (-300.06238, 62.12688, 595.99524), (-309.15863, 62.405537, 584.06805), (248.66263, 75.98012, -550.99457), (254.28812, 71.58827, -560.9285), (259.9136, 67.10322, -570.86255), (265.5391, 62.51893, -580.7965), (321.7574, 64.940414, -553.5767), (307.70282, 62.877556, -560.38165), (293.64822, 62.4974, -567.1866), (279.59366, 62.916443, -573.9915), (265.5391, 62.51893, -580.7965), (480.76123, 36.79658, -578.253), (466.76483, 38.051598, -583.6475), (452.76843, 38.504265, -589.04205), (438.77203, 38.46772, -594.4366), (424.77567, 39.426533, -599.8311), (410.77927, 39.76043, -605.22565), (396.78287, 39.76043, -610.62024), (-48.20227, 54.979885, 690.4661), (-60.38767, 54.453186, 693.8978), (-72.57306, 53.281494, 697.3296), (-84.75846, 51.6765, 700.7613), (1.8716153, 53.631165, 676.36395), (6.7793875, 57.537018, 661.90015), (11.68716, 61.280926, 647.43634), (16.59493, 65.43849, 632.97253), (21.502703, 71.02119, 618.5087), (26.410477, 78.42559, 604.0449), (148.13287, 17.712275, 817.04913), (156.39476, 15.392284, 826.7578), (164.65665, 13.172838, 836.46655), (172.91853, 11.176112, 846.1753), (114.59136, 27.466503, 777.6337), (129.059, 28.38684, 773.67303), (143.52664, 29.50784, 769.7123), (157.9943, 30.322256, 765.7516), (172.46193, 30.660234, 761.7909), (186.92958, 30.660234, 757.83014), (201.39722, 30.660234, 753.86945), (350.21088, 17.835207, 748.8954), (341.56546, 17.835207, 759.3717), (332.92, 17.835207, 769.84796), (319.19995, 15.763904, 770.16785), (332.92, 15.763904, 769.84796), (473.29483, 49.748844, 527.51196), (488.6519, 46.755367, 525.01483), (504.0089, 46.755367, 522.51776), (439.82083, 38.258423, 603.9463), (448.99054, 38.67983, 592.31366), (458.16028, 39.10124, 580.68097), (467.33002, 39.522648, 569.04834), (476.49973, 38.340195, 557.4157), (485.66946, 42.144836, 545.783), (494.8392, 43.253242, 534.1504), (504.0089, 43.253242, 522.51776), (439.82083, 38.258423, 603.9463), (448.18945, 33.3852, 616.39484), (456.55807, 29.075583, 628.8434), (464.9267, 25.208555, 641.29193), (473.29532, 21.608059, 653.7405), (481.6639, 18.330404, 666.189), (490.03253, 15.469146, 678.6376), (26.410477, 80.437225, 604.0449), (11.821767, 80.437225, 607.5334), (-2.7669425, 80.437225, 611.0219), (-17.355652, 78.23228, 614.5104), (-31.94436, 74.48903, 617.99884), (-46.53307, 73.972855, 621.48737), (-61.12178, 76.438774, 624.9758), (760.09576, 18.276722, 215.99648), (756.3012, 18.220232, 203.64677), (752.50665, 18.037064, 191.29707), (748.7121, 16.787777, 178.94737), (-620.33124, 74.836784, -62.14207), (-605.4298, 79.60004, -63.85881), (-590.5284, 84.81914, -65.57555), (-575.62695, 90.15342, -67.29228), (-560.7255, 94.924644, -69.009026), (-545.8241, 99.07966, -70.72576), (-530.9226, 103.515335, -72.4425), (-463.6934, 93.8939, -246.11061), (-475.52524, 88.46036, -253.16055), (-487.35706, 83.40218, -260.21048), (-499.18887, 78.65631, -267.26044), (-511.0207, 73.78576, -274.31036), (-522.85254, 68.71516, -281.3603), (-655.43494, 27.236568, 435.23273), (-656.7882, 25.935852, 444.49365), (57.006428, 52.275307, -698.9704), (46.73576, 49.83151, -710.8811), (36.465088, 46.667614, -722.7918), (26.194416, 42.483814, -734.70245), (15.923744, 37.815235, -746.61316), (5.6530724, 33.058723, -758.52386), (-26.83023, 39.529835, -743.15204), (-16.002462, 37.312843, -748.276), (-5.174695, 35.000717, -753.39996), (5.6530724, 33.058723, -758.52386), (-246.67844, 37.336468, -712.8637), (-259.3172, 35.867115, -715.8977), (-280.14215, 82.819115, -539.04614), (-292.2364, 83.9543, -530.17316), (-304.33063, 84.386345, -521.30023), (-316.42487, 84.85201, -512.42725), (-328.5191, 79.66411, -503.55432), (-340.61334, 84.99341, -494.68137), (-352.7076, 84.53839, -485.8084), (-221.09877, 40.507877, -706.72314), (-233.8886, 38.954292, -709.7934), (-246.67844, 37.336468, -712.8637), (-209.59651, 54.247242, -658.1016), (-218.86699, 50.176823, -671.7921), (-228.13747, 46.17963, -685.48267), (-237.40794, 41.782433, -699.17316), (-246.67844, 37.336468, -712.8637), (-83.83982, 21.353052, -804.0633), (-98.26627, 20.376413, -808.1715), (-112.69273, 19.260057, -812.27966), (-127.119194, 17.876097, -816.3879), (-141.54565, 16.549192, -820.4961), (-155.97212, 15.5853815, -824.60425), (-170.39857, 12.151323, -828.71246), (64.878174, 16.669836, -827.6137), (79.20538, 15.315268, -832.05566), (93.53259, 12.950082, -836.4976), (107.859795, 12.741848, -840.93964), (122.187004, 12.155995, -845.3816), (136.5142, 10.774004, -849.82355), (150.84142, 8.168883, -854.2655), (64.878174, 16.669836, -827.6137), (54.89655, 14.417926, -838.8104), (44.91492, 12.267687, -850.0072), (34.933292, 10.362556, -861.2039), (24.951664, 8.5729885, -872.4007), (14.970035, 6.7203155, -883.5974), (4.9884067, 4.755027, -894.7941), (-12.440615, 93.44086, -590.6141), (-3.5832646, 97.08547, -578.73096), (5.2740855, 100.65023, -566.8479), (14.131435, 103.7782, -554.96484), (22.988785, 105.69737, -543.0817), (31.846136, 108.057365, -531.19867), (40.703484, 111.73798, -519.31555), (-12.440615, 93.44086, -590.6141), (-28.21561, 92.33099, -589.9813), (-43.99061, 90.17783, -589.3486), (-59.765606, 87.851814, -588.7158), (-75.5406, 84.95874, -588.08307), (-91.3156, 84.10687, -587.4504), (-107.09059, 79.44876, -586.8176), (327.76547, 77.37155, -508.06744), (340.94928, 76.61533, -500.91293), (354.1331, 75.567604, -493.7584), (367.3169, 74.51987, -486.60388), (380.5007, 79.36977, -479.44934), (393.6845, 78.864624, -472.29483), (406.86832, 76.465485, -465.1403), (402.7619, 66.11737, -514.3559), (388.45297, 65.1442, -521.284), (374.14404, 63.969868, -528.2121), (359.8351, 62.795536, -535.1402), (345.52615, 64.34193, -542.0683), (327.76547, 77.37155, -508.06744), (333.6857, 73.14032, -519.40106), (339.60593, 68.84735, -530.7347), (345.52615, 64.34193, -542.0683), (297.7755, 32.9324, -689.54297), (298.9416, 30.199501, -704.286), (300.1077, 27.363846, -719.0291), (293.01135, 45.942837, -629.30927), (279.81537, 45.942837, -636.4414), (266.61942, 46.937595, -643.5735), (253.42348, 47.244854, -650.70557), (240.22752, 47.417263, -657.83765), (227.03157, 46.581696, -664.9698), (213.8356, 46.07284, -672.10187), (114.59136, 27.466503, 777.6337), (122.97674, 24.985981, 787.4876), (131.36212, 22.462555, 797.34143), (139.7475, 20.068289, 807.19525), (148.13287, 17.712275, 817.04913), (80.958275, 15.968814, 826.9115), (94.393196, 15.352199, 824.939), (107.82811, 17.15226, 822.96655), (121.26303, 17.552145, 820.9941), (134.69795, 17.63569, 819.0216), (148.13287, 17.712275, 817.04913), (80.958275, 15.968814, 826.9115), (81.218925, 13.333847, 841.90924), (81.47958, 10.826398, 856.907), (81.74024, 8.45784, 871.9047), (82.0009, 6.298222, 886.90247), (82.26155, 4.4880886, 901.9002), (82.52221, 3.0457308, 916.89795), (90.69589, 54.218708, 690.8639), (91.61919, 53.05236, 694.2166), (29.52891, 37.70419, 745.6253), (41.946964, 40.891117, 735.34357), (54.36502, 43.599995, 725.0618), (66.78307, 45.792595, 714.7801), (79.20113, 48.64676, 704.49835), (91.61919, 53.05236, 694.2166), (29.52891, 37.70419, 745.6253), (43.705982, 36.07686, 750.96), (57.88306, 33.909218, 756.2948), (72.060135, 30.903236, 761.6295), (86.237206, 28.928198, 766.9643), (100.41428, 28.510584, 772.299), (114.59136, 27.466503, 777.6337), (-148.49582, 43.956173, 720.00806), (-146.47925, 42.833794, 722.40967), (-213.91109, 25.953295, 775.50024), (-202.67244, 25.953295, 766.6518), (-191.4338, 30.386465, 757.8034), (-180.19516, 34.021793, 748.95496), (-168.95653, 37.547127, 740.1065), (-157.71788, 40.80314, 731.2581), (-146.47925, 42.833794, 722.40967), (-397.91254, 26.163132, 676.77814), (-410.22485, 29.980473, 668.2103), (-422.53714, 30.011549, 659.6425), (-434.84946, 30.126404, 651.0747), (-447.16174, 29.635885, 642.5069), (-459.47403, 28.985123, 633.9391), (-471.78635, 28.985123, 625.3713), (-309.15863, 62.405537, 584.06805), (-319.88748, 60.613556, 573.5851), (-330.61633, 66.66823, 563.1022), (-341.34518, 68.27442, 552.61926), (-352.07404, 68.63057, 542.13635), (-362.8029, 68.2416, 531.6534), (-373.53174, 68.2416, 521.1705), (-309.15863, 62.405537, 584.06805), (-297.6614, 66.14727, 574.2582), (-286.1642, 70.113304, 564.44824), (-274.667, 73.70909, 554.63837), (-263.1698, 77.47175, 544.8285), (-251.67259, 81.43968, 535.0186), (-240.17538, 84.68054, 525.2087), (-228.67818, 88.623116, 515.3988), (396.78287, 37.029278, -610.62024), (386.37766, 37.029278, -621.42444), (375.97247, 36.873318, -632.2287), (365.56726, 35.661446, -643.03296), (355.16205, 33.262566, -653.83716), (344.75684, 32.98257, -664.6414), (334.35162, 32.453514, -675.4457), (396.78287, 33.519867, -610.62024), (402.43478, 29.503883, -624.51465), (408.08667, 25.950924, -638.4091), (413.73856, 22.403997, -652.3036), (419.39047, 19.01185, -666.19806), (425.04236, 15.823383, -680.0925), (430.69424, 12.893479, -693.987), (-171.81839, 65.7993, 633.08246), (-168.06775, 58.67996, 647.06146), (-164.31712, 58.23014, 661.04047), (-160.56648, 56.03262, 675.0194), (-156.81584, 52.69939, 688.9984), (-84.75846, 51.6765, 700.7613), (-99.16994, 52.357796, 698.40875), (-113.58141, 52.783512, 696.05615), (-127.99289, 48.85996, 693.70355), (-142.40437, 52.691948, 691.351), (-156.81584, 52.69939, 688.9984), (-84.75846, 51.6765, 700.7613), (-85.735725, 46.709297, 715.45654), (-86.71299, 42.13894, 730.1518), (-87.690254, 37.803272, 744.84705), (-88.66752, 33.678986, 759.5423), (-89.64478, 29.783747, 774.23755), (-90.62205, 26.114035, 788.9328), (236.76796, 32.347324, 734.0435), (251.01334, 29.165201, 740.2863), (201.39722, 29.721233, 753.86945), (213.80125, 29.721233, 750.47363), (226.20528, 29.777636, 747.0779), (238.60931, 29.467922, 743.6821), (251.01334, 29.165201, 740.2863), (201.39722, 28.104315, 753.86945), (205.98251, 22.937035, 768.1514), (210.56781, 18.517918, 782.4334), (215.1531, 14.760108, 796.7154), (219.7384, 11.767668, 810.9974), (224.32372, 9.262336, 825.27936), (228.90901, 7.165501, 839.56134), (490.03253, 15.469146, 678.6376), (492.3561, 13.2767935, 693.4565), (494.67966, 11.057327, 708.27545), (497.00323, 8.863213, 723.09436), (499.32678, 6.848075, 737.9133), (501.65036, 5.0878134, 752.73224), (503.97394, 3.6069148, 767.5512), (490.03253, 15.469146, 678.6376), (477.26465, 15.8818445, 686.5103), (464.49673, 15.910916, 694.3831), (451.72882, 16.144632, 702.25586), (438.9609, 15.61167, 710.12866), (426.19302, 15.078708, 718.0014), (413.4251, 15.97296, 725.8742), (-169.23062, 96.45932, 543.1197), (-169.68517, 92.31437, 558.9216), (-170.13971, 87.57515, 574.7235), (-170.59424, 82.476204, 590.52545), (-171.04878, 76.729744, 606.32733), (-61.12178, 76.438774, 624.9758), (-76.82564, 79.59587, 622.31177), (-92.529495, 77.70294, 619.6477), (-108.23335, 75.85662, 616.98364), (-123.93721, 78.207184, 614.3196), (-139.64107, 77.43959, 611.6555), (-155.34492, 77.08466, 608.99146), (-171.04878, 76.729744, 606.32733), (1.8716153, 53.631165, 676.36395), (-10.646856, 56.712032, 679.88947), (-23.165329, 53.180206, 683.41504), (-35.6838, 52.823154, 686.94055), (-48.20227, 54.979885, 690.4661), (-61.12178, 76.438774, 624.9758), (-58.537876, 72.44427, 638.0739), (-55.953976, 68.31167, 651.17194), (-53.370075, 63.900215, 664.27), (-50.786175, 59.391266, 677.36804), (-48.20227, 54.979885, 690.4661), (-570.0041, 66.08707, -214.02089), (-584.3609, 61.78447, -218.36629), (-598.7177, 58.362434, -222.71169), (-613.07446, 55.0637, -227.05708), (-627.4313, 51.15481, -231.40248), (-641.7881, 46.706013, -235.74788), (-656.14484, 42.186604, -240.09328), (-545.90924, 89.98931, -108.84972), (-558.2883, 83.85058, -115.963135), (-570.66736, 78.00956, -123.076546), (-583.04645, 72.74315, -130.18997), (-595.42554, 67.760666, -137.30339), (-530.9226, 103.515335, -72.4425), (-516.42737, 106.9779, -76.300804), (-501.93207, 109.966774, -80.15911), (-487.43677, 113.66911, -84.01742), (-472.94147, 116.923965, -87.87572), (-458.44617, 116.923965, -91.734024), (-443.9509, 118.33264, -95.59233), (-656.7882, 25.935852, 444.49365), (-654.6092, 24.898195, 459.33453), (-652.4302, 23.94539, 474.1754), (-650.25116, 22.575863, 489.0163), (-648.0721, 20.586588, 503.8572), (-645.89307, 18.705322, 518.69806), (-643.71405, 16.392933, 533.53894), (-656.7882, 25.935852, 444.49365), (-671.67816, 23.027088, 442.67978), (-686.5681, 20.432194, 440.8659), (-701.458, 18.061626, 439.05206), (-716.34796, 15.695548, 437.2382), (-731.23785, 13.329471, 435.42432), (-746.1278, 10.963392, 433.61044), (-259.3172, 35.867115, -715.8977), (-274.01602, 35.136345, -712.9068), (-288.7148, 33.57775, -709.91595), (-303.4136, 32.404022, -706.9251), (-318.11243, 32.485397, -703.93427), (-332.81122, 31.60521, -700.9434), (-347.51, 29.513357, -697.9526), (-259.3172, 35.867115, -715.8977), (-255.35799, 32.096252, -730.3657), (-251.39876, 28.732307, -744.8338), (-247.43954, 25.65741, -759.3018), (-243.48032, 22.490097, -773.7699), (-239.5211, 19.28626, -788.2379), (-235.56187, 16.227682, -802.706), (-381.47757, 93.44431, -383.37152), (-389.23602, 90.168076, -394.55145), (-396.99445, 86.80964, -405.7314), (-404.7529, 82.81308, -416.91135), (-352.7076, 84.53839, -485.8084), (-361.3818, 84.09529, -474.32556), (-370.05603, 82.03052, -462.8427), (-378.73026, 81.975006, -451.3599), (-387.40448, 81.9195, -439.87704), (-396.07867, 81.79254, -428.3942), (-404.7529, 82.81308, -416.91135), (-365.15125, 78.05219, -503.15143), (-373.15594, 73.75093, -514.30774), (-381.1606, 69.46843, -525.46405), (-389.1653, 65.15692, -536.62036), (-397.16998, 60.894417, -547.7767), (-405.17465, 56.725246, -558.933), (-170.39857, 12.151323, -828.71246), (-183.43124, 10.875628, -823.51117), (-196.4639, 9.599934, -818.3099), (-209.49655, 15.634497, -813.1086), (-222.52922, 16.03326, -807.9073), (-235.56187, 16.227682, -802.706), (-170.39857, 12.151323, -828.71246), (-174.104, 11.056506, -814.17737), (-177.80942, 14.394732, -799.6422), (-181.51485, 17.73296, -785.1071), (-185.22026, 21.071186, -770.57196), (-188.92569, 24.409412, -756.03687), (-192.6311, 30.956722, -741.5017), (406.86832, 76.465485, -465.1403), (417.44632, 78.750114, -454.5052), (428.02432, 80.79786, -443.87006), (438.60233, 82.02902, -433.23495), (449.18033, 81.928764, -422.59982), (459.75836, 80.3801, -411.9647), (470.33636, 80.3801, -401.3296), (300.1077, 27.363846, -719.0291), (294.86008, 25.548426, -733.08124), (289.61246, 23.358175, -747.13336), (284.36484, 20.845482, -761.1855), (279.11722, 18.131521, -775.2376), (273.8696, 14.353529, -789.28973), (268.62198, 12.842581, -803.3419), (213.8356, 46.07284, -672.10187), (198.86186, 47.34681, -672.9889), (183.8881, 48.119312, -673.8759), (168.91435, 49.250977, -674.76294), (153.94061, 50.025383, -675.64996), (138.96686, 48.298237, -676.537), (123.99311, 48.298237, -677.424), (-471.78635, 32.072735, 625.3713), (-481.1241, 32.072735, 613.6322), (-490.46188, 32.072735, 601.8931), (-499.79968, 32.727383, 590.15405), (-509.13745, 33.2504, 578.415), (-518.4752, 33.25818, 566.6759), (-527.813, 33.25818, 554.9368), (-426.29584, 63.14282, 482.8317), (-436.31842, 63.14282, 475.54922), (-446.34103, 62.68141, 468.26672), (-373.53174, 63.227165, 521.1705), (-363.4569, 67.97265, 510.44928), (-353.3821, 73.41055, 499.72812), (-343.3073, 78.57292, 489.00693), (-333.2325, 84.09594, 478.28574), (-323.15768, 88.97419, 467.56454), (293.01135, 42.528057, -629.30927), (294.2024, 39.069153, -644.36774), (295.39343, 38.032066, -659.42615), (296.58447, 35.612644, -674.48456), (297.7755, 32.9324, -689.54297), (334.35162, 32.453514, -675.4457), (322.15958, 32.613144, -680.1448), (309.96756, 32.77277, -684.8439), (297.7755, 32.9324, -689.54297), (334.35162, 32.453514, -675.4457), (344.98816, 29.113165, -686.0222), (355.62473, 25.832413, -696.5988), (366.26126, 22.614775, -707.1754), (376.8978, 19.51299, -717.75195), (387.53433, 16.6463, -728.32855), (398.17087, 14.004874, -738.90515), (427.90955, 9.640953, -749.63403), (427.3384, 8.429244, -761.04755), (426.76724, 7.29392, -772.461), (426.19608, 6.135704, -783.8745), (282.22348, 38.94893, 689.9232), (292.64215, 32.626938, 698.9604), (303.0608, 32.626938, 707.9975), (313.47946, 32.626938, 717.0346), (323.8981, 32.626938, 726.0717), (334.31677, 32.626938, 735.1089), (413.4251, 15.97296, 725.8742), (397.60345, 17.174362, 727.7211), (381.78177, 17.68757, 729.56805), (365.9601, 19.2625, 731.415), (350.13843, 21.146961, 733.26196), (334.31677, 21.146961, 735.1089), (364.1539, 39.701714, 652.6753), (370.84882, 39.512558, 648.36383), (413.4251, 15.97296, 725.8742), (406.32907, 19.074999, 712.9558), (399.233, 22.541573, 700.0374), (392.13696, 26.542986, 687.119), (385.04092, 30.99207, 674.2006), (377.9449, 35.43231, 661.2822), (370.84882, 39.512558, 648.36383), (-656.14484, 42.186604, -240.09328), (-671.1448, 38.33753, -240.13853), (-686.1447, 35.669403, -240.1838), (-701.14465, 33.08982, -240.22908), (-716.1446, 30.22343, -240.27434), (-731.14453, 27.476748, -240.31961), (-746.1445, 24.58062, -240.36488), (-656.14484, 42.186604, -240.09328), (-651.15765, 42.480137, -254.23991), (-646.1704, 42.99185, -268.38657), (-641.1832, 42.183292, -282.53323), (-636.196, 41.044064, -296.67987), (-631.2088, 39.90484, -310.8265), (-626.22156, 39.71773, -324.97318), (-643.71405, 16.392933, 533.53894), (-635.4671, 16.261042, 546.0685), (-627.2202, 16.12915, 558.59796), (-618.9733, 15.536183, 571.1275), (-610.72644, 14.189999, 583.657), (-602.4795, 11.110146, 596.1865), (-594.2326, 11.110146, 608.716), (-643.71405, 16.392933, 533.53894), (-658.59973, 14.47532, 535.38715), (-673.4854, 11.972314, 537.2354), (-688.37115, 9.902236, 539.0836), (-703.25684, 8.048136, 540.9318), (-718.1425, 6.3104854, 542.78), (-733.02826, 4.748617, 544.62823), (-347.51, 29.513357, -697.9526), (-359.5677, 27.95573, -689.02997), (-371.62534, 30.844608, -680.10736), (-383.68298, 30.892654, -671.1847), (-395.74063, 30.70231, -662.2621), (-407.79828, 31.362583, -653.3395), (-419.85593, 31.362583, -644.4169), (-347.51, 29.513357, -697.9526), (-344.85666, 30.747305, -683.1891), (-342.20328, 33.89245, -668.42566), (-339.54993, 39.96393, -653.6622), (-336.89655, 45.352715, -638.89874), (-334.2432, 50.089527, -624.13525), (-331.5898, 55.022984, -609.3718), (-235.56187, 16.227682, -802.706), (-225.85913, 14.600912, -814.14526), (-216.1564, 13.352176, -825.58453), (-206.45366, 9.212851, -837.0238), (-196.75092, 8.13097, -848.4631), (-187.04819, 7.04909, -859.90234), (-177.34544, 5.9672093, -871.3416), (-405.17465, 56.725246, -558.933), (-407.62155, 53.124447, -573.1803), (-410.06842, 49.05534, -587.4276), (-412.5153, 44.411213, -601.6749), (-414.96216, 44.411213, -615.92224), (-417.40906, 44.411213, -630.16956), (-419.85593, 44.411213, -644.4169), (-171.80344, 36.43087, -694.8896), (-184.12727, 41.371704, -697.84796), (-196.45111, 43.323875, -700.8064), (-208.77493, 42.42542, -703.7648), (-221.09877, 40.507877, -706.72314), (-192.6311, 30.956722, -741.5017), (-202.12033, 35.086166, -729.9089), (-211.60954, 37.90168, -718.31604), (-221.09877, 40.507877, -706.72314), (-192.6311, 30.956722, -741.5017), (-178.22557, 25.64182, -737.32074), (-163.82004, 29.826454, -733.1398), (-149.41449, 34.011086, -728.9588), (-135.00896, 39.220455, -724.77783), (-120.60342, 41.956665, -720.59686), (-106.19788, 45.374214, -716.4159), (123.99311, 49.647484, -677.424), (110.59577, 49.647484, -681.7333), (97.19844, 52.147057, -686.04254), (83.8011, 51.34111, -690.3518), (70.40376, 51.62503, -694.66113), (57.006428, 52.275307, -698.9704), (81.46844, 73.84242, -612.3586), (93.18329, 72.495674, -609.90674), (104.89815, 71.14892, -607.4549), (116.613, 72.21394, -605.00305), (123.99311, 59.583385, -677.424), (122.51709, 59.583385, -662.9398), (121.04106, 59.583385, -648.4556), (119.56504, 59.583385, -633.97144), (118.08902, 66.56026, -619.48724), (116.613, 72.21394, -605.00305), (-527.813, 29.143265, 554.9368), (-538.75354, 29.143265, 544.67505), (-549.6941, 27.63271, 534.41327), (-560.63464, 31.068663, 524.1515), (-571.5752, 31.285439, 513.8897), (-582.51575, 28.248625, 503.6279), (-593.45636, 28.248625, 493.36612), (-527.813, 26.075855, 554.9368), (-515.94556, 28.506912, 545.7628), (-504.0781, 32.53085, 536.58875), (-492.21063, 36.54157, 527.4147), (-480.34317, 40.53827, 518.2406), (-468.4757, 45.017155, 509.06656), (-456.60825, 49.275085, 499.89252), (-446.34103, 62.68141, 468.26672), (-436.58887, 67.338486, 454.8802), (-426.83673, 71.01564, 441.49365), (-417.0846, 73.99913, 428.10712), (-407.33246, 77.381256, 414.72058), (-397.58032, 82.05722, 401.33405), (430.69424, 13.673257, -693.987), (429.99808, 13.673257, -707.89874), (429.3019, 13.673257, -721.8105), (428.60574, 11.927906, -735.7223), (427.90955, 9.640953, -749.63403), (398.17087, 14.004874, -738.90515), (413.04022, 11.688374, -744.2696), (427.90955, 9.640953, -749.63403), (-746.1445, 24.58062, -240.36488), (-759.7581, 19.473412, -234.06667), (-773.3718, 18.565975, -227.76845), (-786.98553, 17.658539, -221.47023), (-800.5992, 16.167025, -215.17201), (-814.2129, 13.903595, -208.8738), (-827.82654, 11.633231, -202.57558), (-626.22156, 39.71773, -324.97318), (-615.723, 40.201004, -335.6867), (-605.2244, 40.684273, -346.40024), (-594.7258, 42.018024, -357.11377), (-584.22723, 42.973404, -367.8273), (-573.72864, 43.033546, -378.54083), (-563.2301, 43.033546, -389.25436), (-594.2326, 14.038606, 608.716), (-584.25684, 14.038606, 619.91797), (-574.28107, 13.650501, 631.11993), (-564.30536, 13.230678, 642.32196), (-554.3296, 12.8852, 653.5239), (-544.3538, 12.3505125, 664.7259), (-534.37805, 11.098797, 675.92786), (-594.2326, 9.986627, 608.716), (-607.0818, 6.038041, 616.45544), (-619.9309, 3.688485, 624.1949), (-632.7801, 3.688485, 631.9343), (-645.6293, 3.688485, 639.6738), (-658.4784, 3.1216605, 647.41327), (-671.3276, 2.20126, 655.1527), (-419.85593, 31.408155, -644.4169), (-433.07944, 31.408155, -637.336), (-446.30295, 31.931908, -630.2551), (-459.52646, 31.465456, -623.17426), (-472.74997, 30.49351, -616.0934), (-485.97348, 28.420145, -609.0125), (-499.197, 27.11619, -601.93164), (-419.85593, 44.010075, -644.4169), (-410.58112, 44.010075, -632.628), (-401.3063, 44.010075, -620.8391), (-392.0315, 44.010075, -609.05023), (-382.75668, 49.44572, -597.26135), (-373.48184, 54.881363, -585.4725), (-364.20703, 59.759872, -573.68353), (-352.7076, 84.53839, -485.8084), (-358.9294, 81.41988, -494.47992), (-365.15125, 78.05219, -503.15143), (-345.8039, 65.98819, -564.3849), (-350.64075, 66.71674, -549.07654), (-355.47757, 67.95792, -533.7682), (-360.31442, 75.45589, -518.4598), (-365.15125, 78.05219, -503.15143), (-84.289665, 61.21045, -673.8815), (-75.544624, 58.427544, -684.42413), (-66.79958, 54.968628, -694.96674), (-58.05454, 50.705585, -705.5094), (-49.309494, 46.081646, -716.05206), (-40.56445, 44.221973, -726.59467), (-106.19788, 45.374214, -716.4159), (-89.78952, 46.282295, -718.96063), (-73.381165, 46.090347, -721.5053), (-56.97281, 44.130444, -724.05), (-40.56445, 44.221973, -726.59467), (-84.289665, 61.21045, -673.8815), (-99.77174, 57.253372, -677.598), (-115.25382, 52.71229, -681.3146), (-106.19788, 45.374214, -716.4159), (-109.21653, 48.060883, -704.71545), (-112.235176, 50.334232, -693.015), (-115.25382, 52.71229, -681.3146), (-643.7747, 40.4498, 355.43948), (-646.10675, 35.275906, 371.39813), (-648.4388, 33.047886, 387.35678), (-650.7709, 30.819864, 403.31543), (-653.1029, 29.38367, 419.27408), (-655.43494, 27.236568, 435.23273), (-593.45636, 31.21807, 493.36612), (-603.7861, 31.21807, 483.67722), (-614.11584, 30.893055, 473.9883), (-624.4456, 30.68023, 464.29944), (-634.7754, 29.893572, 454.61053), (-645.10516, 28.58215, 444.92163), (-655.43494, 27.236568, 435.23273), (-593.45636, 26.58378, 493.36612), (-583.4314, 30.203117, 482.20813), (-573.40643, 33.77698, 471.05017), (-563.3815, 36.640186, 459.89218), (-553.35657, 39.72342, 448.73422), (-543.3316, 42.860584, 437.57623), (-533.30664, 46.960014, 426.41827), (-373.53174, 66.967064, 521.1705), (-386.72275, 66.967064, 511.5858), (-399.9138, 67.577705, 502.0011), (-413.1048, 63.279606, 492.41638), (-426.29584, 63.279606, 482.8317), (-456.60825, 49.275085, 499.89252), (-446.5041, 52.295803, 494.20557), (-436.39996, 55.623905, 488.51865), (-426.29584, 58.792114, 482.8317), (-456.60825, 53.85408, 499.89252), (-467.56516, 53.85408, 489.39618), (-478.52206, 52.569145, 478.89987), (-489.47897, 51.87902, 468.40353), (-500.43588, 52.208046, 457.90723), (-511.39282, 52.562283, 447.4109), (-522.34973, 52.44063, 436.91458), (-533.30664, 52.44063, 426.41827), (-489.64627, 65.238945, 390.1342), (-500.42917, 65.238945, 379.55374), (-511.21207, 66.57719, 368.9733), (-521.99493, 67.53121, 358.39285), (-532.77783, 66.825676, 347.8124), (-543.5607, 65.43557, 337.23196), (-554.3437, 58.836548, 326.65155), (-563.2301, 42.820557, -389.25436), (-558.24286, 42.820557, -403.401), (-553.2557, 42.820557, -417.54767), (-548.26843, 42.053368, -431.6943), (-543.28125, 41.818474, -445.84097), (-538.294, 41.85537, -459.9876), (-533.3068, 41.979202, -474.13425), (-563.2301, 37.459488, -389.25436), (-574.2743, 32.75593, -399.40448), (-585.31854, 30.774128, -409.5546), (-596.3628, 29.791386, -419.7047), (-607.40704, 28.140406, -429.85483), (-618.45123, 27.367216, -440.00494), (-629.4955, 25.32517, -450.15506), (-534.37805, 11.098797, 675.92786), (-522.8841, 11.272407, 685.5658), (-511.39017, 11.446016, 695.2037), (-499.8962, 10.847345, 704.84155), (-488.40225, 11.525368, 714.4795), (-476.90833, 11.558113, 724.1174), (-465.41437, 11.305721, 733.75525), (-499.197, 27.11619, -601.93164), (-509.83417, 27.558392, -591.3557), (-520.4713, 27.028954, -580.7798), (-531.1085, 26.404799, -570.2038), (-541.74567, 25.780643, -559.62787), (-552.3829, 24.02615, -549.05194), (-563.02, 26.237597, -538.476), (-474.24808, 40.84676, -549.75867), (-467.30917, 45.31012, -535.2481), (-460.37024, 47.468887, -520.73755), (-331.5898, 55.022984, -609.3718), (-336.32785, 58.790764, -594.37616), (-341.06586, 62.503017, -579.38055), (-345.8039, 65.98819, -564.3849), (-364.20703, 59.759872, -573.68353), (-355.00546, 63.380074, -569.03424), (-345.8039, 65.98819, -564.3849), (-446.34103, 62.68141, 468.26672), (-453.55856, 61.00765, 455.24463), (-460.7761, 63.48576, 442.22253), (-467.99365, 64.55446, 429.20044), (-475.21118, 65.849, 416.17838), (-482.42874, 67.04327, 403.15628), (-489.64627, 67.04327, 390.1342), (-533.30664, 46.960014, 426.41827), (-522.39154, 50.25523, 417.34723), (-511.47647, 53.748215, 408.2762), (-500.56137, 57.083145, 399.2052), (-489.64627, 60.45122, 390.1342), (-533.30664, 53.881176, 426.41827), (-518.8124, 53.881176, 433.393), (-504.3181, 55.22722, 440.36774), (-489.82382, 56.261806, 447.3425), (-475.32956, 57.835808, 454.31723), (-460.8353, 58.326103, 461.292), (-446.34103, 62.68141, 468.26672), (-594.34454, 58.648888, 280.22873), (-597.2817, 56.014374, 284.69772), (-554.3437, 58.836548, 326.65155), (-565.0782, 62.11139, 316.1631), (-575.8127, 62.4802, 305.67465), (-586.5472, 60.688213, 295.1862), (-597.2817, 56.014374, 284.69772), (-554.3437, 58.836548, 326.65155), (-542.8492, 63.907646, 314.68533), (-531.35474, 70.283875, 302.71915), (-519.8603, 77.26204, 290.75296), (-508.36584, 82.73747, 278.78677), (-496.87137, 87.983116, 266.82056), (-499.197, 27.11619, -601.93164), (-492.95978, 30.659855, -588.8884), (-486.72253, 33.90368, -575.84515), (-480.4853, 37.211155, -562.80194), (-474.24808, 40.84676, -549.75867), (-533.3068, 41.979202, -474.13425), (-523.4637, 42.323624, -486.73834), (-513.62054, 40.655487, -499.3424), (-503.77744, 40.627407, -511.94647), (-493.93433, 39.28872, -524.55054), (-484.0912, 37.95003, -537.1546), (-474.24808, 40.84676, -549.75867), (-459.74353, 59.59849, -456.26797), (-448.6471, 62.411827, -453.57297), (-437.55066, 65.48139, -450.878), (-426.45422, 68.98625, -448.183), (-629.4955, 25.32517, -450.15506), (-635.21533, 22.417553, -464.0217), (-640.9352, 18.496696, -477.88834), (-646.655, 16.856815, -491.75494), (-652.3749, 15.622463, -505.62158), (-658.0947, 14.073957, -519.4882), (-663.8146, 12.340689, -533.35486), (-629.4955, 25.32517, -450.15506), (-619.99896, 24.40358, -462.77234), (-610.5025, 25.557997, -475.38962), (-601.006, 26.907042, -488.0069), (-591.5095, 27.272186, -500.62418), (-582.013, 27.195992, -513.24146), (-572.51654, 26.926607, -525.8587), (-563.02, 26.237597, -538.476), (-465.41437, 11.305721, 733.75525), (-450.92416, 12.008988, 737.6326), (-436.43393, 11.496874, 741.50995), (-421.94373, 10.738573, 745.3873), (-407.45352, 12.026565, 749.26465), (-392.96332, 13.314556, 753.142), (-378.4731, 14.853687, 757.01935), (-465.41437, 11.305721, 733.75525), (-475.22455, 8.808083, 745.10254), (-485.0347, 6.632841, 756.44977), (-494.84488, 4.7590218, 767.79706), (-504.65506, 3.1837382, 779.14435), (-514.4652, 1.9363775, 790.4916), (-524.2754, 1.0352359, 801.83887), (-563.02, 26.237597, -538.476), (-573.307, 22.972052, -549.3928), (-583.594, 19.950953, -560.3097), (-593.881, 17.092297, -571.22656), (-604.16797, 14.349431, -582.14343), (-614.45496, 11.748046, -593.0603), (-624.74194, 9.387408, -603.9772), (-533.3068, 41.979202, -474.13425), (-518.5941, 45.52904, -470.561), (-503.8815, 49.225555, -466.98773), (-489.16882, 52.805473, -463.4145), (-474.45618, 56.176147, -459.84122), (-459.74353, 59.59849, -456.26797), (-460.37024, 47.468887, -520.73755), (-460.21356, 50.39191, -504.62015), (-460.0569, 53.314934, -488.50275), (-459.9002, 56.10962, -472.38535), (-459.74353, 59.59849, -456.26797), (-663.8146, 12.340689, -533.35486), (-663.13824, 11.164005, -548.3396), (-662.46185, 9.648806, -563.32434), (-661.7855, 8.326416, -578.3091), (-661.1092, 7.40899, -593.2938), (-660.43286, 6.4260974, -608.27856), (-659.7565, 5.2222376, -623.2633), (-663.8146, 12.340689, -533.35486), (-677.7807, 10.912258, -527.88245), (-691.7469, 8.619416, -522.4101), (-705.713, 7.426827, -516.93774), (-719.67914, 7.2344584, -511.46536), (-733.6453, 7.2344584, -505.993), (-747.61145, 7.2344584, -500.52066), (-324.03876, 25.810455, 728.185), (-326.1116, 22.617447, 742.09705), (-328.18445, 19.49133, 756.0091), (-330.25732, 16.537043, 769.92114), (-378.4731, 14.853687, 757.01935), (-362.40118, 15.210206, 761.31995), (-346.32925, 15.578259, 765.62054), (-330.25732, 16.537043, 769.92114), (-378.4731, 14.853687, 757.01935), (-382.6425, 11.976073, 771.4282), (-386.81186, 9.353318, 785.83716), (-390.98123, 7.0572195, 800.24603), (-395.15063, 5.0971737, 814.6549), (-399.32, 3.4694152, 829.06384), (-403.48938, 2.1678407, 843.4727)]
                int[] primvars:roadnet:endNode = [17, 18, 23, 24, 25, 29, 30, 31, 32, 35, 36, 37, 38, 40, 44, 45, 46, 47, 9, 48, 49, 51, 52, 53, 55, 59, 61, 62, 63, 64, 65, 66, 67, 68, 70, 71, 39, 39, 2, 69, 69, 73, 76, 77, 78, 80, 82, 83, 84, 85, 86, 87, 88, 89, 91, 92, 93, 40, 54, 54, 94, 95, 98, 99, 101, 102, 104, 105, 106, 107, 108, 109, 110, 86, 111, 113, 114, 115, 116, 118, 120, 121, 123, 125, 126, 127, 128, 96, 131, 132, 134, 136, 137, 138, 139, 140, 100, 100, 141, 142, 144, 145, 146, 147, 148, 149, 151, 152, 143, 143, 153, 155, 126, 157, 158, 122, 122, 50, 50, 159, 160, 0, 161, 74, 163, 103, 103, 165, 166, 164, 164, 168, 169, 170, 21, 77, 171, 112, 112, 173, 174, 156, 156, 175, 117, 117, 118, 81, 81, 176, 177, 14, 178, 179, 60, 60, 82, 119, 119, 180, 181, 182, 43, 43, 154, 154, 183, 56, 184, 185, 186, 187, 188, 129, 129, 190, 188, 191, 192, 193, 194, 195, 197, 198, 172, 172, 199, 201, 90, 90, 124, 124, 202, 203, 204, 205, 206, 207, 208, 206, 167, 167, 209, 78, 79, 79, 210, 211, 19, 200, 200, 213, 214, 215, 216, 217, 218, 189, 189, 133, 133, 135, 135, 162, 162, 220, 196, 196, 220, 221, 222, 223, 224, 225, 227, 219, 219, 212, 212, 197, 130, 130, 26, 226, 226, 96, 229, 225, 230, 231, 232, 228, 228, 233, 234, 150, 150, 235] (
                    interpolation = "uniform"
                )
                int[] primvars:roadnet:startNode = [4, 5, 6, 7, 17, 24, 24, 25, 25, 29, 30, 31, 31, 39, 43, 35, 35, 36, 36, 37, 37, 50, 38, 40, 54, 16, 60, 45, 47, 47, 48, 48, 49, 49, 69, 51, 32, 52, 53, 51, 55, 55, 20, 22, 59, 79, 81, 61, 62, 63, 64, 64, 65, 65, 90, 66, 68, 71, 40, 71, 73, 73, 27, 76, 100, 77, 103, 78, 80, 82, 82, 83, 83, 84, 84, 112, 86, 87, 88, 117, 119, 91, 122, 124, 93, 94, 94, 129, 130, 99, 133, 135, 102, 102, 104, 104, 77, 105, 105, 106, 143, 107, 107, 108, 108, 109, 150, 110, 106, 113, 115, 154, 116, 156, 118, 91, 120, 38, 125, 125, 126, 127, 41, 42, 162, 78, 134, 164, 137, 167, 138, 139, 140, 140, 141, 141, 142, 85, 142, 172, 144, 118, 145, 145, 88, 146, 146, 61, 148, 149, 152, 152, 153, 153, 44, 155, 155, 89, 158, 158, 159, 159, 12, 160, 116, 160, 57, 58, 161, 163, 163, 165, 165, 34, 166, 189, 168, 168, 171, 173, 174, 176, 196, 177, 144, 178, 178, 200, 66, 182, 92, 182, 183, 183, 185, 185, 187, 187, 188, 190, 136, 191, 191, 194, 59, 194, 195, 195, 197, 179, 199, 202, 203, 204, 204, 206, 206, 166, 219, 101, 209, 101, 209, 131, 210, 210, 177, 211, 211, 212, 214, 214, 215, 217, 226, 207, 218, 197, 220, 220, 98, 221, 221, 217, 222, 228, 223, 223, 224, 224, 225, 222, 227, 229, 229, 109, 230, 230] (
                    interpolation = "uniform"
                )
                uniform token type = "linear"
                float[] widths = [6] (
                    interpolation = "constant"
                )
                uniform token wrap = "nonperiodic"
            }

            def Scope "Ribbon"
            {
                def Material "RoadMaterial"
                {
                    token outputs:surface.connect = </Island/Town/Roads/Ribbon/RoadMaterial/PreviewSurface.outputs:surface>

                    def Shader "PreviewSurface"
                    {
                        uniform token info:id = "UsdPreviewSurface"
                        color3f inputs:diffuseColor = (0.09, 0.09, 0.1)
                        float inputs:metallic = 0
                        float inputs:roughness = 0.9
                        token outputs:surface
                    }
                }

                def Mesh "Highway_0" (
                    prepend apiSchemas = ["MaterialBindingAPI"]
                )
                {
                    float3[] extent = [(748.7121, 2.684839, 172.94737), (823.1579, 17.785856, 184.94737)]
                    int[] faceVertexCounts = [4, 4, 4, 4, 4]
                    int[] faceVertexIndices = [0, 2, 3, 1, 2, 4, 5, 3, 4, 6, 7, 5, 6, 8, 9, 7, 8, 10, 11, 9]
                    rel material:binding = </Island/Town/Roads/Ribbon/RoadMaterial>
                    point3f[] points = [(748.7121, 17.785856, 184.94737), (748.7121, 15.886758, 172.94737), (763.60126, 14.888136, 184.94737), (763.60126, 12.686533, 172.94737), (778.4904, 11.909224, 184.94737), (778.4904, 10.327057, 172.94737), (793.3796, 8.728441, 184.94737), (793.3796, 8.728441, 172.94737), (808.26874, 6.2278333, 184.94737), (808.26874, 6.2278333, 172.94737), (823.1579, 4.702706, 184.94737), (823.1579, 2.684839, 172.94737)]
                    texCoord2f[] primvars:st = [(0, 0), (1, 0), (0, 0.20073609), (1, 0.20073609), (0, 0.4007828), (1, 0.4007828), (0, 0.60052186), (1, 0.60052186), (0, 0.80026096), (1, 0.80026096), (0, 1), (1, 1)] (
                        interpolation = "vertex"
                    )
                    uniform token subdivisionScheme = "none"
                }

                def Mesh "Highway_1" (
                    prepend apiSchemas = ["MaterialBindingAPI"]
                )
                {
                    float3[] extent = [(503.1579, 45.814747, 172.94737), (655.9426, 98.261154, 184.94737)]
                    int[] faceVertexCounts = [4, 4, 4, 4, 4, 4, 4, 4, 4, 4]
                    int[] faceVertexIndices = [0, 2, 3, 1, 2, 4, 5, 3, 4, 6, 7, 5, 6, 8, 9, 7, 8, 10, 11, 9, 10, 12, 13, 11, 12, 14, 15, 13, 14, 16, 17, 15, 16, 18, 19, 17, 18, 20, 21, 19]
                    rel material:binding = </Island/Town/Roads/Ribbon/RoadMaterial>
                    point3f[] points = [(655.9426, 45.814747, 172.94737), (655.9426, 47.452698, 184.94737), (640.6642, 51.429817, 172.94737), (640.6642, 53.024197, 184.94737), (625.3857, 57.1232, 172.94737), (625.3857, 58.394817, 184.94737), (610.10724, 63.476402, 172.94737), (610.10724, 63.458008, 184.94737), (594.82874, 69.307915, 172.94737), (594.82874, 68.126434, 184.94737), (579.5503, 74.61281, 172.94737), (579.5503, 72.586655, 184.94737), (564.2718, 79.5168, 172.94737), (564.2718, 75.20514, 184.94737), (548.99335, 83.44135, 172.94737), (548.99335, 77.19823, 184.94737), (533.71484, 84.88561, 172.94737), (533.71484, 85.5855, 184.94737), (518.43634, 91.91705, 172.94737), (518.43634, 92.33057, 184.94737), (503.1579, 98.261154, 172.94737), (503.1579, 96.72606, 184.94737)]
                    texCoord2f[] primvars:st = [(0, 0), (1, 0), (0, 0.10103701), (1, 0.10103701), (0, 0.2018982), (1, 0.2018982), (0, 0.30268508), (1, 0.30268508), (0, 0.40215307), (1, 0.40215307), (0, 0.50094706), (1, 0.50094706), (0, 0.5992575), (1, 0.5992575), (0, 0.69435835), (1, 0.69435835), (0, 0.7930285), (1, 0.7930285), (0, 0.9008039), (1, 0.9008039), (0, 1), (1, 1)] (
                        interpolation = "vertex"
                    )
                    uniform token subdivisionScheme = "none"
                }

                def Mesh "Highway_2" (
                    prepend apiSchemas = ["MaterialBindingAPI"]
                )
                {
                    float3[] extent = [(355.61295, 96.047424, 173.50952), (505.6936, 131.21924, 252.00414)]
                    int[] faceVertexCounts = [4, 4, 4, 4, 4, 4, 4, 4, 4, 4]
                    int[] faceVertexIndices = [0, 2, 3, 1, 2, 4, 5, 3, 4, 6, 7, 5, 6, 8, 9, 7, 8, 10, 11, 9, 10, 12, 13, 11, 12, 14, 15, 13, 14, 16, 17, 15, 16, 18, 19, 17, 18, 20, 21, 19]
                    rel material:binding = </Island/Town/Roads/Ribbon/RoadMaterial>
                    point3f[] points = [(500.6222, 99.0496, 173.50952), (505.6936, 96.047424, 184.38521), (486.12125, 103.43671, 180.27141), (491.1927, 99.409225, 191.14711), (471.62033, 106.92055, 187.03331), (476.69174, 101.88694, 197.909), (457.11942, 108.522644, 193.7952), (462.19083, 103.08744, 204.6709), (442.6185, 113.06907, 200.55708), (447.6899, 108.17974, 211.43279), (428.11755, 118.38814, 207.31898), (433.189, 113.02619, 218.19467), (413.61664, 121.92442, 214.08087), (418.68805, 116.060974, 224.95657), (399.11572, 122.64563, 220.84277), (404.18713, 116.30117, 231.71846), (384.61478, 125.03965, 227.60466), (389.68622, 120.0412, 238.48035), (370.11386, 129.23607, 234.36655), (375.18527, 123.25407, 245.24225), (355.61295, 131.21924, 241.12845), (360.68436, 126.20486, 252.00414)]
                    texCoord2f[] primvars:st = [(0, 0), (1, 0), (0, 0.1005652), (1, 0.1005652), (0, 0.20008406), (1, 0.20008406), (0, 0.2982993), (1, 0.2982993), (0, 0.40039375), (1, 0.40039375), (0, 0.5031242), (1, 0.5031242), (0, 0.6030761), (1, 0.6030761), (0, 0.7009823), (1, 0.7009823), (0, 0.8005876), (1, 0.8005876), (0, 0.901122), (1, 0.901122), (0, 1), (1, 1)] (
                        interpolation = "vertex"
                    )
                    uniform token subdivisionScheme = "none"
                }

                def Mesh "Highway_3" (
                    prepend apiSchemas = ["MaterialBindingAPI"]
                )
                {
                    float3[] extent = [(497.15866, 94.520935, 18.871624), (511.72766, 112.977745, 179.04376)]
                    int[] faceVertexCounts = [4, 4, 4, 4, 4, 4, 4, 4, 4, 4]
                    int[] faceVertexIndices = [0, 2, 3, 1, 2, 4, 5, 3, 4, 6, 7, 5, 6, 8, 9, 7, 8, 10, 11, 9, 10, 12, 13, 11, 12, 14, 15, 13, 14, 16, 17, 15, 16, 18, 19, 17, 18, 20, 21, 19]
                    rel material:binding = </Island/Town/Roads/Ribbon/RoadMaterial>
                    point3f[] points = [(509.15714, 95.858505, 179.04376), (497.15866, 99.637276, 178.85097), (509.41418, 94.520935, 163.04582), (497.4157, 100.38546, 162.85304), (509.67123, 99.02172, 147.0479), (497.6728, 99.35987, 146.8551), (509.92828, 102.748276, 131.04996), (497.92984, 107.36083, 130.85716), (510.18533, 99.86871, 115.052025), (498.1869, 105.047485, 114.85923), (510.44238, 105.07334, 99.05409), (498.44394, 108.89026, 98.8613), (510.69946, 108.779076, 83.05615), (498.701, 112.977745, 82.863365), (510.9565, 108.32167, 67.05822), (498.95807, 112.30454, 66.865425), (511.21356, 103.94667, 51.060284), (499.21512, 108.61419, 50.867493), (511.4706, 106.85314, 35.06235), (499.47217, 111.18072, 34.869556), (511.72766, 107.08074, 19.064415), (499.72922, 110.8569, 18.871624)]
                    texCoord2f[] primvars:st = [(0, 0), (1, 0), (0, 0.09790078), (1, 0.09790078), (0, 0.19609675), (1, 0.19609675), (0, 0.3013518), (1, 0.3013518), (0, 0.40091565), (1, 0.40091565), (0, 0.5028794), (1, 0.5028794), (0, 0.6036377), (1, 0.6036377), (0, 0.70160145), (1, 0.70160145), (0, 0.8026929), (1, 0.8026929), (0, 0.9020992), (1, 0.9020992), (0, 1), (1, 1)] (
                        interpolation = "vertex"
                    )
                    uniform token subdivisionScheme = "none"
                }

                def Mesh "Highway_4" (
                    prepend apiSchemas = ["MaterialBindingAPI"]
                )
                {
                    float3[] extent = [(234.63586, 125.04714, 242.08414), (362.13742, 136.0925, 357.41577)]
                    int[] faceVertexCounts = [4, 4, 4, 4, 4, 4, 4, 4, 4, 4]
                    int[] faceVertexIndices = [0, 2, 3, 1, 2, 4, 5, 3, 4, 6, 7, 5, 6, 8, 9, 7, 8, 10, 11, 9, 10, 12, 13, 11, 12, 14, 15, 13, 14, 16, 17, 15, 16, 18, 19, 17, 18, 20, 21, 19]
                    rel material:binding = </Island/Town/Roads/Ribbon/RoadMaterial>
                    point3f[] points = [(354.15988, 131.50818, 242.08414), (362.13742, 125.696335, 251.04845), (342.20746, 134.65318, 252.72087), (350.18503, 128.97527, 261.68518), (330.25507, 135.987, 263.3576), (338.23264, 131.2769, 272.3219), (318.30267, 136.0925, 273.99435), (326.2802, 132.01115, 282.95865), (306.35028, 134.28261, 284.63107), (314.32782, 130.55415, 293.59537), (294.39786, 130.5169, 295.26782), (302.37543, 127.07428, 304.23212), (282.44547, 130.63689, 305.90454), (290.423, 125.9758, 314.86884), (270.49307, 128.23395, 316.5413), (278.4706, 125.04714, 325.50558), (258.54065, 134.16624, 327.178), (266.51822, 130.02359, 336.1423), (246.58826, 134.34381, 337.81476), (254.56581, 129.9277, 346.77905), (234.63586, 130.38408, 348.45148), (242.61342, 126.55225, 357.41577)]
                    texCoord2f[] primvars:st = [(0, 0), (1, 0), (0, 0.10049871), (1, 0.10049871), (0, 0.1996531), (1, 0.1996531), (0, 0.29816934), (1, 0.29816934), (0, 0.39717686), (1, 0.39717686), (0, 0.49826592), (1, 0.49826592), (0, 0.59678864), (1, 0.59678864), (0, 0.6958136), (1, 0.6958136), (0, 0.8000024), (1, 0.8000024), (0, 0.8984877), (1, 0.8984877), (0, 1), (1, 1)] (
                        interpolation = "vertex"
                    )
                    uniform token subdivisionScheme = "none"
                }

                def Mesh "Highway_5" (
                    prepend apiSchemas = ["MaterialBindingAPI"]
                )
                {
                    float3[] extent = [(499.72922, 100.537415, -141.10773), (514.2982, 111.21744, 19.064415)]
                    int[] faceVertexCounts = [4, 4, 4, 4, 4, 4, 4, 4, 4, 4]
                    int[] faceVertexIndices = [0, 2, 3, 1, 2, 4, 5, 3, 4, 6, 7, 5, 6, 8, 9, 7, 8, 10, 11, 9, 10, 12, 13, 11, 12, 14, 15, 13, 14, 16, 17, 15, 16, 18, 19, 17, 18, 20, 21, 19]
                    rel material:binding = </Island/Town/Roads/Ribbon/RoadMaterial>
                    point3f[] points = [(511.72766, 107.08074, 19.064415), (499.72922, 110.8569, 18.871624), (511.98474, 106.14522, 3.0664797), (499.98627, 109.17479, 2.8736882), (512.24176, 105.2493, -12.931456), (500.24332, 109.179955, -13.124247), (512.49884, 106.92785, -28.92939), (500.5004, 111.21744, -29.12218), (512.7559, 104.05011, -44.927326), (500.75745, 108.650055, -45.120117), (513.01294, 100.537415, -60.92526), (501.0145, 104.64569, -61.11805), (513.27, 105.175545, -76.923195), (501.27155, 108.72379, -77.11599), (513.52704, 102.40177, -92.92113), (501.5286, 106.45535, -93.11392), (513.7841, 104.14652, -108.91907), (501.78568, 108.469505, -109.111855), (514.0412, 104.57257, -124.917), (502.04272, 109.05137, -125.109795), (514.2982, 103.43237, -140.91493), (502.29977, 107.41029, -141.10773)]
                    texCoord2f[] primvars:st = [(0, 0), (1, 0), (0, 0.09924092), (1, 0.09924092), (0, 0.19816668), (1, 0.19816668), (0, 0.29770005), (1, 0.29770005), (0, 0.39800262), (1, 0.39800262), (0, 0.4996311), (1, 0.4996311), (0, 0.60209996), (1, 0.60209996), (0, 0.7021804), (1, 0.7021804), (0, 0.80176663), (1, 0.80176663), (0, 0.9007151), (1, 0.9007151), (0, 1), (1, 1)] (
                        interpolation = "vertex"
                    )
                    uniform token subdivisionScheme = "none"
                }

                def Mesh "Highway_6" (
                    prepend apiSchemas = ["MaterialBindingAPI"]
                )
                {
                    float3[] extent = [(131.18236, 123.29276, 349.0769), (243.2209, 132.60185, 479.35745)]
                    int[] faceVertexCounts = [4, 4, 4, 4, 4, 4, 4, 4, 4, 4]
                    int[] faceVertexIndices = [0, 2, 3, 1, 2, 4, 5, 3, 4, 6, 7, 5, 6, 8, 9, 7, 8, 10, 11, 9, 10, 12, 13, 11, 12, 14, 15, 13, 14, 16, 17, 15, 16, 18, 19, 17, 18, 20, 21, 19]
                    rel material:binding = </Island/Town/Roads/Ribbon/RoadMaterial>
                    point3f[] points = [(234.02837, 129.93205, 349.0769), (243.2209, 127.04234, 356.79034), (223.74377, 130.94026, 361.33362), (232.93631, 125.64883, 369.04706), (213.45917, 132.15231, 373.59033), (222.6517, 127.3872, 381.30377), (203.17456, 131.52661, 385.84705), (212.3671, 126.98178, 393.5605), (192.88997, 129.69696, 398.10376), (202.0825, 125.16845, 405.8172), (182.60536, 130.85646, 410.36047), (191.7979, 127.27866, 418.0739), (172.32076, 132.60185, 422.61716), (181.51329, 129.19766, 430.33063), (162.03616, 130.80426, 434.87387), (171.2287, 127.889885, 442.58734), (151.75156, 127.906075, 447.13058), (160.94409, 127.906075, 454.84406), (141.46695, 126.49018, 459.3873), (150.65948, 126.49018, 467.10077), (131.18236, 126.772865, 471.644), (140.3749, 123.29276, 479.35745)]
                    texCoord2f[] primvars:st = [(0, 0), (1, 0), (0, 0.09959947), (1, 0.09959947), (0, 0.19962463), (1, 0.19962463), (0, 0.29927284), (1, 0.29927284), (0, 0.39957735), (1, 0.39957735), (0, 0.49971765), (1, 0.49971765), (0, 0.59997106), (1, 0.59997106), (0, 0.700043), (1, 0.700043), (0, 0.8000286), (1, 0.8000286), (0, 0.90001434), (1, 0.90001434), (0, 1), (1, 1)] (
                        interpolation = "vertex"
                    )
                    uniform token subdivisionScheme = "none"
                }

                def Mesh "Highway_7" (
                    prepend apiSchemas = ["MaterialBindingAPI"]
                )
                {
                    float3[] extent = [(459.10413, 99.015076, -296.63538), (514.07385, 109.092834, -139.38307)]
                    int[] faceVertexCounts = [4, 4, 4, 4, 4, 4, 4, 4, 4, 4]
                    int[] faceVertexIndices = [0, 2, 3, 1, 2, 4, 5, 3, 4, 6, 7, 5, 6, 8, 9, 7, 8, 10, 11, 9, 10, 12, 13, 11, 12, 14, 15, 13, 14, 16, 17, 15, 16, 18, 19, 17, 18, 20, 21, 19]
                    rel material:binding = </Island/Town/Roads/Ribbon/RoadMaterial>
                    point3f[] points = [(514.07385, 103.31259, -142.63959), (502.52417, 107.59462, -139.38307), (509.73184, 102.06043, -158.03915), (498.18216, 106.13659, -154.78265), (505.38983, 100.86923, -173.43874), (493.84015, 104.82777, -170.18224), (501.04782, 100.991684, -188.83832), (489.49814, 105.37032, -185.58182), (496.70584, 101.900665, -204.2379), (485.15616, 106.711685, -200.9814), (492.36383, 103.43029, -219.63747), (480.81415, 108.30515, -216.38097), (488.02182, 104.958115, -235.03705), (476.47214, 109.092834, -231.78055), (483.6798, 104.13486, -250.43663), (472.13013, 107.28489, -247.18013), (479.3378, 99.015076, -265.8362), (467.78812, 103.337685, -262.5797), (474.99582, 104.18597, -281.23578), (463.44614, 108.31612, -277.97928), (470.6538, 104.56242, -296.63538), (459.10413, 108.31537, -293.37888)]
                    texCoord2f[] primvars:st = [(0, 0), (1, 0), (0, 0.09928175), (1, 0.09928175), (0, 0.19848816), (1, 0.19848816), (0, 0.2974216), (1, 0.2974216), (0, 0.3965698), (1, 0.3965698), (0, 0.49594378), (1, 0.49594378), (0, 0.5951566), (1, 0.5951566), (0, 0.6943759), (1, 0.6943759), (0, 0.7972022), (1, 0.7972022), (0, 0.90107596), (1, 0.90107596), (0, 1), (1, 1)] (
                        interpolation = "vertex"
                    )
                    uniform token subdivisionScheme = "none"
                }

                def Mesh "Highway_8" (
                    prepend apiSchemas = ["MaterialBindingAPI"]
                )
                {
                    float3[] extent = [(-11.7663355, 99.0325, 470.0629), (138.31433, 127.00841, 548.5575)]
                    int[] faceVertexCounts = [4, 4, 4, 4, 4, 4, 4, 4, 4, 4]
                    int[] faceVertexIndices = [0, 2, 3, 1, 2, 4, 5, 3, 4, 6, 7, 5, 6, 8, 9, 7, 8, 10, 11, 9, 10, 12, 13, 11, 12, 14, 15, 13, 14, 16, 17, 15, 16, 18, 19, 17, 18, 20, 21, 19]
                    rel material:binding = </Island/Town/Roads/Ribbon/RoadMaterial>
                    point3f[] points = [(133.2429, 127.00841, 470.0629), (138.31433, 123.132935, 480.9386), (118.74199, 125.56867, 476.8248), (123.81341, 121.83796, 487.70047), (104.24106, 123.81242, 483.58667), (109.31248, 120.12487, 494.46237), (89.740135, 122.16482, 490.34857), (94.811554, 118.6175, 501.22427), (75.23921, 120.91001, 497.11047), (80.31063, 118.00285, 507.98615), (60.73829, 117.12406, 503.87234), (65.80971, 114.9357, 514.74805), (46.237362, 112.79512, 510.63425), (51.30878, 110.51936, 521.50995), (31.736439, 109.92296, 517.3961), (36.807858, 105.829475, 528.27185), (17.235514, 106.57213, 524.158), (22.306932, 103.82889, 535.03375), (2.7345889, 104.84883, 530.9199), (7.806008, 99.0325, 541.7956), (-11.7663355, 104.42279, 537.6818), (-6.6949167, 100.24285, 548.5575)]
                    texCoord2f[] primvars:st = [(0, 0), (1, 0), (0, 0.098987445), (1, 0.098987445), (0, 0.19814081), (1, 0.19814081), (0, 0.29725432), (1, 0.29725432), (0, 0.39603195), (1, 0.39603195), (0, 0.4968814), (1, 0.4968814), (0, 0.5992659), (1, 0.5992659), (0, 0.700746), (1, 0.700746), (0, 0.8004817), (1, 0.8004817), (0, 0.9013285), (1, 0.9013285), (0, 1), (1, 1)] (
                        interpolation = "vertex"
                    )
                    uniform token subdivisionScheme = "none"
                }

                def Mesh "Highway_9" (
                    prepend apiSchemas = ["MaterialBindingAPI"]
                )
                {
                    float3[] extent = [(355.89996, 97.39041, -420.14084), (469.42462, 108.736435, -291.09085)]
                    int[] faceVertexCounts = [4, 4, 4, 4, 4, 4, 4, 4, 4, 4]
                    int[] faceVertexIndices = [0, 2, 3, 1, 2, 4, 5, 3, 4, 6, 7, 5, 6, 8, 9, 7, 8, 10, 11, 9, 10, 12, 13, 11, 12, 14, 15, 13, 14, 16, 17, 15, 16, 18, 19, 17, 18, 20, 21, 19]
                    rel material:binding = </Island/Town/Roads/Ribbon/RoadMaterial>
                    point3f[] points = [(469.42462, 104.53029, -298.92337), (460.3333, 108.47968, -291.09085), (458.9813, 103.57989, -311.0451), (449.88998, 107.088356, -303.21262), (448.53796, 98.17311, -323.16687), (439.44666, 101.68611, -315.33435), (438.0946, 101.423164, -335.2886), (429.0033, 105.07817, -327.45612), (427.65128, 102.58607, -347.41034), (418.55997, 105.859314, -339.57785), (417.20795, 105.3413, -359.5321), (408.11664, 105.3413, -351.69962), (406.76462, 105.020195, -371.65384), (397.6733, 108.063805, -363.82135), (396.3213, 105.22297, -383.7756), (387.22998, 108.736435, -375.94308), (385.87796, 103.670296, -395.89734), (376.78662, 107.32638, -388.06485), (375.4346, 100.75973, -408.0191), (366.3433, 104.01823, -400.18658), (364.99127, 97.39041, -420.14084), (355.89996, 100.6589, -412.30835)]
                    texCoord2f[] primvars:st = [(0, 0), (1, 0), (0, 0.09895933), (1, 0.09895933), (0, 0.20317145), (1, 0.20317145), (0, 0.3039237), (1, 0.3039237), (0, 0.4027559), (1, 0.4027559), (0, 0.5017411), (1, 0.5017411), (0, 0.6007265), (1, 0.6007265), (0, 0.69943935), (1, 0.69943935), (0, 0.7985759), (1, 0.7985759), (0, 0.8989775), (1, 0.8989775), (0, 1), (1, 1)] (
                        interpolation = "vertex"
                    )
                    uniform token subdivisionScheme = "none"
                }

                def Mesh "Highway_10" (
                    prepend apiSchemas = ["MaterialBindingAPI"]
                )
                {
                    float3[] extent = [(-169.23062, 95.0228, 537.1197), (-9.230626, 104.58075, 549.1197)]
                    int[] faceVertexCounts = [4, 4, 4, 4, 4, 4, 4, 4, 4, 4]
                    int[] faceVertexIndices = [0, 2, 3, 1, 2, 4, 5, 3, 4, 6, 7, 5, 6, 8, 9, 7, 8, 10, 11, 9, 10, 12, 13, 11, 12, 14, 15, 13, 14, 16, 17, 15, 16, 18, 19, 17, 18, 20, 21, 19]
                    rel material:binding = </Island/Town/Roads/Ribbon/RoadMaterial>
                    point3f[] points = [(-9.230626, 104.58075, 537.1197), (-9.230626, 100.178246, 549.1197), (-25.230625, 104.28968, 537.1197), (-25.230625, 99.87719, 549.1197), (-41.230625, 103.73936, 537.1197), (-41.230625, 99.593994, 549.1197), (-57.230625, 102.888885, 537.1197), (-57.230625, 99.34752, 549.1197), (-73.23063, 101.08331, 537.1197), (-73.23063, 97.84584, 549.1197), (-89.23063, 100.38048, 537.1197), (-89.23063, 96.95382, 549.1197), (-105.23063, 99.27548, 537.1197), (-105.23063, 96.745384, 549.1197), (-121.23063, 97.7797, 537.1197), (-121.23063, 97.7797, 549.1197), (-137.23062, 97.522446, 537.1197), (-137.23062, 97.522446, 549.1197), (-153.23062, 98.69472, 537.1197), (-153.23062, 95.76178, 549.1197), (-169.23062, 97.7748, 537.1197), (-169.23062, 95.0228, 549.1197)]
                    texCoord2f[] primvars:st = [(0, 0), (1, 0), (0, 0.09991069), (1, 0.09991069), (0, 0.19983742), (1, 0.19983742), (0, 0.29979467), (1, 0.29979467), (0, 0.4002604), (1, 0.4002604), (0, 0.5002614), (1, 0.5002614), (0, 0.60025245), (1, 0.60025245), (0, 0.7001609), (1, 0.7001609), (0, 0.80006933), (1, 0.80006933), (0, 0.8999778), (1, 0.8999778), (0, 1), (1, 1)] (
                        interpolation = "vertex"
                    )
                    uniform token subdivisionScheme = "none"
                }

                def Mesh "Highway_11" (
                    prepend apiSchemas = ["MaterialBindingAPI"]
                )
                {
                    float3[] extent = [(222.40251, 92.72796, -507.45328), (363.67712, 103.18328, -411.16916)]
                    int[] faceVertexCounts = [4, 4, 4, 4, 4, 4, 4, 4, 4, 4]
                    int[] faceVertexIndices = [0, 2, 3, 1, 2, 4, 5, 3, 4, 6, 7, 5, 6, 8, 9, 7, 8, 10, 11, 9, 10, 12, 13, 11, 12, 14, 15, 13, 14, 16, 17, 15, 16, 18, 19, 17, 18, 20, 21, 19]
                    rel material:binding = </Island/Town/Roads/Ribbon/RoadMaterial>
                    point3f[] points = [(363.67712, 97.175156, -421.28003), (357.2141, 100.79313, -411.16916), (350.19595, 95.181015, -429.89734), (343.73297, 99.116646, -419.78647), (336.71478, 92.72796, -438.51468), (330.2518, 97.41198, -428.4038), (323.23364, 94.84151, -447.132), (316.77063, 99.65361, -437.02112), (309.75247, 96.38421, -455.74933), (303.2895, 100.80429, -445.63846), (296.2713, 97.874016, -464.36664), (289.80832, 102.63694, -454.25577), (282.79016, 98.61389, -472.98398), (276.32715, 103.18328, -462.8731), (269.309, 98.16298, -481.6013), (262.846, 102.48607, -471.49042), (255.82784, 95.20491, -490.21863), (249.36484, 99.94868, -480.10776), (242.34666, 97.924255, -498.83594), (235.88368, 102.843376, -488.72507), (228.86551, 97.491135, -507.45328), (222.40251, 102.64603, -497.3424)]
                    texCoord2f[] primvars:st = [(0, 0), (1, 0), (0, 0.0999859), (1, 0.0999859), (0, 0.20012523), (1, 0.20012523), (0, 0.3003819), (1, 0.3003819), (0, 0.40005922), (1, 0.40005922), (0, 0.49990827), (1, 0.49990827), (0, 0.5993163), (1, 0.5993163), (0, 0.6987159), (1, 0.6987159), (0, 0.7996198), (1, 0.7996198), (0, 0.90065676), (1, 0.90065676), (0, 1), (1, 1)] (
                        interpolation = "vertex"
                    )
                    uniform token subdivisionScheme = "none"
                }

                def Mesh "Highway_12" (
                    prepend apiSchemas = ["MaterialBindingAPI"]
                )
                {
                    float3[] extent = [(-316.77557, 87.57681, 470.0629), (-226.14246, 92.917015, 520.8367)]
                    int[] faceVertexCounts = [4, 4, 4, 4, 4, 4]
                    int[] faceVertexIndices = [0, 2, 3, 1, 2, 4, 5, 3, 4, 6, 7, 5, 6, 8, 9, 7, 8, 10, 11, 9, 10, 12, 13, 11]
                    rel material:binding = </Island/Town/Roads/Ribbon/RoadMaterial>
                    point3f[] points = [(-226.14246, 89.92394, 509.96097), (-231.21388, 87.57681, 520.8367), (-240.40274, 92.917015, 503.31128), (-245.47417, 89.47084, 514.187), (-254.66302, 92.35888, 496.66162), (-259.73444, 89.23539, 507.5373), (-268.9233, 91.22036, 490.01193), (-273.99472, 88.03578, 500.88763), (-283.1836, 92.18662, 483.36224), (-288.255, 89.25779, 494.23795), (-297.44388, 92.70271, 476.7126), (-302.5153, 90.09149, 487.58826), (-311.70416, 91.42952, 470.0629), (-316.77557, 91.42952, 480.9386)]
                    texCoord2f[] primvars:st = [(0, 0), (1, 0), (0, 0.16837782), (1, 0.16837782), (0, 0.3345524), (1, 0.3345524), (0, 0.5011088), (1, 0.5011088), (0, 0.6675987), (1, 0.6675987), (0, 0.83388275), (1, 0.83388275), (0, 1), (1, 1)] (
                        interpolation = "vertex"
                    )
                    uniform token subdivisionScheme = "none"
                }

                def Mesh "Highway_13" (
                    prepend apiSchemas = ["MaterialBindingAPI"]
                )
                {
                    float3[] extent = [(66.24259, 96.891464, -529.47095), (226.42622, 111.96894, -496.45038)]
                    int[] faceVertexCounts = [4, 4, 4, 4, 4, 4, 4, 4, 4, 4]
                    int[] faceVertexIndices = [0, 2, 3, 1, 2, 4, 5, 3, 4, 6, 7, 5, 6, 8, 9, 7, 8, 10, 11, 9, 10, 12, 13, 11, 12, 14, 15, 13, 14, 16, 17, 15, 16, 18, 19, 17, 18, 20, 21, 19]
                    rel material:binding = </Island/Town/Roads/Ribbon/RoadMaterial>
                    point3f[] points = [(226.42622, 97.60431, -508.3453), (224.8418, 102.478874, -496.45038), (210.5663, 96.891464, -510.4579), (208.98187, 103.541626, -498.56293), (194.70638, 101.71471, -512.57043), (193.12196, 104.171745, -500.6755), (178.84647, 105.63223, -514.683), (177.26204, 109.78851, -502.78806), (162.98654, 106.94154, -516.7956), (161.40211, 110.971344, -504.90063), (147.12662, 107.68321, -518.90814), (145.54219, 111.96894, -507.01318), (131.2667, 107.19979, -521.0207), (129.68228, 111.6562, -509.12576), (115.40678, 102.48101, -523.13324), (113.82236, 106.8337, -511.2383), (99.54686, 105.486855, -525.24585), (97.96243, 109.650665, -513.3509), (83.686935, 103.73492, -527.3584), (82.102516, 108.40452, -515.46344), (67.82702, 101.47685, -529.47095), (66.24259, 106.05314, -517.576)]
                    texCoord2f[] primvars:st = [(0, 0), (1, 0), (0, 0.09868009), (1, 0.09868009), (0, 0.1984792), (1, 0.1984792), (0, 0.30165783), (1, 0.30165783), (0, 0.4006017), (1, 0.4006017), (0, 0.49940956), (1, 0.49940956), (0, 0.59810114), (1, 0.59810114), (0, 0.7010474), (1, 0.7010474), (0, 0.8013181), (1, 0.8013181), (0, 0.9004961), (1, 0.9004961), (0, 1), (1, 1)] (
                        interpolation = "vertex"
                    )
                    uniform token subdivisionScheme = "none"
                }

                def Mesh "Highway_14" (
                    prepend apiSchemas = ["MaterialBindingAPI"]
                )
                {
                    float3[] extent = [(-437.75266, 80.20545, 364.65125), (-393.59152, 86.990555, 405.8162)]
                    int[] faceVertexCounts = [4, 4, 4]
                    int[] faceVertexIndices = [0, 2, 3, 1, 2, 4, 5, 3, 4, 6, 7, 5]
                    rel material:binding = </Island/Town/Roads/Ribbon/RoadMaterial>
                    point3f[] points = [(-393.59152, 83.831955, 396.8519), (-401.5691, 80.20545, 405.8162), (-405.6527, 86.26898, 386.11835), (-413.63028, 82.63468, 395.08264), (-417.71393, 86.990555, 375.3848), (-425.69147, 83.191696, 384.3491), (-429.77512, 86.12188, 364.65125), (-437.75266, 82.76783, 373.61554)]
                    texCoord2f[] primvars:st = [(0, 0), (1, 0), (0, 0.33566505), (1, 0.33566505), (0, 0.6678419), (1, 0.6678419), (0, 1), (1, 1)] (
                        interpolation = "vertex"
                    )
                    uniform token subdivisionScheme = "none"
                }

                def Mesh "Highway_15" (
                    prepend apiSchemas = ["MaterialBindingAPI"]
                )
                {
                    float3[] extent = [(-91.907295, 109.44987, -525.2404), (41.650307, 118.390915, -492.35004)]
                    int[] faceVertexCounts = [4, 4, 4, 4, 4, 4, 4, 4, 4]
                    int[] faceVertexIndices = [0, 2, 3, 1, 2, 4, 5, 3, 4, 6, 7, 5, 6, 8, 9, 7, 8, 10, 11, 9, 10, 12, 13, 11, 12, 14, 15, 13, 14, 16, 17, 15, 16, 18, 19, 17]
                    rel material:binding = </Island/Town/Roads/Ribbon/RoadMaterial>
                    point3f[] points = [(39.75666, 109.44987, -525.2404), (41.650307, 114.16844, -513.39075), (25.127333, 111.49962, -522.9025), (27.02098, 115.86198, -511.0529), (10.498006, 113.2582, -520.5647), (12.391652, 117.05798, -508.71503), (-4.131323, 114.67153, -518.2268), (-2.237676, 118.390915, -506.37717), (-18.76065, 115.03661, -515.889), (-16.867004, 118.270164, -504.0393), (-33.38998, 113.67428, -513.5511), (-31.496332, 116.55018, -501.70148), (-48.019306, 112.5335, -511.21326), (-46.12566, 115.74911, -499.36362), (-62.648636, 112.37945, -508.8754), (-60.75499, 115.70004, -497.02576), (-77.27796, 111.203896, -506.53754), (-75.384315, 113.55372, -494.6879), (-91.907295, 112.5707, -504.19968), (-90.01364, 112.5707, -492.35004)]
                    texCoord2f[] primvars:st = [(0, 0), (1, 0), (0, 0.11163129), (1, 0.11163129), (0, 0.2229148), (1, 0.2229148), (0, 0.3341714), (1, 0.3341714), (0, 0.4449102), (1, 0.4449102), (0, 0.55632675), (1, 0.55632675), (0, 0.66725564), (1, 0.66725564), (0, 0.777994), (1, 0.777994), (0, 0.88926435), (1, 0.88926435), (0, 1), (1, 1)] (
                        interpolation = "vertex"
                    )
                    uniform token subdivisionScheme = "none"
                }

                def Mesh "Highway_16" (
                    prepend apiSchemas = ["MaterialBindingAPI"]
                )
                {
                    float3[] extent = [(-522.8668, 81.8796, 229.80487), (-491.76468, 91.208244, 269.97043)]
                    int[] faceVertexCounts = [4, 4, 4]
                    int[] faceVertexIndices = [0, 2, 3, 1, 2, 4, 5, 3, 4, 6, 7, 5]
                    rel material:binding = </Island/Town/Roads/Ribbon/RoadMaterial>
                    point3f[] points = [(-491.76468, 89.43163, 263.67072), (-501.9781, 86.442444, 269.97043), (-498.7276, 91.208244, 252.3821), (-508.941, 87.47304, 258.68182), (-505.69052, 90.255775, 241.09349), (-515.90393, 86.65858, 247.3932), (-512.65344, 86.11732, 229.80487), (-522.8668, 81.8796, 236.1046)]
                    texCoord2f[] primvars:st = [(0, 0), (1, 0), (0, 0.32798502), (1, 0.32798502), (0, 0.6548603), (1, 0.6548603), (0, 1), (1, 1)] (
                        interpolation = "vertex"
                    )
                    uniform token subdivisionScheme = "none"
                }

                def Mesh "Highway_17" (
                    prepend apiSchemas = ["MaterialBindingAPI"]
                )
                {
                    float3[] extent = [(-249.90257, 99.64383, -504.19968), (-90.01364, 112.47866, -467.1014)]
                    int[] faceVertexCounts = [4, 4, 4, 4, 4, 4, 4, 4, 4, 4]
                    int[] faceVertexIndices = [0, 2, 3, 1, 2, 4, 5, 3, 4, 6, 7, 5, 6, 8, 9, 7, 8, 10, 11, 9, 10, 12, 13, 11, 12, 14, 15, 13, 14, 16, 17, 15, 16, 18, 19, 17, 18, 20, 21, 19]
                    rel material:binding = </Island/Town/Roads/Ribbon/RoadMaterial>
                    point3f[] points = [(-91.907295, 109.61373, -504.19968), (-90.01364, 109.61373, -492.35004), (-107.70682, 109.61373, -501.6748), (-105.81317, 109.61373, -489.82516), (-123.50635, 106.61133, -499.14996), (-121.6127, 111.761314, -487.30032), (-139.30588, 108.8682, -496.6251), (-137.41223, 112.47866, -484.77545), (-155.10541, 108.13854, -494.10022), (-153.21176, 111.59531, -482.25058), (-170.90492, 106.35937, -491.57538), (-169.01128, 109.94625, -479.72574), (-186.70445, 106.78394, -489.0505), (-184.8108, 110.31029, -477.20087), (-202.50398, 106.61878, -486.52563), (-200.61034, 109.96649, -474.676), (-218.30351, 104.39389, -484.0008), (-216.40987, 107.73649, -472.15112), (-234.10304, 101.376236, -481.47592), (-232.2094, 104.969894, -469.62628), (-249.90257, 99.64383, -478.95105), (-248.00893, 103.18508, -467.1014)]
                    texCoord2f[] primvars:st = [(0, 0), (1, 0), (0, 0.09959283), (1, 0.09959283), (0, 0.19918565), (1, 0.19918565), (0, 0.2989947), (1, 0.2989947), (0, 0.39870107), (1, 0.39870107), (0, 0.49885735), (1, 0.49885735), (0, 0.59847474), (1, 0.59847474), (0, 0.69808173), (1, 0.69808173), (0, 0.7986283), (1, 0.7986283), (0, 0.89983165), (1, 0.89983165), (0, 1), (1, 1)] (
                        interpolation = "vertex"
                    )
                    uniform token subdivisionScheme = "none"
                }

                def Mesh "Highway_18" (
                    prepend apiSchemas = ["MaterialBindingAPI"]
                )
                {
                    float3[] extent = [(-606.8631, 81.8796, 93.626205), (-512.65344, 92.01512, 236.1046)]
                    int[] faceVertexCounts = [4, 4, 4, 4, 4, 4, 4, 4, 4, 4]
                    int[] faceVertexIndices = [0, 2, 3, 1, 2, 4, 5, 3, 4, 6, 7, 5, 6, 8, 9, 7, 8, 10, 11, 9, 10, 12, 13, 11, 12, 14, 15, 13, 14, 16, 17, 15, 16, 18, 19, 17, 18, 20, 21, 19]
                    rel material:binding = </Island/Town/Roads/Ribbon/RoadMaterial>
                    point3f[] points = [(-512.65344, 86.11732, 229.80487), (-522.8668, 81.8796, 236.1046), (-521.05304, 90.068054, 216.18701), (-531.2665, 86.87703, 222.48672), (-529.4527, 90.10631, 202.56914), (-539.6661, 86.69062, 208.86887), (-537.8523, 89.64083, 188.95128), (-548.06573, 89.64083, 195.25099), (-546.25195, 92.01512, 175.3334), (-556.46533, 88.2577, 181.63313), (-554.65155, 91.865326, 161.71555), (-564.865, 88.39626, 168.01526), (-563.0512, 91.2019, 148.09767), (-573.2646, 87.83303, 154.3974), (-571.4508, 89.3556, 134.47981), (-581.6642, 86.25141, 140.77953), (-579.85046, 87.26104, 120.86194), (-590.06384, 82.92028, 127.16166), (-588.25006, 87.37087, 107.24407), (-598.46344, 83.43439, 113.54379), (-596.6497, 85.52616, 93.626205), (-606.8631, 82.15683, 99.92593)]
                    texCoord2f[] primvars:st = [(0, 0), (1, 0), (0, 0.10327073), (1, 0.10327073), (0, 0.20268948), (1, 0.20268948), (0, 0.30210036), (1, 0.30210036), (0, 0.40151152), (1, 0.40151152), (0, 0.5008597), (1, 0.5008597), (0, 0.60028195), (1, 0.60028195), (0, 0.7001745), (1, 0.7001745), (0, 0.80083823), (1, 0.80083823), (0, 0.90019417), (1, 0.90019417), (0, 1), (1, 1)] (
                        interpolation = "vertex"
                    )
                    uniform token subdivisionScheme = "none"
                }

                def Mesh "Highway_19" (
                    prepend apiSchemas = ["MaterialBindingAPI"]
                )
                {
                    float3[] extent = [(-384.8396, 90.37817, -477.9958), (-245.59369, 103.393364, -378.40195)]
                    int[] faceVertexCounts = [4, 4, 4, 4, 4, 4, 4, 4, 4, 4]
                    int[] faceVertexIndices = [0, 2, 3, 1, 2, 4, 5, 3, 4, 6, 7, 5, 6, 8, 9, 7, 8, 10, 11, 9, 10, 12, 13, 11, 12, 14, 15, 13, 14, 16, 17, 15, 16, 18, 19, 17, 18, 20, 21, 19]
                    rel material:binding = </Island/Town/Roads/Ribbon/RoadMaterial>
                    point3f[] points = [(-252.3178, 99.68892, -477.9958), (-245.59369, 103.204956, -468.05667), (-265.56998, 100.85284, -469.03033), (-258.8459, 103.393364, -459.0912), (-278.82217, 98.32528, -460.06485), (-272.09805, 99.878136, -450.12573), (-292.07434, 97.65434, -451.0994), (-285.35025, 100.82004, -441.16025), (-305.32654, 99.72445, -442.1339), (-298.60242, 102.18441, -432.1948), (-318.5787, 99.47442, -433.16846), (-311.8546, 101.47711, -423.2293), (-331.8309, 93.943474, -424.20297), (-325.10678, 95.03085, -414.26382), (-345.08307, 90.37817, -415.23752), (-338.35898, 93.55289, -405.29837), (-358.33524, 93.45722, -406.27203), (-351.61115, 96.69183, -396.3329), (-371.58743, 93.62766, -397.30655), (-364.86334, 96.84505, -387.36743), (-384.8396, 91.97489, -388.3411), (-378.1155, 95.000374, -378.40195)]
                    texCoord2f[] primvars:st = [(0, 0), (1, 0), (0, 0.09878065), (1, 0.09878065), (0, 0.19919853), (1, 0.19919853), (0, 0.29790312), (1, 0.29790312), (0, 0.39716962), (1, 0.39716962), (0, 0.4959068), (1, 0.4959068), (0, 0.60184056), (1, 0.60184056), (0, 0.7015264), (1, 0.7015264), (0, 0.8019694), (1, 0.8019694), (0, 0.90068346), (1, 0.90068346), (0, 1), (1, 1)] (
                        interpolation = "vertex"
                    )
                    uniform token subdivisionScheme = "none"
                }

                def Mesh "Highway_20" (
                    prepend apiSchemas = ["MaterialBindingAPI"]
                )
                {
                    float3[] extent = [(-626.2907, 69.64618, -62.838627), (-595.79694, 85.710434, 97.472626)]
                    int[] faceVertexCounts = [4, 4, 4, 4, 4, 4, 4, 4, 4, 4]
                    int[] faceVertexIndices = [0, 2, 3, 1, 2, 4, 5, 3, 4, 6, 7, 5, 6, 8, 9, 7, 8, 10, 11, 9, 10, 12, 13, 11, 12, 14, 15, 13, 14, 16, 17, 15, 16, 18, 19, 17, 18, 20, 21, 19]
                    rel material:binding = </Island/Town/Roads/Ribbon/RoadMaterial>
                    point3f[] points = [(-595.79694, 85.710434, 96.079506), (-607.7158, 82.06458, 97.472626), (-597.6544, 85.47456, 80.1877), (-609.5733, 81.93866, 81.58081), (-599.5119, 84.607735, 64.29588), (-611.4308, 80.73345, 65.688995), (-601.36945, 83.47782, 48.404068), (-613.28827, 79.10216, 49.797184), (-603.2269, 82.41042, 32.512253), (-615.14575, 77.82783, 33.90537), (-605.0844, 80.27684, 16.62044), (-617.00323, 75.84323, 18.013556), (-606.9419, 73.8934, 0.7286262), (-618.8607, 69.64618, 2.121741), (-608.7994, 77.68436, -15.163188), (-620.7182, 72.78132, -13.770073), (-610.65686, 79.71884, -31.055), (-622.5757, 75.141464, -29.661886), (-612.51434, 78.99361, -46.946815), (-624.4332, 74.97882, -45.5537), (-614.3718, 76.69054, -62.838627), (-626.2907, 73.02439, -61.445515)]
                    texCoord2f[] primvars:st = [(0, 0), (1, 0), (0, 0.09869616), (1, 0.09869616), (0, 0.19759534), (1, 0.19759534), (0, 0.296655), (1, 0.296655), (0, 0.39560914), (1, 0.39560914), (0, 0.49512586), (1, 0.49512586), (0, 0.6011481), (1, 0.6011481), (0, 0.70207006), (1, 0.70207006), (0, 0.8017028), (1, 0.8017028), (0, 0.90042824), (1, 0.90042824), (0, 1), (1, 1)] (
                        interpolation = "vertex"
                    )
                    uniform token subdivisionScheme = "none"
                }

                def Mesh "Highway_21" (
                    prepend apiSchemas = ["MaterialBindingAPI"]
                )
                {
                    float3[] extent = [(-468.8407, 86.03599, -386.45462), (-376.3303, 97.72693, -243.02753)]
                    int[] faceVertexCounts = [4, 4, 4, 4, 4, 4, 4, 4, 4, 4]
                    int[] faceVertexIndices = [0, 2, 3, 1, 2, 4, 5, 3, 4, 6, 7, 5, 6, 8, 9, 7, 8, 10, 11, 9, 10, 12, 13, 11, 12, 14, 15, 13, 14, 16, 17, 15, 16, 18, 19, 17, 18, 20, 21, 19]
                    rel material:binding = </Island/Town/Roads/Ribbon/RoadMaterial>
                    point3f[] points = [(-386.62485, 91.63216, -386.45462), (-376.3303, 95.25111, -380.28842), (-394.84644, 90.10827, -372.72852), (-384.55185, 94.130066, -366.56235), (-403.06802, 88.3516, -359.00244), (-392.77344, 92.3038, -352.83624), (-411.2896, 86.03599, -345.27634), (-400.99503, 89.97623, -339.11017), (-419.51117, 88.58942, -331.55026), (-409.2166, 92.59064, -325.38406), (-427.73276, 88.58348, -317.82416), (-417.4382, 93.533104, -311.658), (-435.95435, 90.04235, -304.09808), (-425.6598, 94.54395, -297.9319), (-444.17593, 91.49076, -290.37198), (-433.88138, 97.237785, -284.20578), (-452.39752, 92.09021, -276.6459), (-442.10294, 97.72693, -270.4797), (-460.6191, 92.36738, -262.9198), (-450.32452, 97.613785, -256.7536), (-468.8407, 91.481834, -249.19371), (-458.5461, 96.33645, -243.02753)]
                    texCoord2f[] primvars:st = [(0, 0), (1, 0), (0, 0.09986605), (1, 0.09986605), (0, 0.20005368), (1, 0.20005368), (0, 0.30063644), (1, 0.30063644), (0, 0.40150744), (1, 0.40150744), (0, 0.5010679), (1, 0.5010679), (0, 0.60092753), (1, 0.60092753), (0, 0.7011914), (1, 0.7011914), (0, 0.8007604), (1, 0.8007604), (0, 0.9002802), (1, 0.9002802), (0, 1), (1, 1)] (
                        interpolation = "vertex"
                    )
                    uniform token subdivisionScheme = "none"
                }

                def Mesh "Highway_22" (
                    prepend apiSchemas = ["MaterialBindingAPI"]
                )
                {
                    float3[] extent = [(-601.121, 64.24618, -215.90816), (-564.30865, 70.87624, -135.41612)]
                    int[] faceVertexCounts = [4, 4, 4, 4, 4]
                    int[] faceVertexIndices = [0, 2, 3, 1, 2, 4, 5, 3, 4, 6, 7, 5, 6, 8, 9, 7, 8, 10, 11, 9]
                    rel material:binding = </Island/Town/Roads/Ribbon/RoadMaterial>
                    point3f[] points = [(-589.73004, 69.94689, -135.41612), (-601.121, 65.64429, -139.19066), (-584.64575, 68.12694, -150.75961), (-596.0367, 68.12694, -154.53415), (-579.56146, 68.4932, -166.10312), (-590.9524, 68.4932, -169.87766), (-574.47723, 70.87624, -181.44662), (-585.8681, 66.98903, -185.22116), (-569.39294, 69.16167, -196.79013), (-580.7838, 65.303375, -200.56467), (-564.30865, 68.04912, -212.13362), (-575.6995, 64.24618, -215.90816)]
                    texCoord2f[] primvars:st = [(0, 0), (1, 0), (0, 0.19971202), (1, 0.19971202), (0, 0.39942423), (1, 0.39942423), (0, 0.5991364), (1, 0.5991364), (0, 0.79990315), (1, 0.79990315), (0, 1), (1, 1)] (
                        interpolation = "vertex"
                    )
                    uniform token subdivisionScheme = "none"
                }

                def Mesh "Highway_23" (
                    prepend apiSchemas = ["MaterialBindingAPI"]
                )
                {
                    float3[] extent = [(-551.0565, 87.345436, -249.19371), (-458.5461, 97.55605, -105.76662)]
                    int[] faceVertexCounts = [4, 4, 4, 4, 4, 4, 4, 4, 4, 4]
                    int[] faceVertexIndices = [0, 2, 3, 1, 2, 4, 5, 3, 4, 6, 7, 5, 6, 8, 9, 7, 8, 10, 11, 9, 10, 12, 13, 11, 12, 14, 15, 13, 14, 16, 17, 15, 16, 18, 19, 17, 18, 20, 21, 19]
                    rel material:binding = </Island/Town/Roads/Ribbon/RoadMaterial>
                    point3f[] points = [(-468.8407, 91.481834, -249.19371), (-458.5461, 96.33645, -243.02753), (-477.06226, 88.529945, -235.46762), (-466.7677, 93.19025, -229.30144), (-485.28384, 87.345436, -221.74153), (-474.9893, 92.07633, -215.57535), (-493.50543, 89.66543, -208.01544), (-483.21088, 94.054695, -201.84926), (-501.72702, 88.32736, -194.28935), (-491.43246, 93.18103, -188.12317), (-509.9486, 92.26795, -180.56326), (-499.65402, 96.53302, -174.39706), (-518.17017, 93.28456, -166.83717), (-507.8756, 97.55605, -160.67097), (-526.3918, 90.49552, -153.11108), (-516.0972, 94.131935, -146.94489), (-534.61334, 91.26076, -139.385), (-524.3188, 91.26076, -133.2188), (-542.83496, 87.70499, -125.6589), (-532.54034, 92.90511, -119.49271), (-551.0565, 87.38562, -111.93281), (-540.76196, 92.522125, -105.76662)]
                    texCoord2f[] primvars:st = [(0, 0), (1, 0), (0, 0.10091458), (1, 0.10091458), (0, 0.2002832), (1, 0.2002832), (0, 0.3002676), (1, 0.3002676), (0, 0.39968202), (1, 0.39968202), (0, 0.50159085), (1, 0.50159085), (0, 0.6009226), (1, 0.6009226), (0, 0.7023676), (1, 0.7023676), (0, 0.80159134), (1, 0.80159134), (0, 0.9008153), (1, 0.9008153), (0, 1), (1, 1)] (
                        interpolation = "vertex"
                    )
                    uniform token subdivisionScheme = "none"
                }

                def Mesh "Highway_24" (
                    prepend apiSchemas = ["MaterialBindingAPI"]
                )
                {
                    float3[] extent = [(655.9426, 43.342964, 172.94737), (663.1579, 47.452698, 184.94737)]
                    int[] faceVertexCounts = [4]
                    int[] faceVertexIndices = [0, 2, 3, 1]
                    rel material:binding = </Island/Town/Roads/Ribbon/RoadMaterial>
                    point3f[] points = [(663.1579, 43.342964, 172.94737), (663.1579, 44.868134, 184.94737), (655.9426, 45.814747, 172.94737), (655.9426, 47.452698, 184.94737)]
                    texCoord2f[] primvars:st = [(0, 0), (1, 0), (0, 1), (1, 1)] (
                        interpolation = "vertex"
                    )
                    uniform token subdivisionScheme = "none"
                }

                def Mesh "Highway_25" (
                    prepend apiSchemas = ["MaterialBindingAPI"]
                )
                {
                    float3[] extent = [(-527.76746, 66.56499, -348.52667), (-473.31696, 72.21905, -277.91885)]
                    int[] faceVertexCounts = [4, 4, 4, 4, 4]
                    int[] faceVertexIndices = [0, 2, 3, 1, 2, 4, 5, 3, 4, 6, 7, 5, 6, 8, 9, 7, 8, 10, 11, 9]
                    rel material:binding = </Island/Town/Roads/Ribbon/RoadMaterial>
                    point3f[] points = [(-517.9376, 70.903015, -277.91885), (-527.76746, 66.56499, -284.80176), (-509.0135, 71.64594, -290.66382), (-518.8433, 67.43588, -297.54675), (-500.08936, 72.0058, -303.4088), (-509.9192, 68.39708, -310.29172), (-491.16522, 71.9944, -316.1538), (-500.99506, 68.27677, -323.0367), (-482.2411, 72.21905, -328.89877), (-492.07092, 68.40195, -335.7817), (-473.31696, 71.15459, -341.64377), (-483.1468, 67.31344, -348.52667)]
                    texCoord2f[] primvars:st = [(0, 0), (1, 0), (0, 0.20007162), (1, 0.20007162), (0, 0.40005088), (1, 0.40005088), (0, 0.59986085), (1, 0.59986085), (0, 0.7996854), (1, 0.7996854), (0, 1), (1, 1)] (
                        interpolation = "vertex"
                    )
                    uniform token subdivisionScheme = "none"
                }

                def Mesh "Highway_26" (
                    prepend apiSchemas = ["MaterialBindingAPI"]
                )
                {
                    float3[] extent = [(-431.816, 66.047165, -490.75925), (-401.0622, 71.043, -445.4902)]
                    int[] faceVertexCounts = [4, 4, 4]
                    int[] faceVertexIndices = [0, 2, 3, 1, 2, 4, 5, 3, 4, 6, 7, 5]
                    rel material:binding = </Island/Town/Roads/Ribbon/RoadMaterial>
                    point3f[] points = [(-421.0924, 71.043, -445.4902), (-431.816, 66.9437, -450.8758), (-414.41568, 70.62807, -458.7847), (-425.13928, 66.93787, -464.1703), (-407.73895, 68.68482, -472.07916), (-418.46252, 68.68482, -477.46475), (-401.0622, 70.29233, -485.37366), (-411.7858, 66.047165, -490.75925)]
                    texCoord2f[] primvars:st = [(0, 0), (1, 0), (0, 0.33320367), (1, 0.33320367), (0, 0.666602), (1, 0.666602), (0, 1), (1, 1)] (
                        interpolation = "vertex"
                    )
                    uniform token subdivisionScheme = "none"
                }

                def Mesh "Highway_27" (
                    prepend apiSchemas = ["MaterialBindingAPI"]
                )
                {
                    float3[] extent = [(-483.59366, 66.9437, -450.8758), (-421.0924, 76.02733, -342.39243)]
                    int[] faceVertexCounts = [4, 4, 4, 4, 4, 4, 4]
                    int[] faceVertexIndices = [0, 2, 3, 1, 2, 4, 5, 3, 4, 6, 7, 5, 6, 8, 9, 7, 8, 10, 11, 9, 10, 12, 13, 11, 12, 14, 15, 13]
                    rel material:binding = </Island/Town/Roads/Ribbon/RoadMaterial>
                    point3f[] points = [(-472.87006, 71.01365, -342.39243), (-483.59366, 67.49898, -347.778), (-465.47327, 71.44271, -357.12067), (-476.19684, 67.435165, -362.50626), (-458.07645, 70.07946, -371.84894), (-468.80005, 70.07946, -377.23453), (-450.67966, 72.18887, -386.57718), (-461.40323, 69.81352, -391.96277), (-443.28284, 76.02733, -401.30545), (-454.00644, 72.99004, -406.69104), (-435.88605, 75.4575, -416.0337), (-446.60962, 71.780876, -421.41928), (-428.48923, 73.54074, -430.76196), (-439.21283, 69.5657, -436.14755), (-421.0924, 71.043, -445.4902), (-431.816, 66.9437, -450.8758)]
                    texCoord2f[] primvars:st = [(0, 0), (1, 0), (0, 0.14184642), (1, 0.14184642), (0, 0.28379783), (1, 0.28379783), (0, 0.4257496), (1, 0.4257496), (0, 0.57140917), (1, 0.57140917), (0, 0.71348244), (1, 0.71348244), (0, 0.8564581), (1, 0.8564581), (0, 1), (1, 1)] (
                        interpolation = "vertex"
                    )
                    uniform token subdivisionScheme = "none"
                }

                def Mesh "Highway_28" (
                    prepend apiSchemas = ["MaterialBindingAPI"]
                )
                {
                    float3[] extent = [(663.1579, 15.886758, 172.94737), (748.7121, 44.868134, 184.94737)]
                    int[] faceVertexCounts = [4, 4, 4, 4, 4, 4]
                    int[] faceVertexIndices = [0, 2, 3, 1, 2, 4, 5, 3, 4, 6, 7, 5, 6, 8, 9, 7, 8, 10, 11, 9, 10, 12, 13, 11]
                    rel material:binding = </Island/Town/Roads/Ribbon/RoadMaterial>
                    point3f[] points = [(663.1579, 44.868134, 184.94737), (663.1579, 43.342964, 172.94737), (677.41693, 39.992493, 184.94737), (677.41693, 38.44455, 172.94737), (691.67596, 35.36798, 184.94737), (691.67596, 33.756695, 172.94737), (705.935, 30.781342, 184.94737), (705.935, 29.169483, 172.94737), (720.19403, 26.089863, 184.94737), (720.19403, 24.555265, 172.94737), (734.45306, 21.55877, 184.94737), (734.45306, 20.023104, 172.94737), (748.7121, 17.785856, 184.94737), (748.7121, 15.886758, 172.94737)]
                    texCoord2f[] primvars:st = [(0, 0), (1, 0), (0, 0.16799879), (1, 0.16799879), (0, 0.3349779), (1, 0.3349779), (0, 0.5016396), (1, 0.5016396), (0, 0.6686248), (1, 0.6686248), (0, 0.8352338), (1, 0.8352338), (0, 1), (1, 1)] (
                        interpolation = "vertex"
                    )
                    uniform token subdivisionScheme = "none"
                }

                def Mesh "Highway_29" (
                    prepend apiSchemas = ["MaterialBindingAPI"]
                )
                {
                    float3[] extent = [(-574.919, 62.376244, -284.80176), (-517.9376, 70.903015, -210.57944)]
                    int[] faceVertexCounts = [4, 4, 4, 4, 4]
                    int[] faceVertexIndices = [0, 2, 3, 1, 2, 4, 5, 3, 4, 6, 7, 5, 6, 8, 9, 7, 8, 10, 11, 9]
                    rel material:binding = </Island/Town/Roads/Ribbon/RoadMaterial>
                    point3f[] points = [(-565.0892, 68.076805, -210.57944), (-574.919, 64.19791, -217.46236), (-555.6589, 67.398605, -224.04732), (-565.4887, 63.221664, -230.93024), (-546.2286, 68.01414, -237.5152), (-556.0584, 64.04508, -244.39812), (-536.7982, 69.456116, -250.98308), (-546.62805, 65.42918, -257.866), (-527.3679, 66.8952, -264.45096), (-537.19775, 62.376244, -271.3339), (-517.9376, 70.903015, -277.91885), (-527.76746, 66.56499, -284.80176)]
                    texCoord2f[] primvars:st = [(0, 0), (1, 0), (0, 0.19836456), (1, 0.19836456), (0, 0.39666948), (1, 0.39666948), (0, 0.595582), (1, 0.595582), (0, 0.7962684), (1, 0.7962684), (0, 1), (1, 1)] (
                        interpolation = "vertex"
                    )
                    uniform token subdivisionScheme = "none"
                }

                def Mesh "Highway_30" (
                    prepend apiSchemas = ["MaterialBindingAPI"]
                )
                {
                    float3[] extent = [(39.75666, 102.31642, -529.4483), (67.98163, 114.16844, -513.39075)]
                    int[] faceVertexCounts = [4, 4]
                    int[] faceVertexIndices = [0, 2, 3, 1, 2, 4, 5, 3]
                    rel material:binding = </Island/Town/Roads/Ribbon/RoadMaterial>
                    point3f[] points = [(66.08798, 102.31642, -529.4483), (67.98163, 105.103264, -517.59863), (52.92232, 107.69403, -527.34436), (54.81597, 111.955536, -515.4947), (39.75666, 109.44987, -525.2404), (41.650307, 114.16844, -513.39075)]
                    texCoord2f[] primvars:st = [(0, 0), (1, 0), (0, 0.5209933), (1, 0.5209933), (0, 1), (1, 1)] (
                        interpolation = "vertex"
                    )
                    uniform token subdivisionScheme = "none"
                }

                def Mesh "Highway_31" (
                    prepend apiSchemas = ["MaterialBindingAPI"]
                )
                {
                    float3[] extent = [(-231.21388, 87.57681, 509.96097), (-166.69492, 98.0105, 548.5575)]
                    int[] faceVertexCounts = [4, 4, 4, 4]
                    int[] faceVertexIndices = [0, 2, 3, 1, 2, 4, 5, 3, 4, 6, 7, 5, 6, 8, 9, 7]
                    rel material:binding = </Island/Town/Roads/Ribbon/RoadMaterial>
                    point3f[] points = [(-166.69492, 98.0105, 537.6818), (-171.76634, 94.82749, 548.5575), (-181.55681, 96.79616, 530.7516), (-186.62822, 93.78748, 541.6273), (-196.41869, 95.37882, 523.8214), (-201.49011, 92.45023, 534.6971), (-211.28058, 94.54359, 516.8912), (-216.35199, 91.77552, 527.76685), (-226.14246, 89.92394, 509.96097), (-231.21388, 87.57681, 520.8367)]
                    texCoord2f[] primvars:st = [(0, 0), (1, 0), (0, 0.24788716), (1, 0.24788716), (0, 0.4960586), (1, 0.4960586), (0, 0.74357235), (1, 0.74357235), (0, 1), (1, 1)] (
                        interpolation = "vertex"
                    )
                    uniform token subdivisionScheme = "none"
                }

                def Mesh "Highway_32" (
                    prepend apiSchemas = ["MaterialBindingAPI"]
                )
                {
                    float3[] extent = [(-626.02673, 65.64429, -139.19066), (-589.73004, 77.334854, -60.254803)]
                    int[] faceVertexCounts = [4, 4, 4, 4, 4]
                    int[] faceVertexIndices = [0, 2, 3, 1, 2, 4, 5, 3, 4, 6, 7, 5, 6, 8, 9, 7, 8, 10, 11, 9]
                    rel material:binding = </Island/Town/Roads/Ribbon/RoadMaterial>
                    point3f[] points = [(-614.6358, 76.91416, -60.254803), (-626.02673, 72.801254, -64.02934), (-609.65466, 76.63554, -75.28706), (-621.04553, 72.41659, -79.0616), (-604.6735, 77.334854, -90.31933), (-616.0644, 73.11166, -94.093864), (-599.6923, 75.93085, -105.35159), (-611.08325, 71.88251, -109.12613), (-594.7112, 73.10757, -120.38386), (-606.1021, 69.66811, -124.158394), (-589.73004, 69.94689, -135.41612), (-601.121, 65.64429, -139.19066)]
                    texCoord2f[] primvars:st = [(0, 0), (1, 0), (0, 0.19833), (1, 0.19833), (0, 0.39681354), (1, 0.39681354), (0, 0.5957777), (1, 0.5957777), (0, 0.7964362), (1, 0.7964362), (0, 1), (1, 1)] (
                        interpolation = "vertex"
                    )
                    uniform token subdivisionScheme = "none"
                }

                def Mesh "Highway_33" (
                    prepend apiSchemas = ["MaterialBindingAPI"]
                )
                {
                    float3[] extent = [(-327.14645, 87.07502, 463.0824), (-310.2511, 88.97419, 479.98288)]
                    int[] faceVertexCounts = [4]
                    int[] faceVertexIndices = [0, 2, 3, 1]
                    rel material:binding = </Island/Town/Roads/Ribbon/RoadMaterial>
                    point3f[] points = [(-310.2511, 87.07502, 471.0186), (-318.22864, 87.07502, 479.98288), (-319.1689, 88.97419, 463.0824), (-327.14645, 88.97419, 472.0467)]
                    texCoord2f[] primvars:st = [(0, 0), (1, 0), (0, 1), (1, 1)] (
                        interpolation = "vertex"
                    )
                    uniform token subdivisionScheme = "none"
                }

                def Mesh "Highway_34" (
                    prepend apiSchemas = ["MaterialBindingAPI"]
                )
                {
                    float3[] extent = [(-401.5691, 80.20545, 396.8519), (-319.1689, 89.45307, 472.0467)]
                    int[] faceVertexCounts = [4, 4, 4, 4, 4, 4]
                    int[] faceVertexIndices = [0, 2, 3, 1, 2, 4, 5, 3, 4, 6, 7, 5, 6, 8, 9, 7, 8, 10, 11, 9, 10, 12, 13, 11]
                    rel material:binding = </Island/Town/Roads/Ribbon/RoadMaterial>
                    point3f[] points = [(-319.1689, 88.97419, 463.0824), (-327.14645, 88.97419, 472.0467), (-331.5727, 89.45307, 452.04398), (-339.55023, 86.88749, 461.0083), (-343.97644, 85.37376, 441.00555), (-351.954, 83.48276, 449.96988), (-356.38022, 84.418816, 429.96716), (-364.3578, 84.418816, 438.93146), (-368.784, 85.92859, 418.92874), (-376.76154, 82.80709, 427.89304), (-381.18777, 85.691574, 407.89032), (-389.1653, 82.61679, 416.8546), (-393.59152, 83.831955, 396.8519), (-401.5691, 80.20545, 405.8162)]
                    texCoord2f[] primvars:st = [(0, 0), (1, 0), (0, 0.1658262), (1, 0.1658262), (0, 0.3358793), (1, 0.3358793), (0, 0.50158113), (1, 0.50158113), (0, 0.6672832), (1, 0.6672832), (0, 0.8329951), (1, 0.8329951), (0, 1), (1, 1)] (
                        interpolation = "vertex"
                    )
                    uniform token subdivisionScheme = "none"
                }

                def Mesh "Highway_35" (
                    prepend apiSchemas = ["MaterialBindingAPI"]
                )
                {
                    float3[] extent = [(-501.9781, 82.329094, 263.67072), (-428.6572, 90.05235, 372.28326)]
                    int[] faceVertexCounts = [4, 4, 4, 4, 4, 4, 4, 4]
                    int[] faceVertexIndices = [0, 2, 3, 1, 2, 4, 5, 3, 4, 6, 7, 5, 6, 8, 9, 7, 8, 10, 11, 9, 10, 12, 13, 11, 12, 14, 15, 13, 14, 16, 17, 15]
                    rel material:binding = </Island/Town/Roads/Ribbon/RoadMaterial>
                    point3f[] points = [(-428.6572, 86.18349, 365.98355), (-438.87057, 82.76671, 372.28326), (-436.54562, 84.427666, 353.19443), (-446.75903, 84.427666, 359.49417), (-444.43405, 84.34147, 340.40533), (-454.64746, 84.34147, 346.70505), (-452.32248, 85.857544, 327.61624), (-462.5359, 82.64596, 333.91595), (-460.21094, 88.36166, 314.82712), (-470.42432, 84.78036, 321.12683), (-468.09937, 89.71499, 302.03802), (-478.31277, 85.83516, 308.33774), (-475.9878, 90.05235, 289.24893), (-486.2012, 86.3125, 295.54865), (-483.87625, 86.468346, 276.4598), (-494.08963, 82.329094, 282.75952), (-491.76468, 89.43163, 263.67072), (-501.9781, 86.442444, 269.97043)]
                    texCoord2f[] primvars:st = [(0, 0), (1, 0), (0, 0.1238474), (1, 0.1238474), (0, 0.24769492), (1, 0.24769492), (0, 0.37154254), (1, 0.37154254), (0, 0.49687064), (1, 0.49687064), (0, 0.62110204), (1, 0.62110204), (0, 0.7449873), (1, 0.7449873), (0, 0.8726624), (1, 0.8726624), (0, 1), (1, 1)] (
                        interpolation = "vertex"
                    )
                    uniform token subdivisionScheme = "none"
                }

                def Mesh "Street_0" (
                    prepend apiSchemas = ["MaterialBindingAPI"]
                )
                {
                    float3[] extent = [(355.44608, 100.80981, 245.26396), (399.92108, 129.59564, 328.94604)]
                    int[] faceVertexCounts = [4, 4, 4, 4, 4, 4]
                    int[] faceVertexIndices = [0, 2, 3, 1, 2, 4, 5, 3, 4, 6, 7, 5, 6, 8, 9, 7, 8, 10, 11, 9, 10, 12, 13, 11]
                    rel material:binding = </Island/Town/Roads/Ribbon/RoadMaterial>
                    point3f[] points = [(355.44608, 129.59564, 247.86862), (360.85123, 127.861465, 245.26396), (361.9577, 123.713684, 261.38153), (367.36288, 121.6649, 258.77686), (368.46936, 117.894165, 274.8944), (373.8745, 116.24076, 272.28976), (374.981, 112.78731, 288.40732), (380.38614, 111.282585, 285.80267), (381.49265, 108.68199, 301.92023), (386.8978, 107.06557, 299.31558), (388.00427, 105.80078, 315.43314), (393.40942, 103.92513, 312.82846), (394.51593, 102.24423, 328.94604), (399.92108, 100.80981, 326.34137)]
                    texCoord2f[] primvars:st = [(0, 0), (1, 0), (0, 0.17106578), (1, 0.17106578), (0, 0.3411647), (1, 0.3411647), (0, 0.5091911), (1, 0.5091911), (0, 0.6744906), (1, 0.6744906), (0, 0.8369013), (1, 0.8369013), (0, 1), (1, 1)] (
                        interpolation = "vertex"
                    )
                    uniform token subdivisionScheme = "none"
                }

                def Mesh "Street_1" (
                    prepend apiSchemas = ["MaterialBindingAPI"]
                )
                {
                    float3[] extent = [(415.6801, 108.82268, 12.42774), (505.84653, 142.97734, 21.965694)]
                    int[] faceVertexCounts = [4, 4, 4, 4, 4, 4]
                    int[] faceVertexIndices = [0, 2, 3, 1, 2, 4, 5, 3, 4, 6, 7, 5, 6, 8, 9, 7, 8, 10, 11, 9, 10, 12, 13, 11]
                    rel material:binding = </Island/Town/Roads/Ribbon/RoadMaterial>
                    point3f[] points = [(505.84653, 108.82268, 15.970344), (505.61035, 109.02348, 21.965694), (490.85815, 113.75676, 15.37991), (490.62198, 114.11258, 21.37526), (475.86978, 119.50962, 14.789476), (475.6336, 119.82441, 20.784826), (460.8814, 125.628105, 14.199042), (460.64523, 125.79563, 20.194393), (445.89304, 131.65729, 13.608608), (445.65686, 131.69427, 19.603958), (430.90466, 137.4935, 13.018174), (430.6685, 137.5553, 19.013525), (415.9163, 142.79573, 12.42774), (415.6801, 142.97734, 18.42309)]
                    texCoord2f[] primvars:st = [(0, 0), (1, 0), (0, 0.16438669), (1, 0.16438669), (0, 0.33128712), (1, 0.33128712), (0, 0.49938524), (1, 0.49938524), (0, 0.6671402), (1, 0.6671402), (0, 0.8344478), (1, 0.8344478), (0, 1), (1, 1)] (
                        interpolation = "vertex"
                    )
                    uniform token subdivisionScheme = "none"
                }

                def Mesh "Street_2" (
                    prepend apiSchemas = ["MaterialBindingAPI"]
                )
                {
                    float3[] extent = [(175.30989, 126.80982, 284.82632), (240.82698, 155.31067, 354.9707)]
                    int[] faceVertexCounts = [4, 4, 4, 4, 4, 4]
                    int[] faceVertexIndices = [0, 2, 3, 1, 2, 4, 5, 3, 4, 6, 7, 5, 6, 8, 9, 7, 8, 10, 11, 9, 10, 12, 13, 11]
                    rel material:binding = </Island/Town/Roads/Ribbon/RoadMaterial>
                    point3f[] points = [(240.82698, 129.7243, 350.89655), (236.4223, 126.80982, 354.9707), (230.64157, 134.78104, 339.88486), (226.2369, 132.5714, 343.959), (220.45618, 139.61548, 328.87314), (216.0515, 138.37894, 332.9473), (210.27078, 144.04524, 317.86145), (205.86609, 143.50414, 321.9356), (200.08537, 148.11261, 306.84973), (195.6807, 147.9071, 310.9239), (189.89998, 151.88301, 295.83804), (185.4953, 151.76671, 299.9122), (179.71458, 155.31067, 284.82632), (175.30989, 155.22827, 288.90048)]
                    texCoord2f[] primvars:st = [(0, 0), (1, 0), (0, 0.16957325), (1, 0.16957325), (0, 0.33885628), (1, 0.33885628), (0, 0.5061761), (1, 0.5061761), (0, 0.6718805), (1, 0.6718805), (0, 0.8364216), (1, 0.8364216), (0, 1), (1, 1)] (
                        interpolation = "vertex"
                    )
                    uniform token subdivisionScheme = "none"
                }

                def Mesh "Street_3" (
                    prepend apiSchemas = ["MaterialBindingAPI"]
                )
                {
                    float3[] extent = [(508.25095, 76.78084, -144.01094), (598.3355, 105.792496, -136.57036)]
                    int[] faceVertexCounts = [4, 4, 4, 4, 4, 4]
                    int[] faceVertexIndices = [0, 2, 3, 1, 2, 4, 5, 3, 4, 6, 7, 5, 6, 8, 9, 7, 8, 10, 11, 9, 10, 12, 13, 11]
                    rel material:binding = </Island/Town/Roads/Ribbon/RoadMaterial>
                    point3f[] points = [(508.25095, 105.792496, -138.01172), (508.34705, 104.98743, -144.01094), (523.249, 100.847084, -137.77148), (523.3451, 100.3164, -143.77072), (538.24713, 96.31763, -137.53127), (538.3432, 95.987175, -143.53049), (553.2452, 91.82698, -137.29103), (553.34125, 91.697975, -143.29027), (568.2433, 87.064766, -137.05081), (568.33936, 87.13197, -143.05003), (583.24133, 82.116165, -136.81058), (583.3374, 82.345764, -142.80981), (598.23944, 76.78084, -136.57036), (598.3355, 77.15857, -142.56958)]
                    texCoord2f[] primvars:st = [(0, 0), (1, 0), (0, 0.16688225), (1, 0.16688225), (0, 0.33256835), (1, 0.33256835), (0, 0.49813262), (1, 0.49813262), (0, 0.6645427), (1, 0.6645427), (0, 0.8315984), (1, 0.8315984), (0, 1), (1, 1)] (
                        interpolation = "vertex"
                    )
                    uniform token subdivisionScheme = "none"
                }

                def Mesh "Street_4" (
                    prepend apiSchemas = ["MaterialBindingAPI"]
                )
                {
                    float3[] extent = [(394.25595, 82.21201, 327.1712), (414.3563, 102.47302, 416.9929)]
                    int[] faceVertexCounts = [4, 4, 4, 4, 4, 4]
                    int[] faceVertexIndices = [0, 2, 3, 1, 2, 4, 5, 3, 4, 6, 7, 5, 6, 8, 9, 7, 8, 10, 11, 9, 10, 12, 13, 11]
                    rel material:binding = </Island/Town/Roads/Ribbon/RoadMaterial>
                    point3f[] points = [(394.25595, 102.47302, 328.1162), (400.18106, 100.61058, 327.1712), (396.61847, 98.74555, 342.929), (402.54358, 97.09637, 341.98398), (398.98102, 94.88578, 357.74176), (404.90613, 93.428635, 356.79675), (401.34357, 91.102066, 372.55453), (407.26868, 89.64191, 371.60953), (403.70612, 88.717026, 387.36734), (409.63123, 86.89876, 386.4223), (406.06863, 87.11567, 402.1801), (411.99374, 85.3843, 401.23508), (408.43118, 82.21201, 416.9929), (414.3563, 82.98565, 416.04785)]
                    texCoord2f[] primvars:st = [(0, 0), (1, 0), (0, 0.16762556), (1, 0.16762556), (0, 0.33560348), (1, 0.33560348), (0, 0.5037057), (1, 0.5037057), (0, 0.668969), (1, 0.668969), (0, 0.8327218), (1, 0.8327218), (0, 1), (1, 1)] (
                        interpolation = "vertex"
                    )
                    uniform token subdivisionScheme = "none"
                }

                def Mesh "Street_5" (
                    prepend apiSchemas = ["MaterialBindingAPI"]
                )
                {
                    float3[] extent = [(597.0633, 40.842445, -179.0333), (681.678, 77.620384, -136.83109)]
                    int[] faceVertexCounts = [4, 4, 4, 4, 4, 4]
                    int[] faceVertexIndices = [0, 2, 3, 1, 2, 4, 5, 3, 4, 6, 7, 5, 6, 8, 9, 7, 8, 10, 11, 9, 10, 12, 13, 11]
                    rel material:binding = </Island/Town/Roads/Ribbon/RoadMaterial>
                    point3f[] points = [(599.5116, 76.312485, -136.83109), (597.0633, 77.620384, -142.30885), (613.206, 70.97539, -142.95183), (610.7577, 72.426155, -148.4296), (626.9004, 64.597404, -149.07257), (624.4521, 66.21498, -154.55034), (640.5948, 57.73753, -155.19331), (638.1465, 59.422466, -160.67107), (654.2892, 51.420845, -161.31406), (651.8409, 53.016815, -166.79181), (667.9836, 45.888805, -167.4348), (665.5353, 47.416836, -172.91255), (681.678, 40.842445, -173.55554), (679.2297, 42.356895, -179.0333)]
                    texCoord2f[] primvars:st = [(0, 0), (1, 0), (0, 0.16428535), (1, 0.16428535), (0, 0.33240741), (1, 0.33240741), (0, 0.5027528), (1, 0.5027528), (0, 0.67111427), (1, 0.67111427), (0, 0.83644664), (1, 0.83644664), (0, 1), (1, 1)] (
                        interpolation = "vertex"
                    )
                    uniform token subdivisionScheme = "none"
                }

                def Mesh "Street_6" (
                    prepend apiSchemas = ["MaterialBindingAPI"]
                )
                {
                    float3[] extent = [(595.29034, 65.166214, -229.61513), (605.2135, 78.37317, -139.43901)]
                    int[] faceVertexCounts = [4, 4, 4, 4, 4, 4]
                    int[] faceVertexIndices = [0, 2, 3, 1, 2, 4, 5, 3, 4, 6, 7, 5, 6, 8, 9, 7, 8, 10, 11, 9, 10, 12, 13, 11]
                    rel material:binding = </Island/Town/Roads/Ribbon/RoadMaterial>
                    point3f[] points = [(601.2846, 75.81904, -139.43901), (595.29034, 78.11137, -139.70093), (601.9394, 76.23024, -154.42471), (595.9451, 78.37317, -154.68663), (602.59424, 75.449135, -169.4104), (596.6, 77.29777, -169.67233), (603.249, 73.18417, -184.3961), (597.25476, 74.960976, -184.65804), (603.9039, 70.764084, -199.3818), (597.9096, 72.67918, -199.64374), (604.55865, 69.20878, -214.36751), (598.5644, 70.87702, -214.62944), (605.2135, 65.166214, -229.35321), (599.21924, 65.52616, -229.61513)]
                    texCoord2f[] primvars:st = [(0, 0), (1, 0), (0, 0.16447361), (1, 0.16447361), (0, 0.3292287), (1, 0.3292287), (0, 0.49561065), (1, 0.49561065), (0, 0.66204077), (1, 0.66204077), (0, 0.8274704), (1, 0.8274704), (0, 1), (1, 1)] (
                        interpolation = "vertex"
                    )
                    uniform token subdivisionScheme = "none"
                }

                def Mesh "Street_7" (
                    prepend apiSchemas = ["MaterialBindingAPI"]
                )
                {
                    float3[] extent = [(383.7953, 72.54954, 415.6966), (414.2784, 83.001175, 503.8845)]
                    int[] faceVertexCounts = [4, 4, 4, 4, 4, 4]
                    int[] faceVertexIndices = [0, 2, 3, 1, 2, 4, 5, 3, 4, 6, 7, 5, 6, 8, 9, 7, 8, 10, 11, 9, 10, 12, 13, 11]
                    rel material:binding = </Island/Town/Roads/Ribbon/RoadMaterial>
                    point3f[] points = [(408.50906, 83.001175, 415.6966), (414.2784, 82.52213, 417.34418), (404.3901, 81.356094, 430.11996), (410.15945, 81.356094, 431.76755), (400.27115, 80.92309, 444.54337), (406.0405, 78.881134, 446.19095), (396.15216, 79.25666, 458.96674), (401.92154, 77.77744, 460.61432), (392.0332, 77.47487, 473.39014), (397.80258, 75.92274, 475.03772), (387.91425, 76.07895, 487.81354), (393.6836, 74.38878, 489.46112), (383.7953, 73.68082, 502.2369), (389.56464, 72.54954, 503.8845)]
                    texCoord2f[] primvars:st = [(0, 0), (1, 0), (0, 0.16647713), (1, 0.16647713), (0, 0.3329546), (1, 0.3329546), (0, 0.49934763), (1, 0.49934763), (0, 0.66626155), (1, 0.66626155), (0, 0.83273053), (1, 0.83273053), (0, 1), (1, 1)] (
                        interpolation = "vertex"
                    )
                    uniform token subdivisionScheme = "none"
                }

                def Mesh "Street_8" (
                    prepend apiSchemas = ["MaterialBindingAPI"]
                )
                {
                    float3[] extent = [(410.92453, 59.6119, 399.48093), (500.75534, 83.98825, 419.48346)]
                    int[] faceVertexCounts = [4, 4, 4, 4, 4, 4]
                    int[] faceVertexIndices = [0, 2, 3, 1, 2, 4, 5, 3, 4, 6, 7, 5, 6, 8, 9, 7, 8, 10, 11, 9, 10, 12, 13, 11]
                    rel material:binding = </Island/Town/Roads/Ribbon/RoadMaterial>
                    point3f[] points = [(411.86295, 81.32892, 419.48346), (410.92453, 83.98825, 413.55728), (426.67834, 79.13343, 417.1374), (425.73993, 79.74024, 411.21124), (441.49374, 73.264404, 414.79132), (440.55533, 73.93977, 408.86517), (456.30914, 68.24708, 412.44528), (455.37073, 68.773735, 406.5191), (471.12454, 64.09074, 410.0992), (470.18613, 65.993164, 404.17303), (485.93994, 62.937035, 407.75314), (485.00153, 63.821056, 401.827), (500.75534, 59.6119, 405.40707), (499.81693, 60.17992, 399.48093)]
                    texCoord2f[] primvars:st = [(0, 0), (1, 0), (0, 0.16501251), (1, 0.16501251), (0, 0.33769387), (1, 0.33769387), (0, 0.50761104), (1, 0.50761104), (0, 0.6728015), (1, 0.6728015), (0, 0.83463514), (1, 0.83463514), (0, 1), (1, 1)] (
                        interpolation = "vertex"
                    )
                    uniform token subdivisionScheme = "none"
                }

                def Mesh "Street_9" (
                    prepend apiSchemas = ["MaterialBindingAPI"]
                )
                {
                    float3[] extent = [(678.1869, 26.915709, -246.268), (741.6684, 42.70773, -174.3295)]
                    int[] faceVertexCounts = [4, 4, 4, 4, 4, 4]
                    int[] faceVertexIndices = [0, 2, 3, 1, 2, 4, 5, 3, 4, 6, 7, 5, 6, 8, 9, 7, 8, 10, 11, 9, 10, 12, 13, 11]
                    rel material:binding = </Island/Town/Roads/Ribbon/RoadMaterial>
                    point3f[] points = [(682.7208, 40.50144, -174.3295), (678.1869, 42.70773, -178.25934), (692.5454, 37.713318, -185.66428), (688.0115, 39.821865, -189.59412), (702.37, 34.913334, -196.99905), (697.8361, 36.81809, -200.9289), (712.1946, 31.889008, -208.33383), (707.6607, 33.7963, -212.26367), (722.0192, 30.168924, -219.66861), (717.4853, 32.106003, -223.59845), (731.8438, 28.692753, -231.00339), (727.3099, 30.370386, -234.93323), (741.6684, 26.915709, -242.33817), (737.1345, 28.320456, -246.268)]
                    texCoord2f[] primvars:st = [(0, 0), (1, 0), (0, 0.16748665), (1, 0.16748665), (0, 0.3351028), (1, 0.3351028), (0, 0.5029998), (1, 0.5029998), (0, 0.6685982), (1, 0.6685982), (0, 0.8341054), (1, 0.8341054), (0, 1), (1, 1)] (
                        interpolation = "vertex"
                    )
                    uniform token subdivisionScheme = "none"
                }

                def Mesh "Street_10" (
                    prepend apiSchemas = ["MaterialBindingAPI"]
                )
                {
                    float3[] extent = [(577.28375, 61.64974, -317.482), (605.1251, 68.63012, -228.75005)]
                    int[] faceVertexCounts = [4, 4, 4, 4, 4, 4]
                    int[] faceVertexIndices = [0, 2, 3, 1, 2, 4, 5, 3, 4, 6, 7, 5, 6, 8, 9, 7, 8, 10, 11, 9, 10, 12, 13, 11]
                    rel material:binding = </Island/Town/Roads/Ribbon/RoadMaterial>
                    point3f[] points = [(605.1251, 64.734985, -230.21829), (599.30756, 66.0126, -228.75005), (601.4545, 63.470142, -244.76225), (595.6369, 66.114456, -243.29399), (597.7839, 65.760735, -259.30618), (591.9663, 67.6023, -257.83795), (594.1132, 66.19158, -273.85013), (588.29565, 68.1847, -272.3819), (590.44257, 66.56386, -288.39407), (584.625, 68.63012, -286.92584), (586.772, 61.64974, -302.93805), (580.95435, 63.710888, -301.4698), (583.1013, 64.26765, -317.482), (577.28375, 66.640236, -316.01373)]
                    texCoord2f[] primvars:st = [(0, 0), (1, 0), (0, 0.16467406), (1, 0.16467406), (0, 0.3305134), (1, 0.3305134), (0, 0.49520227), (1, 0.49520227), (0, 0.65985525), (1, 0.65985525), (0, 0.83289295), (1, 0.83289295), (0, 1), (1, 1)] (
                        interpolation = "vertex"
                    )
                    uniform token subdivisionScheme = "none"
                }

                def Mesh "Street_11" (
                    prepend apiSchemas = ["MaterialBindingAPI"]
                )
                {
                    float3[] extent = [(325.4419, 61.683144, 501.09497), (388.94623, 74.00098, 573.0141)]
                    int[] faceVertexCounts = [4, 4, 4, 4, 4, 4]
                    int[] faceVertexIndices = [0, 2, 3, 1, 2, 4, 5, 3, 4, 6, 7, 5, 6, 8, 9, 7, 8, 10, 11, 9, 10, 12, 13, 11]
                    rel material:binding = </Island/Town/Roads/Ribbon/RoadMaterial>
                    point3f[] points = [(384.4137, 74.00098, 501.09497), (388.94623, 72.31329, 505.02643), (374.58508, 68.489174, 512.4263), (379.11758, 66.62594, 516.3577), (364.75644, 73.39279, 523.75757), (369.28894, 71.78483, 527.689), (354.9278, 72.18585, 535.0888), (359.46033, 70.63791, 539.02026), (345.09918, 69.90565, 546.4201), (349.63168, 68.47955, 550.35156), (335.27054, 63.174942, 557.7514), (339.80304, 61.683144, 561.68286), (325.4419, 66.78187, 569.08264), (329.97443, 64.83755, 573.0141)]
                    texCoord2f[] primvars:st = [(0, 0), (1, 0), (0, 0.17035973), (1, 0.17035973), (0, 0.3388089), (1, 0.3388089), (0, 0.49866983), (1, 0.49866983), (0, 0.6597366), (1, 0.6597366), (0, 0.83587134), (1, 0.83587134), (0, 1), (1, 1)] (
                        interpolation = "vertex"
                    )
                    uniform token subdivisionScheme = "none"
                }

                def Mesh "Street_12" (
                    prepend apiSchemas = ["MaterialBindingAPI"]
                )
                {
                    float3[] extent = [(385.86493, 49.082527, 500.17355), (474.1099, 73.73789, 530.3991)]
                    int[] faceVertexCounts = [4, 4, 4, 4, 4, 4]
                    int[] faceVertexIndices = [0, 2, 3, 1, 2, 4, 5, 3, 4, 6, 7, 5, 6, 8, 9, 7, 8, 10, 11, 9, 10, 12, 13, 11]
                    rel material:binding = </Island/Town/Roads/Ribbon/RoadMaterial>
                    point3f[] points = [(385.86493, 72.10227, 505.94788), (387.495, 73.73789, 500.17355), (400.30075, 69.22254, 510.02307), (401.93082, 69.786285, 504.24875), (414.73654, 65.16232, 514.09827), (416.36664, 65.56213, 508.32397), (429.17236, 60.36482, 518.1735), (430.80243, 60.94426, 512.3992), (443.6082, 55.377117, 522.2487), (445.23825, 57.27578, 516.47437), (458.04398, 52.363754, 526.3239), (459.67407, 54.209072, 520.5496), (472.4798, 49.082527, 530.3991), (474.1099, 50.376236, 524.6248)]
                    texCoord2f[] primvars:st = [(0, 0), (1, 0), (0, 0.16589455), (1, 0.16589455), (0, 0.33312798), (1, 0.33312798), (0, 0.5023447), (1, 0.5023447), (0, 0.6700026), (1, 0.6700026), (0, 0.83423203), (1, 0.83423203), (0, 1), (1, 1)] (
                        interpolation = "vertex"
                    )
                    uniform token subdivisionScheme = "none"
                }

                def Mesh "Street_13" (
                    prepend apiSchemas = ["MaterialBindingAPI"]
                )
                {
                    float3[] extent = [(524.5319, 43.805325, 349.63177), (576.57855, 54.68826, 387.44684)]
                    int[] faceVertexCounts = [4, 4, 4, 4]
                    int[] faceVertexIndices = [0, 2, 3, 1, 2, 4, 5, 3, 4, 6, 7, 5, 6, 8, 9, 7]
                    rel material:binding = </Island/Town/Roads/Ribbon/RoadMaterial>
                    point3f[] points = [(527.88696, 53.96724, 387.44684), (524.5319, 53.96724, 382.4725), (540.0598, 53.296684, 379.23666), (536.70483, 54.68826, 374.26233), (552.2327, 52.525246, 371.02646), (548.87775, 53.78746, 366.05215), (564.40564, 48.245995, 362.81628), (561.05066, 48.83217, 357.84195), (576.57855, 43.805325, 354.6061), (573.2236, 46.60467, 349.63177)]
                    texCoord2f[] primvars:st = [(0, 0), (1, 0), (0, 0.24532022), (1, 0.24532022), (0, 0.4909583), (1, 0.4909583), (0, 0.74827224), (1, 0.74827224), (0, 1), (1, 1)] (
                        interpolation = "vertex"
                    )
                    uniform token subdivisionScheme = "none"
                }

                def Mesh "Street_14" (
                    prepend apiSchemas = ["MaterialBindingAPI"]
                )
                {
                    float3[] extent = [(-174.81714, 70.10916, 606.2411), (-168.05002, 76.95471, 633.1687)]
                    int[] faceVertexCounts = [4, 4]
                    int[] faceVertexIndices = [0, 2, 3, 1, 2, 4, 5, 3]
                    rel material:binding = </Island/Town/Roads/Ribbon/RoadMaterial>
                    point3f[] points = [(-174.04755, 76.95471, 606.2411), (-168.05002, 75.965706, 606.41364), (-174.43234, 72.1628, 619.61865), (-168.43483, 70.10916, 619.79114), (-174.81714, 71.06106, 632.9962), (-168.81963, 71.06106, 633.1687)]
                    texCoord2f[] primvars:st = [(0, 0), (1, 0), (0, 0.5206153), (1, 0.5206153), (0, 1), (1, 1)] (
                        interpolation = "vertex"
                    )
                    uniform token subdivisionScheme = "none"
                }

                def Mesh "Street_15" (
                    prepend apiSchemas = ["MaterialBindingAPI"]
                )
                {
                    float3[] extent = [(736.5165, 15.559292, -331.675), (766.9694, 28.444374, -243.48032)]
                    int[] faceVertexCounts = [4, 4, 4, 4, 4, 4]
                    int[] faceVertexIndices = [0, 2, 3, 1, 2, 4, 5, 3, 4, 6, 7, 5, 6, 8, 9, 7, 8, 10, 11, 9, 10, 12, 13, 11]
                    rel material:binding = </Island/Town/Roads/Ribbon/RoadMaterial>
                    point3f[] points = [(742.28644, 26.81875, -243.48032), (736.5165, 28.444374, -245.12585), (746.40027, 25.931, -257.90518), (740.6303, 27.325981, -259.55072), (750.5141, 24.311686, -272.33002), (744.74414, 25.405838, -273.97556), (754.6279, 22.53839, -286.75488), (748.858, 22.53839, -288.40042), (758.74176, 20.198055, -301.17975), (752.9718, 20.198055, -302.82526), (762.8556, 17.19794, -315.60458), (757.08563, 18.407219, -317.25012), (766.9694, 15.559292, -330.02945), (761.19946, 16.42562, -331.675)]
                    texCoord2f[] primvars:st = [(0, 0), (1, 0), (0, 0.1655747), (1, 0.1655747), (0, 0.3319003), (1, 0.3319003), (0, 0.49910548), (1, 0.49910548), (0, 0.66631097), (1, 0.66631097), (0, 0.8335165), (1, 0.8335165), (0, 1), (1, 1)] (
                        interpolation = "vertex"
                    )
                    uniform token subdivisionScheme = "none"
                }

                def Mesh "Street_16" (
                    prepend apiSchemas = ["MaterialBindingAPI"]
                )
                {
                    float3[] extent = [(737.5049, 6.259987, -246.62755), (811.0318, 28.021051, -185.08223)]
                    int[] faceVertexCounts = [4, 4, 4, 4, 4, 4]
                    int[] faceVertexIndices = [0, 2, 3, 1, 2, 4, 5, 3, 4, 6, 7, 5, 6, 8, 9, 7, 8, 10, 11, 9, 10, 12, 13, 11]
                    rel material:binding = </Island/Town/Roads/Ribbon/RoadMaterial>
                    point3f[] points = [(737.5049, 28.021051, -241.97862), (741.298, 27.218357, -246.62755), (749.1272, 24.156244, -232.4959), (752.9203, 23.622377, -237.1448), (760.7495, 20.143229, -223.01317), (764.5426, 19.85216, -227.66208), (772.3718, 16.231153, -213.53043), (776.1649, 16.104126, -218.17935), (783.9941, 12.620454, -204.0477), (787.7872, 12.629554, -208.69661), (795.6164, 9.3108, -194.56496), (799.4095, 9.439724, -199.21388), (807.2387, 6.259987, -185.08223), (811.0318, 6.477413, -189.73116)]
                    texCoord2f[] primvars:st = [(0, 0), (1, 0), (0, 0.1671232), (1, 0.1671232), (0, 0.3346761), (1, 0.3346761), (0, 0.50204134), (1, 0.50204134), (0, 0.6686505), (1, 0.6686505), (0, 0.8345912), (1, 0.8345912), (0, 1), (1, 1)] (
                        interpolation = "vertex"
                    )
                    uniform token subdivisionScheme = "none"
                }

                def Mesh "Street_17" (
                    prepend apiSchemas = ["MaterialBindingAPI"]
                )
                {
                    float3[] extent = [(521.0269, 62.861305, -388.42258), (582.5185, 70.976585, -314.8532)]
                    int[] faceVertexCounts = [4, 4, 4, 4, 4, 4]
                    int[] faceVertexIndices = [0, 2, 3, 1, 2, 4, 5, 3, 4, 6, 7, 5, 6, 8, 9, 7, 8, 10, 11, 9, 10, 12, 13, 11]
                    rel material:binding = </Island/Town/Roads/Ribbon/RoadMaterial>
                    point3f[] points = [(582.5185, 64.9783, -318.64252), (577.8665, 66.035866, -314.8532), (573.0452, 68.42359, -330.27252), (568.39325, 70.42934, -326.48322), (563.57196, 68.73501, -341.90253), (558.92, 70.976585, -338.11322), (554.0987, 68.31787, -353.53256), (549.4467, 70.65104, -349.74326), (544.6254, 67.746956, -365.16257), (539.97345, 70.04802, -361.37326), (535.15216, 68.08912, -376.79257), (530.5002, 70.27143, -373.00327), (525.6789, 62.861305, -388.42258), (521.0269, 65.34022, -384.63327)]
                    texCoord2f[] primvars:st = [(0, 0), (1, 0), (0, 0.1701637), (1, 0.1701637), (0, 0.3344264), (1, 0.3344264), (0, 0.4986791), (1, 0.4986791), (0, 0.66300774), (1, 0.66300774), (0, 0.8272311), (1, 0.8272311), (0, 1), (1, 1)] (
                        interpolation = "vertex"
                    )
                    uniform token subdivisionScheme = "none"
                }

                def Mesh "Street_18" (
                    prepend apiSchemas = ["MaterialBindingAPI"]
                )
                {
                    float3[] extent = [(464.32315, 64.22457, -319.69592), (580.74835, 106.8855, -292.05905)]
                    int[] faceVertexCounts = [4, 4, 4, 4, 4, 4, 4, 4]
                    int[] faceVertexIndices = [0, 2, 3, 1, 2, 4, 5, 3, 4, 6, 7, 5, 6, 8, 9, 7, 8, 10, 11, 9, 10, 12, 13, 11, 12, 14, 15, 13, 14, 16, 17, 15]
                    rel material:binding = </Island/Town/Roads/Ribbon/RoadMaterial>
                    point3f[] points = [(579.6367, 66.63468, -319.69592), (580.74835, 64.22457, -313.7998), (565.22253, 72.08733, -316.97833), (566.33417, 69.85839, -311.0822), (550.8083, 76.72443, -314.26074), (551.9199, 75.57275, -308.3646), (536.3941, 81.21697, -311.54315), (537.50574, 80.75077, -305.647), (521.9799, 85.85836, -308.82553), (523.09155, 85.59056, -302.9294), (507.56573, 90.76016, -306.10794), (508.67737, 90.63238, -300.21182), (493.15155, 95.97556, -303.39035), (494.26318, 95.924385, -297.49423), (478.73734, 101.33588, -300.67276), (479.84897, 101.52148, -294.77664), (464.32315, 106.07622, -297.95517), (465.43478, 106.8855, -292.05905)]
                    texCoord2f[] primvars:st = [(0, 0), (1, 0), (0, 0.12692839), (1, 0.12692839), (0, 0.25222778), (1, 0.25222778), (0, 0.3757339), (1, 0.3757339), (0, 0.49962452), (1, 0.49962452), (0, 0.62400997), (1, 0.62400997), (0, 0.7492422), (1, 0.7492422), (0, 0.8751747), (1, 0.8751747), (0, 1), (1, 1)] (
                        interpolation = "vertex"
                    )
                    uniform token subdivisionScheme = "none"
                }

                def Mesh "Street_19" (
                    prepend apiSchemas = ["MaterialBindingAPI"]
                )
                {
                    float3[] extent = [(244.30553, 65.00557, 568.3091), (328.93134, 68.25799, 610.4829)]
                    int[] faceVertexCounts = [4, 4, 4, 4, 4, 4]
                    int[] faceVertexIndices = [0, 2, 3, 1, 2, 4, 5, 3, 4, 6, 7, 5, 6, 8, 9, 7, 8, 10, 11, 9, 10, 12, 13, 11]
                    rel material:binding = </Island/Town/Roads/Ribbon/RoadMaterial>
                    point3f[] points = [(326.485, 66.44013, 568.3091), (328.93134, 65.00557, 573.7877), (312.78842, 67.89811, 574.4249), (315.23474, 65.94442, 579.90356), (299.09183, 68.23615, 580.54083), (301.53818, 66.27056, 586.0195), (285.39526, 68.25799, 586.6567), (287.8416, 66.388916, 592.1353), (271.69867, 67.83218, 592.7725), (274.14502, 65.98913, 598.25116), (258.0021, 66.86149, 598.8884), (260.44846, 65.15736, 604.36707), (244.30553, 66.28433, 605.0043), (246.75188, 66.28433, 610.4829)]
                    texCoord2f[] primvars:st = [(0, 0), (1, 0), (0, 0.16698147), (1, 0.16698147), (0, 0.33357623), (1, 0.33357623), (0, 0.5001319), (1, 0.5001319), (0, 0.66674966), (1, 0.66674966), (0, 0.8334456), (1, 0.8334456), (0, 1), (1, 1)] (
                        interpolation = "vertex"
                    )
                    uniform token subdivisionScheme = "none"
                }

                def Mesh "Street_20" (
                    prepend apiSchemas = ["MaterialBindingAPI"]
                )
                {
                    float3[] extent = [(259.44226, 64.92556, 507.90652), (329.7393, 93.67502, 573.2562)]
                    int[] faceVertexCounts = [4, 4, 4, 4, 4, 4]
                    int[] faceVertexIndices = [0, 2, 3, 1, 2, 4, 5, 3, 4, 6, 7, 5, 6, 8, 9, 7, 8, 10, 11, 9, 10, 12, 13, 11]
                    rel material:binding = </Island/Town/Roads/Ribbon/RoadMaterial>
                    point3f[] points = [(329.7393, 64.92556, 568.8406), (325.67703, 66.03702, 573.2562), (318.70016, 70.77129, 558.6849), (314.6379, 70.696045, 563.1005), (307.66104, 75.448204, 548.52924), (303.5988, 75.05777, 552.9449), (296.62192, 79.78299, 538.37354), (292.55966, 79.2285, 542.7892), (285.5828, 84.01064, 528.2179), (281.52054, 83.55652, 532.63354), (274.54367, 88.59374, 518.0622), (270.48138, 88.30099, 522.47784), (263.50455, 93.67502, 507.90652), (259.44226, 93.42788, 512.32214)]
                    texCoord2f[] primvars:st = [(0, 0), (1, 0), (0, 0.16787319), (1, 0.16787319), (0, 0.33397412), (1, 0.33397412), (0, 0.4993805), (1, 0.4993805), (0, 0.66495335), (1, 0.66495335), (0, 0.8317588), (1, 0.8317588), (0, 1), (1, 1)] (
                        interpolation = "vertex"
                    )
                    uniform token subdivisionScheme = "none"
                }

                def Mesh "Street_21" (
                    prepend apiSchemas = ["MaterialBindingAPI"]
                )
                {
                    float3[] extent = [(503.52744, 33.525257, 510.1062), (562.6096, 41.067024, 525.4788)]
                    int[] faceVertexCounts = [4, 4, 4, 4]
                    int[] faceVertexIndices = [0, 2, 3, 1, 2, 4, 5, 3, 4, 6, 7, 5, 6, 8, 9, 7]
                    rel material:binding = </Island/Town/Roads/Ribbon/RoadMaterial>
                    point3f[] points = [(504.49042, 39.541115, 525.4788), (503.52744, 39.541115, 519.55664), (519.0202, 37.808468, 523.1162), (518.05725, 41.067024, 517.19403), (533.55, 38.445736, 520.75366), (532.58704, 40.24366, 514.8314), (548.07983, 36.220795, 518.39105), (547.1168, 37.798794, 512.4688), (562.6096, 33.525257, 516.02844), (561.6466, 34.75192, 510.1062)]
                    texCoord2f[] primvars:st = [(0, 0), (1, 0), (0, 0.2480482), (1, 0.2480482), (0, 0.49611807), (1, 0.49611807), (0, 0.74726725), (1, 0.74726725), (0, 1), (1, 1)] (
                        interpolation = "vertex"
                    )
                    uniform token subdivisionScheme = "none"
                }

                def Mesh "Street_22" (
                    prepend apiSchemas = ["MaterialBindingAPI"]
                )
                {
                    float3[] extent = [(470.4252, 48.92872, 440.54797), (502.40637, 58.312115, 528.3867)]
                    int[] faceVertexCounts = [4, 4, 4, 4, 4, 4]
                    int[] faceVertexIndices = [0, 2, 3, 1, 2, 4, 5, 3, 4, 6, 7, 5, 6, 8, 9, 7, 8, 10, 11, 9, 10, 12, 13, 11]
                    rel material:binding = </Island/Town/Roads/Ribbon/RoadMaterial>
                    point3f[] points = [(476.1645, 48.92872, 528.3867), (470.4252, 50.549248, 526.63727), (480.53812, 50.624775, 514.0385), (474.79883, 52.96558, 512.289), (484.91177, 53.73023, 499.69028), (479.1725, 53.73023, 497.94083), (489.28543, 55.00524, 485.34207), (483.54614, 56.00986, 483.5926), (493.65906, 56.732338, 470.99387), (487.9198, 58.312115, 469.2444), (498.0327, 56.596764, 456.64563), (492.29343, 57.991253, 454.89618), (502.40637, 55.447945, 442.29742), (496.66708, 56.89138, 440.54797)]
                    texCoord2f[] primvars:st = [(0, 0), (1, 0), (0, 0.1674245), (1, 0.1674245), (0, 0.33425197), (1, 0.33425197), (0, 0.5010793), (1, 0.5010793), (0, 0.6682014), (1, 0.6682014), (0, 0.8338798), (1, 0.8338798), (0, 1), (1, 1)] (
                        interpolation = "vertex"
                    )
                    uniform token subdivisionScheme = "none"
                }

                def Mesh "Street_23" (
                    prepend apiSchemas = ["MaterialBindingAPI"]
                )
                {
                    float3[] extent = [(572.3296, 44.29921, 273.4301), (623.8283, 50.968525, 353.66412)]
                    int[] faceVertexCounts = [4, 4, 4, 4, 4, 4]
                    int[] faceVertexIndices = [0, 2, 3, 1, 2, 4, 5, 3, 4, 6, 7, 5, 6, 8, 9, 7, 8, 10, 11, 9, 10, 12, 13, 11]
                    rel material:binding = </Island/Town/Roads/Ribbon/RoadMaterial>
                    point3f[] points = [(577.47253, 44.29921, 353.66412), (572.3296, 45.973255, 350.57373), (585.1985, 48.805527, 340.80685), (580.05554, 50.357265, 337.71646), (592.92444, 48.349854, 327.9496), (587.78156, 50.001232, 324.8592), (600.6504, 47.39662, 315.09232), (595.5075, 48.586384, 312.00192), (608.37634, 49.34029, 302.23505), (603.23346, 50.968525, 299.14465), (616.10236, 48.380867, 289.37778), (610.9594, 50.03317, 286.28738), (623.8283, 46.35969, 276.5205), (618.6854, 47.624943, 273.4301)]
                    texCoord2f[] primvars:st = [(0, 0), (1, 0), (0, 0.17169331), (1, 0.17169331), (0, 0.336555), (1, 0.336555), (0, 0.5018832), (1, 0.5018832), (0, 0.6684387), (1, 0.6684387), (0, 0.8335602), (1, 0.8335602), (0, 1), (1, 1)] (
                        interpolation = "vertex"
                    )
                    uniform token subdivisionScheme = "none"
                }

                def Mesh "Street_24" (
                    prepend apiSchemas = ["MaterialBindingAPI"]
                )
                {
                    float3[] extent = [(611.691, 29.600142, 413.6076), (625.0707, 33.64835, 430.0736)]
                    int[] faceVertexCounts = [4]
                    int[] faceVertexIndices = [0, 2, 3, 1]
                    rel material:binding = </Island/Town/Roads/Ribbon/RoadMaterial>
                    point3f[] points = [(611.691, 33.64835, 416.78253), (616.7821, 33.157875, 413.6076), (619.97955, 29.600142, 430.0736), (625.0707, 29.729813, 426.89865)]
                    texCoord2f[] primvars:st = [(0, 0), (1, 0), (0, 1), (1, 1)] (
                        interpolation = "vertex"
                    )
                    uniform token subdivisionScheme = "none"
                }

                def Mesh "Street_25" (
                    prepend apiSchemas = ["MaterialBindingAPI"]
                )
                {
                    float3[] extent = [(64.07364, 71.55699, -612.83966), (84.42961, 105.15372, -523.04236)]
                    int[] faceVertexCounts = [4, 4, 4, 4, 4, 4]
                    int[] faceVertexIndices = [0, 2, 3, 1, 2, 4, 5, 3, 4, 6, 7, 5, 6, 8, 9, 7, 8, 10, 11, 9, 10, 12, 13, 11]
                    rel material:binding = </Island/Town/Roads/Ribbon/RoadMaterial>
                    point3f[] points = [(69.99598, 102.6221, -523.04236), (64.07364, 105.15372, -524.0046), (72.40158, 98.8374, -537.8482), (66.47924, 98.8374, -538.8104), (74.80719, 93.8384, -552.65405), (68.88485, 93.8384, -553.6163), (77.21279, 88.83941, -567.4599), (71.29045, 88.83941, -568.4221), (79.6184, 83.840416, -582.26575), (73.69606, 83.840416, -583.22797), (82.024, 78.84142, -597.0716), (76.10166, 78.84142, -598.0338), (84.42961, 71.55699, -611.87744), (78.50727, 75.78507, -612.83966)]
                    texCoord2f[] primvars:st = [(0, 0), (1, 0), (0, 0.16666666), (1, 0.16666666), (0, 0.33333334), (1, 0.33333334), (0, 0.5), (1, 0.5), (0, 0.6666666), (1, 0.6666666), (0, 0.8333333), (1, 0.8333333), (0, 1), (1, 1)] (
                        interpolation = "vertex"
                    )
                    uniform token subdivisionScheme = "none"
                }

                def Mesh "Street_26" (
                    prepend apiSchemas = ["MaterialBindingAPI"]
                )
                {
                    float3[] extent = [(-159.71336, 43.665638, 688.221), (-145.5983, 53.248947, 720.78546)]
                    int[] faceVertexCounts = [4, 4]
                    int[] faceVertexIndices = [0, 2, 3, 1, 2, 4, 5, 3]
                    rel material:binding = </Island/Town/Roads/Ribbon/RoadMaterial>
                    point3f[] points = [(-159.71336, 52.142204, 689.7759), (-153.91833, 53.248947, 688.221), (-155.55334, 48.31987, 705.28064), (-149.75832, 49.17664, 703.7258), (-151.39334, 43.904034, 720.78546), (-145.5983, 43.665638, 719.2306)]
                    texCoord2f[] primvars:st = [(0, 0), (1, 0), (0, 0.49647468), (1, 0.49647468), (0, 1), (1, 1)] (
                        interpolation = "vertex"
                    )
                    uniform token subdivisionScheme = "none"
                }

                def Mesh "Street_27" (
                    prepend apiSchemas = ["MaterialBindingAPI"]
                )
                {
                    float3[] extent = [(746.91516, 11.816122, -420.1974), (767.0468, 16.547865, -330.37863)]
                    int[] faceVertexCounts = [4, 4, 4, 4, 4, 4]
                    int[] faceVertexIndices = [0, 2, 3, 1, 2, 4, 5, 3, 4, 6, 7, 5, 6, 8, 9, 7, 8, 10, 11, 9, 10, 12, 13, 11]
                    rel material:binding = </Island/Town/Roads/Ribbon/RoadMaterial>
                    point3f[] points = [(767.0468, 15.438272, -331.32578), (761.1221, 16.547865, -330.37863), (764.679, 14.801978, -346.1377), (758.7542, 15.882799, -345.19058), (762.3112, 14.085592, -360.94965), (756.3864, 15.028294, -360.00253), (759.94336, 13.639109, -375.7616), (754.0186, 13.639109, -374.81445), (757.57556, 12.034524, -390.57352), (751.6508, 13.335381, -389.6264), (755.20776, 12.739572, -405.38547), (749.28296, 13.79336, -404.43832), (752.83997, 11.816122, -420.1974), (746.91516, 12.791576, -419.25027)]
                    texCoord2f[] primvars:st = [(0, 0), (1, 0), (0, 0.16657963), (1, 0.16657963), (0, 0.33322862), (1, 0.33322862), (0, 0.49996457), (1, 0.49996457), (0, 0.6667003), (1, 0.6667003), (0, 0.8332336), (1, 0.8332336), (0, 1), (1, 1)] (
                        interpolation = "vertex"
                    )
                    uniform token subdivisionScheme = "none"
                }

                def Mesh "Street_28" (
                    prepend apiSchemas = ["MaterialBindingAPI"]
                )
                {
                    float3[] extent = [(474.65076, 62.980576, -465.34665), (525.92896, 71.21105, -384.9904)]
                    int[] faceVertexCounts = [4, 4, 4, 4, 4, 4]
                    int[] faceVertexIndices = [0, 2, 3, 1, 2, 4, 5, 3, 4, 6, 7, 5, 6, 8, 9, 7, 8, 10, 11, 9, 10, 12, 13, 11]
                    rel material:binding = </Island/Town/Roads/Ribbon/RoadMaterial>
                    point3f[] points = [(525.92896, 62.980576, -388.06546), (520.77686, 65.21854, -384.9904), (518.2413, 67.84776, -400.94568), (513.0892, 70.25425, -397.8706), (510.5536, 68.94131, -413.82587), (505.4015, 71.21105, -410.7508), (502.8659, 68.4061, -426.70605), (497.7138, 68.4061, -423.63098), (495.17822, 66.72957, -439.58627), (490.02612, 66.72957, -436.5112), (487.4905, 63.951805, -452.46646), (482.33844, 66.22732, -449.3914), (479.80283, 63.035378, -465.34665), (474.65076, 65.32079, -462.27158)]
                    texCoord2f[] primvars:st = [(0, 0), (1, 0), (0, 0.17376637), (1, 0.17376637), (0, 0.3385087), (1, 0.3385087), (0, 0.50406635), (1, 0.50406635), (0, 0.66962427), (1, 0.66962427), (0, 0.8351819), (1, 0.8351819), (0, 1), (1, 1)] (
                        interpolation = "vertex"
                    )
                    uniform token subdivisionScheme = "none"
                }

                def Mesh "Street_29" (
                    prepend apiSchemas = ["MaterialBindingAPI"]
                )
                {
                    float3[] extent = [(521.56256, 36.478073, -442.64545), (597.3596, 65.59758, -384.12073)]
                    int[] faceVertexCounts = [4, 4, 4, 4, 4, 4]
                    int[] faceVertexIndices = [0, 2, 3, 1, 2, 4, 5, 3, 4, 6, 7, 5, 6, 8, 9, 7, 8, 10, 11, 9, 10, 12, 13, 11]
                    rel material:binding = </Island/Town/Roads/Ribbon/RoadMaterial>
                    point3f[] points = [(525.14325, 65.59758, -384.12073), (521.56256, 63.75781, -388.93515), (537.1793, 59.68607, -393.07245), (533.59863, 59.004665, -397.88687), (549.2154, 55.317734, -402.02417), (545.6347, 54.29373, -406.8386), (561.2514, 50.219517, -410.9759), (557.6708, 49.173157, -415.7903), (573.2875, 46.39395, -419.9276), (569.7068, 44.081963, -424.74203), (585.32355, 43.02281, -428.8793), (581.74286, 39.67618, -433.69376), (597.3596, 39.800415, -437.83102), (593.77893, 36.478073, -442.64545)]
                    texCoord2f[] primvars:st = [(0, 0), (1, 0), (0, 0.17014863), (1, 0.17014863), (0, 0.33758876), (1, 0.33758876), (0, 0.5058888), (1, 0.5058888), (0, 0.6727922), (1, 0.6727922), (0, 0.8370403), (1, 0.8370403), (0, 1), (1, 1)] (
                        interpolation = "vertex"
                    )
                    uniform token subdivisionScheme = "none"
                }

                def Mesh "Street_30" (
                    prepend apiSchemas = ["MaterialBindingAPI"]
                )
                {
                    float3[] extent = [(175.36853, 56.89711, 605.47015), (247.48615, 68.44149, 668.74)]
                    int[] faceVertexCounts = [4, 4, 4, 4, 4, 4]
                    int[] faceVertexIndices = [0, 2, 3, 1, 2, 4, 5, 3, 4, 6, 7, 5, 6, 8, 9, 7, 8, 10, 11, 9, 10, 12, 13, 11]
                    rel material:binding = </Island/Town/Roads/Ribbon/RoadMaterial>
                    point3f[] points = [(243.57127, 65.32995, 605.47015), (247.48615, 65.32995, 610.017), (232.20415, 66.72701, 615.2573), (236.11902, 64.13305, 619.8042), (220.83702, 68.44149, 625.0445), (224.75189, 66.55194, 629.5914), (209.46991, 67.451584, 634.83167), (213.38477, 65.61366, 639.3785), (198.10278, 64.99751, 644.61884), (202.01764, 63.3562, 649.16565), (186.73566, 61.718834, 654.40594), (190.65051, 60.259315, 658.9528), (175.36853, 58.347294, 664.1931), (179.28339, 56.89711, 668.74)]
                    texCoord2f[] primvars:st = [(0, 0), (1, 0), (0, 0.16469376), (1, 0.16469376), (0, 0.33108002), (1, 0.33108002), (0, 0.49610567), (1, 0.49610567), (0, 0.66281605), (1, 0.66281605), (0, 0.83120567), (1, 0.83120567), (0, 1), (1, 1)] (
                        interpolation = "vertex"
                    )
                    uniform token subdivisionScheme = "none"
                }

                def Mesh "Street_31" (
                    prepend apiSchemas = ["MaterialBindingAPI"]
                )
                {
                    float3[] extent = [(242.78938, 37.302208, 606.52045), (284.9628, 59.7259, 691.1464)]
                    int[] faceVertexCounts = [4, 4, 4, 4, 4, 4]
                    int[] faceVertexIndices = [0, 2, 3, 1, 2, 4, 5, 3, 4, 6, 7, 5, 6, 8, 9, 7, 8, 10, 11, 9, 10, 12, 13, 11]
                    rel material:binding = </Island/Town/Roads/Ribbon/RoadMaterial>
                    point3f[] points = [(242.78938, 59.7259, 608.96674), (248.26804, 59.7259, 606.52045), (248.90518, 55.33929, 622.6634), (254.38382, 55.33929, 620.21704), (255.02098, 51.54106, 636.36), (260.49963, 51.54106, 633.91364), (261.13678, 48.5978, 650.0566), (266.61542, 48.5978, 647.6103), (267.25256, 45.7112, 663.7532), (272.73123, 45.7112, 661.3069), (273.36838, 44.153755, 677.44977), (278.84702, 40.79279, 675.0035), (279.48416, 40.27443, 691.1464), (284.9628, 37.302208, 688.7001)]
                    texCoord2f[] primvars:st = [(0, 0), (1, 0), (0, 0.16910098), (1, 0.16910098), (0, 0.3365272), (1, 0.3365272), (0, 0.50192523), (1, 0.50192523), (0, 0.6672063), (1, 0.6672063), (0, 0.83299947), (1, 0.83299947), (0, 1), (1, 1)] (
                        interpolation = "vertex"
                    )
                    uniform token subdivisionScheme = "none"
                }

                def Mesh "Street_32" (
                    prepend apiSchemas = ["MaterialBindingAPI"]
                )
                {
                    float3[] extent = [(174.78473, 93.001205, 480.022), (262.38116, 114.03457, 512.9737)]
                    int[] faceVertexCounts = [4, 4, 4, 4, 4, 4]
                    int[] faceVertexIndices = [0, 2, 3, 1, 2, 4, 5, 3, 4, 6, 7, 5, 6, 8, 9, 7, 8, 10, 11, 9, 10, 12, 13, 11]
                    rel material:binding = </Island/Town/Roads/Ribbon/RoadMaterial>
                    point3f[] points = [(262.38116, 94.11403, 507.25497), (260.56564, 93.001205, 512.9737), (248.08435, 98.46671, 502.71616), (246.26883, 97.09481, 508.43488), (233.78754, 102.057884, 498.1773), (231.972, 100.58254, 503.89606), (219.49072, 105.47251, 493.6385), (217.67519, 104.04639, 499.3572), (205.19391, 109.67098, 489.09967), (203.37837, 108.39842, 494.8184), (190.89708, 114.03457, 484.56082), (189.08156, 110.703575, 490.27954), (176.60027, 112.736694, 480.022), (174.78473, 112.736694, 485.74072)]
                    texCoord2f[] primvars:st = [(0, 0), (1, 0), (0, 0.16860059), (1, 0.16860059), (0, 0.33532935), (1, 0.33532935), (0, 0.5017642), (1, 0.5017642), (0, 0.6705364), (1, 0.6705364), (0, 0.8377115), (1, 0.8377115), (0, 1), (1, 1)] (
                        interpolation = "vertex"
                    )
                    uniform token subdivisionScheme = "none"
                }

                def Mesh "Street_33" (
                    prepend apiSchemas = ["MaterialBindingAPI"]
                )
                {
                    float3[] extent = [(197.65677, 82.95085, 508.06), (263.65964, 94.63553, 577.756)]
                    int[] faceVertexCounts = [4, 4, 4, 4, 4, 4]
                    int[] faceVertexIndices = [0, 2, 3, 1, 2, 4, 5, 3, 4, 6, 7, 5, 6, 8, 9, 7, 8, 10, 11, 9, 10, 12, 13, 11]
                    rel material:binding = </Island/Town/Roads/Ribbon/RoadMaterial>
                    point3f[] points = [(259.28717, 94.63553, 508.06), (263.65964, 92.525826, 512.1687), (249.01543, 93.35973, 518.9912), (253.38792, 91.3692, 523.0999), (238.7437, 91.284775, 529.9224), (243.1162, 89.34087, 534.0311), (228.47197, 87.54762, 540.85364), (232.84445, 87.00299, 544.96234), (218.20024, 86.15751, 551.78485), (222.57272, 86.15751, 555.89355), (207.92851, 86.201355, 562.71606), (212.301, 83.772026, 566.82477), (197.65677, 85.16511, 573.6473), (202.02927, 82.95085, 577.756)]
                    texCoord2f[] primvars:st = [(0, 0), (1, 0), (0, 0.16609453), (1, 0.16609453), (0, 0.3331902), (1, 0.3331902), (0, 0.5019982), (1, 0.5019982), (0, 0.6680579), (1, 0.6680579), (0, 0.83411753), (1, 0.83411753), (0, 1), (1, 1)] (
                        interpolation = "vertex"
                    )
                    uniform token subdivisionScheme = "none"
                }

                def Mesh "Street_34" (
                    prepend apiSchemas = ["MaterialBindingAPI"]
                )
                {
                    float3[] extent = [(625.7305, 24.680826, 459.95325), (638.2216, 27.312996, 471.11682)]
                    int[] faceVertexCounts = [4]
                    int[] faceVertexIndices = [0, 2, 3, 1]
                    rel material:binding = </Island/Town/Roads/Ribbon/RoadMaterial>
                    point3f[] points = [(629.10614, 25.978933, 471.11682), (625.7305, 27.312996, 466.15646), (638.2216, 24.792818, 464.91364), (634.84607, 24.680826, 459.95325)]
                    texCoord2f[] primvars:st = [(0, 0), (1, 0), (0, 1), (1, 1)] (
                        interpolation = "vertex"
                    )
                    uniform token subdivisionScheme = "none"
                }

                def Mesh "Street_35" (
                    prepend apiSchemas = ["MaterialBindingAPI"]
                )
                {
                    float3[] extent = [(548.582, 33.48619, 423.33755), (565.10736, 44.847305, 513.41956)]
                    int[] faceVertexCounts = [4, 4, 4, 4, 4, 4]
                    int[] faceVertexIndices = [0, 2, 3, 1, 2, 4, 5, 3, 4, 6, 7, 5, 6, 8, 9, 7, 8, 10, 11, 9, 10, 12, 13, 11]
                    rel material:binding = </Island/Town/Roads/Ribbon/RoadMaterial>
                    point3f[] points = [(565.10736, 33.48619, 512.7151), (559.14886, 34.795856, 513.41956), (563.34625, 36.060913, 497.81885), (557.3877, 37.654716, 498.5233), (561.5851, 38.224026, 482.92258), (555.6266, 40.002045, 483.62704), (559.8239, 40.812523, 468.02634), (553.8654, 42.262726, 468.73077), (558.0628, 43.314293, 453.13007), (552.1043, 44.663795, 453.83453), (556.30164, 41.837082, 438.23383), (550.34314, 43.400536, 438.9383), (554.54047, 42.606003, 423.33755), (548.582, 44.847305, 424.04202)]
                    texCoord2f[] primvars:st = [(0, 0), (1, 0), (0, 0.16767809), (1, 0.16767809), (0, 0.33450082), (1, 0.33450082), (0, 0.5015817), (1, 0.5015817), (0, 0.6688005), (1, 0.6688005), (0, 0.8344644), (1, 0.8344644), (0, 1), (1, 1)] (
                        interpolation = "vertex"
                    )
                    uniform token subdivisionScheme = "none"
                }

                def Mesh "Street_36" (
                    prepend apiSchemas = ["MaterialBindingAPI"]
                )
                {
                    float3[] extent = [(498.6086, 55.93422, 382.4725), (527.88696, 60.48004, 404.93118)]
                    int[] faceVertexCounts = [4, 4]
                    int[] faceVertexIndices = [0, 2, 3, 1, 2, 4, 5, 3]
                    rel material:binding = </Island/Town/Roads/Ribbon/RoadMaterial>
                    point3f[] points = [(501.96362, 59.3154, 404.93118), (498.6086, 60.48004, 399.95685), (514.9253, 55.93422, 396.189), (511.57028, 56.94897, 391.21466), (527.88696, 56.459312, 387.44684), (524.5319, 56.459312, 382.4725)]
                    texCoord2f[] primvars:st = [(0, 0), (1, 0), (0, 0.5059252), (1, 0.5059252), (0, 1), (1, 1)] (
                        interpolation = "vertex"
                    )
                    uniform token subdivisionScheme = "none"
                }

                def Mesh "Street_37" (
                    prepend apiSchemas = ["MaterialBindingAPI"]
                )
                {
                    float3[] extent = [(496.82416, 53.320034, 383.67828), (528.922, 56.751198, 442.7041)]
                    int[] faceVertexCounts = [4, 4, 4, 4]
                    int[] faceVertexIndices = [0, 2, 3, 1, 2, 4, 5, 3, 4, 6, 7, 5, 6, 8, 9, 7]
                    rel material:binding = </Island/Town/Roads/Ribbon/RoadMaterial>
                    point3f[] points = [(502.2493, 55.55077, 442.7041), (496.82416, 56.751198, 440.1413), (508.91748, 53.320034, 428.58835), (503.49234, 55.114178, 426.02554), (515.58563, 54.740894, 414.47256), (510.16052, 56.521877, 411.9098), (522.25385, 53.62014, 400.3568), (516.8287, 55.33586, 397.79404), (528.922, 54.495483, 386.24106), (523.4969, 54.495483, 383.67828)]
                    texCoord2f[] primvars:st = [(0, 0), (1, 0), (0, 0.25096506), (1, 0.25096506), (0, 0.50105864), (1, 0.50105864), (0, 0.75085944), (1, 0.75085944), (0, 1), (1, 1)] (
                        interpolation = "vertex"
                    )
                    uniform token subdivisionScheme = "none"
                }

                def Mesh "Street_38" (
                    prepend apiSchemas = ["MaterialBindingAPI"]
                )
                {
                    float3[] extent = [(618.4353, 46.03661, 177.9282), (658.7642, 53.455803, 275.99448)]
                    int[] faceVertexCounts = [4, 4, 4, 4, 4, 4, 4]
                    int[] faceVertexIndices = [0, 2, 3, 1, 2, 4, 5, 3, 4, 6, 7, 5, 6, 8, 9, 7, 8, 10, 11, 9, 10, 12, 13, 11, 12, 14, 15, 13]
                    rel material:binding = </Island/Town/Roads/Ribbon/RoadMaterial>
                    point3f[] points = [(624.0784, 46.586567, 275.99448), (618.4353, 47.50075, 273.95615), (629.03357, 50.488472, 262.27618), (623.3904, 51.90014, 260.23785), (633.98865, 51.85569, 248.55792), (628.3455, 53.455803, 246.51959), (638.9438, 50.980766, 234.83965), (633.3006, 52.38526, 232.80132), (643.89886, 51.309322, 221.12137), (638.25574, 51.309322, 219.08304), (648.854, 49.947063, 207.40309), (643.2108, 51.786903, 205.36476), (653.8091, 48.637318, 193.68481), (648.16595, 50.514053, 191.64648), (658.7642, 46.03661, 179.96654), (653.12103, 47.906013, 177.9282)]
                    texCoord2f[] primvars:st = [(0, 0), (1, 0), (0, 0.14704543), (1, 0.14704543), (0, 0.28925493), (1, 0.28925493), (0, 0.43106562), (1, 0.43106562), (0, 0.5726181), (1, 0.5726181), (0, 0.7141704), (1, 0.7141704), (0, 0.856271), (1, 0.856271), (0, 1), (1, 1)] (
                        interpolation = "vertex"
                    )
                    uniform token subdivisionScheme = "none"
                }

                def Mesh "Street_39" (
                    prepend apiSchemas = ["MaterialBindingAPI"]
                )
                {
                    float3[] extent = [(560.4403, 25.978933, 466.15646), (629.10614, 34.971363, 515.5475)]
                    int[] faceVertexCounts = [4, 4, 4, 4, 4]
                    int[] faceVertexIndices = [0, 2, 3, 1, 2, 4, 5, 3, 4, 6, 7, 5, 6, 8, 9, 7, 8, 10, 11, 9]
                    rel material:binding = </Island/Town/Roads/Ribbon/RoadMaterial>
                    point3f[] points = [(563.8159, 33.329044, 515.5475), (560.4403, 34.971363, 510.58713), (576.87396, 31.440443, 506.66138), (573.49835, 32.83389, 501.701), (589.932, 28.671553, 497.77524), (586.5564, 30.023834, 492.81485), (602.99005, 27.955349, 488.8891), (599.61444, 29.519163, 483.9287), (616.0481, 26.965593, 480.00296), (612.6725, 28.392523, 475.04257), (629.10614, 25.978933, 471.11682), (625.7305, 27.312996, 466.15646)]
                    texCoord2f[] primvars:st = [(0, 0), (1, 0), (0, 0.20044415), (1, 0.20044415), (0, 0.40242773), (1, 0.40242773), (0, 0.6014304), (1, 0.6014304), (0, 0.8007285), (1, 0.8007285), (0, 1), (1, 1)] (
                        interpolation = "vertex"
                    )
                    uniform token subdivisionScheme = "none"
                }

                def Mesh "Street_40" (
                    prepend apiSchemas = ["MaterialBindingAPI"]
                )
                {
                    float3[] extent = [(619.5472, 25.680447, 428.1232), (630.3963, 30.027283, 468.99957)]
                    int[] faceVertexCounts = [4, 4, 4]
                    int[] faceVertexIndices = [0, 2, 3, 1, 2, 4, 5, 3, 4, 6, 7, 5]
                    rel material:binding = </Island/Town/Roads/Ribbon/RoadMaterial>
                    point3f[] points = [(619.5472, 30.027283, 428.84906), (625.5031, 29.378017, 428.1232), (621.1782, 28.310438, 442.23257), (627.13416, 28.310438, 441.5067), (622.8093, 28.02097, 455.61606), (628.76526, 25.680447, 454.8902), (624.44037, 27.14208, 468.99957), (630.3963, 26.15281, 468.2737)]
                    texCoord2f[] primvars:st = [(0, 0), (1, 0), (0, 0.33392987), (1, 0.33392987), (0, 0.6678599), (1, 0.6678599), (0, 1), (1, 1)] (
                        interpolation = "vertex"
                    )
                    uniform token subdivisionScheme = "none"
                }

                def Mesh "Street_41" (
                    prepend apiSchemas = ["MaterialBindingAPI"]
                )
                {
                    float3[] extent = [(620.9318, 20.138535, 378.14487), (700.37604, 30.605608, 431.02805)]
                    int[] faceVertexCounts = [4, 4, 4, 4, 4, 4]
                    int[] faceVertexIndices = [0, 2, 3, 1, 2, 4, 5, 3, 4, 6, 7, 5, 6, 8, 9, 7, 8, 10, 11, 9, 10, 12, 13, 11]
                    rel material:binding = </Island/Town/Roads/Ribbon/RoadMaterial>
                    point3f[] points = [(624.1184, 28.841377, 431.02805), (620.9318, 30.605608, 425.9442), (636.82806, 28.353819, 423.0615), (633.6414, 29.564667, 417.97766), (649.53766, 26.76797, 415.09494), (646.351, 27.430641, 410.0111), (662.24725, 25.499866, 407.1284), (659.0606, 25.499866, 402.04453), (674.95685, 23.314257, 399.16183), (671.7702, 24.817488, 394.07797), (687.66644, 22.281765, 391.19528), (684.4798, 23.0961, 386.11142), (700.37604, 20.138535, 383.2287), (697.18945, 20.82432, 378.14487)]
                    texCoord2f[] primvars:st = [(0, 0), (1, 0), (0, 0.16593036), (1, 0.16593036), (0, 0.33300436), (1, 0.33300436), (0, 0.49958304), (1, 0.49958304), (0, 0.6661618), (1, 0.6661618), (0, 0.83246744), (1, 0.83246744), (0, 1), (1, 1)] (
                        interpolation = "vertex"
                    )
                    uniform token subdivisionScheme = "none"
                }

                def Mesh "Street_42" (
                    prepend apiSchemas = ["MaterialBindingAPI"]
                )
                {
                    float3[] extent = [(-436.0722, 84.22883, 297.96732), (-373.97122, 106.408554, 371.04953)]
                    int[] faceVertexCounts = [4, 4, 4, 4, 4, 4]
                    int[] faceVertexIndices = [0, 2, 3, 1, 2, 4, 5, 3, 4, 6, 7, 5, 6, 8, 9, 7, 8, 10, 11, 9, 10, 12, 13, 11]
                    rel material:binding = </Island/Town/Roads/Ribbon/RoadMaterial>
                    point3f[] points = [(-431.45557, 84.7034, 371.04953), (-436.0722, 84.22883, 367.21725), (-421.87485, 88.48227, 359.5079), (-426.4915, 87.558334, 355.6756), (-412.2941, 91.128746, 347.96625), (-416.91077, 90.05646, 344.13394), (-402.71338, 94.38471, 336.4246), (-407.33005, 93.25731, 332.5923), (-393.13266, 99.118484, 324.88293), (-397.74933, 97.17057, 321.05063), (-383.55194, 103.50271, 313.34128), (-388.1686, 100.50544, 309.50897), (-373.97122, 106.408554, 301.79962), (-378.5879, 102.99893, 297.96732)]
                    texCoord2f[] primvars:st = [(0, 0), (1, 0), (0, 0.16708644), (1, 0.16708644), (0, 0.33185804), (1, 0.33185804), (0, 0.49803522), (1, 0.49803522), (0, 0.6675198), (1, 0.6675198), (0, 0.8352476), (1, 0.8352476), (0, 1), (1, 1)] (
                        interpolation = "vertex"
                    )
                    uniform token subdivisionScheme = "none"
                }

                def Mesh "Street_43" (
                    prepend apiSchemas = ["MaterialBindingAPI"]
                )
                {
                    float3[] extent = [(-110.04202, 77.30456, -587.3553), (-88.00904, 101.17682, -497.73718)]
                    int[] faceVertexCounts = [4, 4, 4, 4, 4, 4]
                    int[] faceVertexIndices = [0, 2, 3, 1, 2, 4, 5, 3, 4, 6, 7, 5, 6, 8, 9, 7, 8, 10, 11, 9, 10, 12, 13, 11]
                    rel material:binding = </Island/Town/Roads/Ribbon/RoadMaterial>
                    point3f[] points = [(-88.00904, 101.17682, -498.81253), (-93.911896, 101.17682, -497.73718), (-90.697395, 98.13173, -513.56964), (-96.60025, 98.13173, -512.4943), (-93.38575, 97.45973, -528.3268), (-99.288605, 92.49211, -527.25146), (-96.074104, 93.75767, -543.0839), (-101.97696, 88.948296, -542.00854), (-98.76246, 89.63844, -557.841), (-104.66531, 84.992744, -556.7657), (-101.45081, 85.62661, -572.59814), (-107.35367, 81.16201, -571.5228), (-104.13917, 81.24982, -587.3553), (-110.04202, 77.30456, -586.27997)]
                    texCoord2f[] primvars:st = [(0, 0), (1, 0), (0, 0.16526426), (1, 0.16526426), (0, 0.3307987), (1, 0.3307987), (0, 0.49722987), (1, 0.49722987), (0, 0.6648374), (1, 0.6648374), (0, 0.83223754), (1, 0.83223754), (0, 1), (1, 1)] (
                        interpolation = "vertex"
                    )
                    uniform token subdivisionScheme = "none"
                }

                def Mesh "Street_44" (
                    prepend apiSchemas = ["MaterialBindingAPI"]
                )
                {
                    float3[] extent = [(54.11937, 51.59819, -699.78577), (84.3555, 75.88329, -611.54315)]
                    int[] faceVertexCounts = [4, 4, 4, 4, 4, 4]
                    int[] faceVertexIndices = [0, 2, 3, 1, 2, 4, 5, 3, 4, 6, 7, 5, 6, 8, 9, 7, 8, 10, 11, 9, 10, 12, 13, 11]
                    rel material:binding = </Island/Town/Roads/Ribbon/RoadMaterial>
                    point3f[] points = [(84.3555, 71.51717, -613.17395), (78.581375, 75.88329, -611.54315), (80.278496, 72.18867, -627.60925), (74.50438, 74.07545, -625.97845), (76.2015, 68.363655, -642.04456), (70.427376, 69.87904, -640.41376), (72.1245, 64.13381, -656.47986), (66.35037, 65.54743, -654.84906), (68.04749, 59.859543, -670.91516), (62.273373, 61.28492, -669.28436), (63.970493, 55.594513, -685.35046), (58.19637, 57.02959, -683.71967), (59.89349, 51.59819, -699.78577), (54.11937, 52.953102, -698.15497)]
                    texCoord2f[] primvars:st = [(0, 0), (1, 0), (0, 0.16168886), (1, 0.16168886), (0, 0.3289499), (1, 0.3289499), (0, 0.4969189), (1, 0.4969189), (0, 0.66483), (1, 0.66483), (0, 0.83275133), (1, 0.83275133), (0, 1), (1, 1)] (
                        interpolation = "vertex"
                    )
                    uniform token subdivisionScheme = "none"
                }

                def Mesh "Street_45" (
                    prepend apiSchemas = ["MaterialBindingAPI"]
                )
                {
                    float3[] extent = [(115.998436, 71.11895, -607.93945), (170.17435, 79.22056, -590.98535)]
                    int[] faceVertexCounts = [4, 4, 4, 4]
                    int[] faceVertexIndices = [0, 2, 3, 1, 2, 4, 5, 3, 4, 6, 7, 5, 6, 8, 9, 7]
                    rel material:binding = </Island/Town/Roads/Ribbon/RoadMaterial>
                    point3f[] points = [(115.998436, 73.37839, -602.0667), (117.227554, 71.11895, -607.93945), (129.23514, 77.380615, -599.2964), (130.46425, 74.95442, -605.1691), (142.47183, 79.081474, -596.52606), (143.70094, 76.58345, -602.3988), (155.70853, 79.22056, -593.7557), (156.93764, 76.77716, -599.6285), (168.94522, 79.08195, -590.98535), (170.17435, 76.6476, -596.85815)]
                    texCoord2f[] primvars:st = [(0, 0), (1, 0), (0, 0.25717625), (1, 0.25717625), (0, 0.5060478), (1, 0.5060478), (0, 0.7530275), (1, 0.7530275), (0, 1), (1, 1)] (
                        interpolation = "vertex"
                    )
                    uniform token subdivisionScheme = "none"
                }

                def Mesh "Street_46" (
                    prepend apiSchemas = ["MaterialBindingAPI"]
                )
                {
                    float3[] extent = [(-148.77673, 25.596096, 720.4805), (-88.324554, 42.966362, 790.86194)]
                    int[] faceVertexCounts = [4, 4, 4, 4, 4, 4]
                    int[] faceVertexIndices = [0, 2, 3, 1, 2, 4, 5, 3, 4, 6, 7, 5, 6, 8, 9, 7, 8, 10, 11, 9, 10, 12, 13, 11]
                    rel material:binding = </Island/Town/Roads/Ribbon/RoadMaterial>
                    point3f[] points = [(-148.77673, 42.630108, 724.3388), (-144.18175, 42.966362, 720.4805), (-139.46721, 36.300713, 735.42596), (-134.87222, 37.497704, 731.56775), (-130.15767, 35.10139, 746.5132), (-125.56268, 37.491558, 742.6549), (-120.84814, 33.918602, 757.6004), (-116.25315, 35.25763, 753.7421), (-111.538605, 31.135042, 768.68756), (-106.94362, 32.140244, 764.82935), (-102.22907, 28.160185, 779.7748), (-97.63409, 29.165586, 775.9165), (-92.91954, 25.596096, 790.86194), (-88.324554, 26.631096, 787.0037)]
                    texCoord2f[] primvars:st = [(0, 0), (1, 0), (0, 0.17713793), (1, 0.17713793), (0, 0.3395768), (1, 0.3395768), (0, 0.50336844), (1, 0.50336844), (0, 0.66922337), (1, 0.66922337), (0, 0.8350726), (1, 0.8350726), (0, 1), (1, 1)] (
                        interpolation = "vertex"
                    )
                    uniform token subdivisionScheme = "none"
                }

                def Mesh "Street_47" (
                    prepend apiSchemas = ["MaterialBindingAPI"]
                )
                {
                    float3[] extent = [(-236.1458, 30.159285, 717.11255), (-147.71092, 44.977364, 746.4505)]
                    int[] faceVertexCounts = [4, 4, 4, 4, 4, 4]
                    int[] faceVertexIndices = [0, 2, 3, 1, 2, 4, 5, 3, 4, 6, 7, 5, 6, 8, 9, 7, 8, 10, 11, 9, 10, 12, 13, 11]
                    rel material:binding = </Island/Town/Roads/Ribbon/RoadMaterial>
                    point3f[] points = [(-149.28072, 44.977364, 717.11255), (-147.71092, 42.930847, 722.90356), (-163.75822, 43.174583, 721.03705), (-162.18843, 41.746, 726.828), (-178.23573, 40.478554, 724.9615), (-176.66594, 39.18329, 730.7525), (-192.71326, 37.632027, 728.886), (-191.14346, 37.632027, 734.677), (-207.19077, 35.424114, 732.8105), (-205.62097, 35.424114, 738.6015), (-221.66827, 34.020287, 736.735), (-220.09848, 32.372684, 742.526), (-236.1458, 31.471838, 740.6595), (-234.57599, 30.159285, 746.4505)]
                    texCoord2f[] primvars:st = [(0, 0), (1, 0), (0, 0.16568807), (1, 0.16568807), (0, 0.3330728), (1, 0.3330728), (0, 0.4997263), (1, 0.4997263), (0, 0.6663796), (1, 0.6663796), (0, 0.8330329), (1, 0.8330329), (0, 1), (1, 1)] (
                        interpolation = "vertex"
                    )
                    uniform token subdivisionScheme = "none"
                }

                def Mesh "Street_48" (
                    prepend apiSchemas = ["MaterialBindingAPI"]
                )
                {
                    float3[] extent = [(696.9583, 11.155053, -495.94595), (752.36224, 13.381433, -418.04266)]
                    int[] faceVertexCounts = [4, 4, 4, 4, 4, 4]
                    int[] faceVertexIndices = [0, 2, 3, 1, 2, 4, 5, 3, 4, 6, 7, 5, 6, 8, 9, 7, 8, 10, 11, 9, 10, 12, 13, 11]
                    rel material:binding = </Island/Town/Roads/Ribbon/RoadMaterial>
                    point3f[] points = [(752.36224, 11.761364, -421.40497), (747.3929, 12.846714, -418.04266), (743.9565, 11.617845, -433.82846), (738.9871, 12.709443, -430.46616), (735.5507, 11.155053, -446.25195), (730.58136, 12.202102, -442.88968), (727.14496, 12.015471, -458.67548), (722.1756, 13.060131, -455.31317), (718.7392, 12.303405, -471.09897), (713.76984, 13.381433, -467.73666), (710.33344, 11.22868, -483.52246), (705.3641, 12.242576, -480.16016), (701.9277, 12.037835, -495.94595), (696.9583, 13.152572, -492.58365)]
                    texCoord2f[] primvars:st = [(0, 0), (1, 0), (0, 0.16647252), (1, 0.16647252), (0, 0.33302143), (1, 0.33302143), (0, 0.4997595), (1, 0.4997595), (0, 0.6662566), (1, 0.6662566), (0, 0.8332202), (1, 0.8332202), (0, 1), (1, 1)] (
                        interpolation = "vertex"
                    )
                    uniform token subdivisionScheme = "none"
                }

                def Mesh "Street_49" (
                    prepend apiSchemas = ["MaterialBindingAPI"]
                )
                {
                    float3[] extent = [(401.077, 63.044907, -516.8381), (478.91168, 67.52019, -461.32697)]
                    int[] faceVertexCounts = [4, 4, 4, 4, 4, 4]
                    int[] faceVertexIndices = [0, 2, 3, 1, 2, 4, 5, 3, 4, 6, 7, 5, 6, 8, 9, 7, 8, 10, 11, 9, 10, 12, 13, 11]
                    rel material:binding = </Island/Town/Roads/Ribbon/RoadMaterial>
                    point3f[] points = [(478.91168, 63.044907, -466.2913), (475.5419, 65.29723, -461.32697), (466.5009, 64.3447, -474.71576), (463.13107, 66.60625, -469.75143), (454.09006, 64.937965, -483.14023), (450.72028, 67.00897, -478.1759), (441.67923, 63.466213, -491.5647), (438.30945, 65.597786, -486.60034), (429.26843, 64.23623, -499.98914), (425.89865, 65.9227, -495.0248), (416.8576, 65.488, -508.4136), (413.48782, 67.52019, -503.44928), (404.4468, 65.11762, -516.8381), (401.077, 67.119156, -511.87375)]
                    texCoord2f[] primvars:st = [(0, 0), (1, 0), (0, 0.16689897), (1, 0.16689897), (0, 0.33326), (1, 0.33326), (0, 0.5002779), (1, 0.5002779), (0, 0.6666492), (1, 0.6666492), (0, 0.83367485), (1, 0.83367485), (0, 1), (1, 1)] (
                        interpolation = "vertex"
                    )
                    uniform token subdivisionScheme = "none"
                }

                def Mesh "Street_50" (
                    prepend apiSchemas = ["MaterialBindingAPI"]
                )
                {
                    float3[] extent = [(592.9293, 19.844503, -520.8613), (640.9605, 39.334663, -438.8132)]
                    int[] faceVertexCounts = [4, 4, 4, 4, 4, 4]
                    int[] faceVertexIndices = [0, 2, 3, 1, 2, 4, 5, 3, 4, 6, 7, 5, 6, 8, 9, 7, 8, 10, 11, 9, 10, 12, 13, 11]
                    rel material:binding = </Island/Town/Roads/Ribbon/RoadMaterial>
                    point3f[] points = [(598.2092, 39.334663, -438.8132), (592.9293, 36.888073, -441.6633), (605.3344, 33.31862, -452.01288), (600.05457, 31.581842, -454.86298), (612.45966, 27.46927, -465.21255), (607.17975, 28.807007, -468.06262), (619.58484, 26.496256, -478.41223), (614.305, 26.496256, -481.2623), (626.7101, 24.105963, -491.61188), (621.4302, 26.01958, -494.46198), (633.83527, 22.394617, -504.81155), (628.5554, 23.231524, -507.66165), (640.9605, 19.844503, -518.0112), (635.6806, 20.394384, -520.8613)]
                    texCoord2f[] primvars:st = [(0, 0), (1, 0), (0, 0.17566457), (1, 0.17566457), (0, 0.34489727), (1, 0.34489727), (0, 0.50768477), (1, 0.50768477), (0, 0.67053276), (1, 0.67053276), (0, 0.8350068), (1, 0.8350068), (0, 1), (1, 1)] (
                        interpolation = "vertex"
                    )
                    uniform token subdivisionScheme = "none"
                }

                def Mesh "Street_51" (
                    prepend apiSchemas = ["MaterialBindingAPI"]
                )
                {
                    float3[] extent = [(540.7528, 36.008007, -515.1734), (598.0089, 40.109737, -438.49234)]
                    int[] faceVertexCounts = [4, 4, 4, 4, 4, 4]
                    int[] faceVertexIndices = [0, 2, 3, 1, 2, 4, 5, 3, 4, 6, 7, 5, 6, 8, 9, 7, 8, 10, 11, 9, 10, 12, 13, 11]
                    rel material:binding = </Island/Town/Roads/Ribbon/RoadMaterial>
                    point3f[] points = [(598.0089, 37.709553, -441.98413), (593.12964, 38.787365, -438.49234), (589.2794, 36.008007, -454.18234), (584.40015, 38.237698, -450.69058), (580.55, 38.41853, -466.38055), (575.6707, 40.109737, -462.8888), (571.8205, 37.747383, -478.5788), (566.9412, 39.472378, -475.087), (563.09106, 38.530224, -490.777), (558.21173, 38.530224, -487.28522), (554.3616, 38.45768, -502.97522), (549.4823, 38.45768, -499.48343), (545.6321, 37.61864, -515.1734), (540.7528, 39.17021, -511.68164)]
                    texCoord2f[] primvars:st = [(0, 0), (1, 0), (0, 0.16677646), (1, 0.16677646), (0, 0.3348207), (1, 0.3348207), (0, 0.50123113), (1, 0.50123113), (0, 0.6674871), (1, 0.6674871), (0, 0.8337434), (1, 0.8337434), (0, 1), (1, 1)] (
                        interpolation = "vertex"
                    )
                    uniform token subdivisionScheme = "none"
                }

                def Mesh "Street_52" (
                    prepend apiSchemas = ["MaterialBindingAPI"]
                )
                {
                    float3[] extent = [(89.882645, 53.215397, 663.57886), (178.1392, 58.944725, 693.7516)]
                    int[] faceVertexCounts = [4, 4, 4, 4, 4, 4]
                    int[] faceVertexIndices = [0, 2, 3, 1, 2, 4, 5, 3, 4, 6, 7, 5, 6, 8, 9, 7, 8, 10, 11, 9, 10, 12, 13, 11]
                    rel material:binding = </Island/Town/Roads/Ribbon/RoadMaterial>
                    point3f[] points = [(176.51271, 58.539295, 663.57886), (178.1392, 56.7012, 669.35425), (162.07437, 57.0308, 667.64514), (163.70087, 54.893738, 673.4205), (147.63603, 55.083454, 671.71136), (149.26251, 53.782925, 677.4867), (133.19768, 58.944725, 675.7776), (134.82417, 56.898308, 681.5529), (118.75934, 58.1375, 679.8438), (120.385826, 56.065525, 685.61914), (104.32099, 56.774517, 683.91003), (105.94748, 54.700867, 689.68536), (89.882645, 55.21577, 687.97626), (91.50913, 53.215397, 693.7516)]
                    texCoord2f[] primvars:st = [(0, 0), (1, 0), (0, 0.16641064), (1, 0.16641064), (0, 0.3325149), (1, 0.3325149), (0, 0.50223607), (1, 0.50223607), (0, 0.66781723), (1, 0.66781723), (0, 0.833828), (1, 0.833828), (0, 1), (1, 1)] (
                        interpolation = "vertex"
                    )
                    uniform token subdivisionScheme = "none"
                }

                def Mesh "Street_53" (
                    prepend apiSchemas = ["MaterialBindingAPI"]
                )
                {
                    float3[] extent = [(175.0734, 32.05239, 664.48517), (239.02052, 58.252415, 736.02496)]
                    int[] faceVertexCounts = [4, 4, 4, 4, 4, 4]
                    int[] faceVertexIndices = [0, 2, 3, 1, 2, 4, 5, 3, 4, 6, 7, 5, 6, 8, 9, 7, 8, 10, 11, 9, 10, 12, 13, 11]
                    rel material:binding = </Island/Town/Roads/Ribbon/RoadMaterial>
                    point3f[] points = [(175.0734, 56.998577, 668.44794), (179.57852, 58.252415, 664.48517), (184.9804, 53.526234, 679.7108), (189.48552, 54.796165, 675.748), (194.88739, 49.870113, 690.97363), (199.39253, 51.00517, 687.0108), (204.79439, 45.749744, 702.23645), (209.29953, 46.6608, 698.2737), (214.70139, 41.181164, 713.49927), (219.20653, 41.90191, 709.5365), (224.60838, 36.486782, 724.7621), (229.11353, 37.105114, 720.7993), (234.51538, 32.05239, 736.02496), (239.02052, 32.638783, 732.06213)]
                    texCoord2f[] primvars:st = [(0, 0), (1, 0), (0, 0.16460504), (1, 0.16460504), (0, 0.3298546), (1, 0.3298546), (0, 0.496456), (1, 0.496456), (0, 0.66440254), (1, 0.66440254), (0, 0.8326712), (1, 0.8326712), (0, 1), (1, 1)] (
                        interpolation = "vertex"
                    )
                    uniform token subdivisionScheme = "none"
                }

                def Mesh "Street_54" (
                    prepend apiSchemas = ["MaterialBindingAPI"]
                )
                {
                    float3[] extent = [(332.351, 17.408197, 732.84265), (352.1766, 20.079113, 751.1616)]
                    int[] faceVertexCounts = [4, 4]
                    int[] faceVertexIndices = [0, 2, 3, 1, 2, 4, 5, 3]
                    rel material:binding = </Island/Town/Roads/Ribbon/RoadMaterial>
                    point3f[] points = [(332.351, 20.068218, 737.3751), (336.2825, 20.068218, 732.84265), (340.2981, 18.36969, 744.2684), (344.22955, 20.079113, 739.7359), (348.24515, 17.408197, 751.1616), (352.1766, 18.213705, 746.62915)]
                    texCoord2f[] primvars:st = [(0, 0), (1, 0), (0, 0.4972822), (1, 0.4972822), (0, 1), (1, 1)] (
                        interpolation = "vertex"
                    )
                    uniform token subdivisionScheme = "none"
                }

                def Mesh "Street_55" (
                    prepend apiSchemas = ["MaterialBindingAPI"]
                )
                {
                    float3[] extent = [(280.9819, 37.874374, 649.9443), (365.39548, 40.844315, 692.65424)]
                    int[] faceVertexCounts = [4, 4, 4, 4, 4, 4]
                    int[] faceVertexIndices = [0, 2, 3, 1, 2, 4, 5, 3, 4, 6, 7, 5, 6, 8, 9, 7, 8, 10, 11, 9, 10, 12, 13, 11]
                    rel material:binding = </Island/Town/Roads/Ribbon/RoadMaterial>
                    point3f[] points = [(283.4651, 38.102707, 692.65424), (280.9819, 40.06978, 687.1922), (297.12015, 39.027447, 686.4463), (294.63696, 39.027447, 680.98425), (310.77524, 37.874374, 680.2383), (308.29202, 40.19232, 674.77625), (324.4303, 38.97681, 674.0303), (321.94708, 40.844315, 668.56824), (338.08536, 38.336403, 667.82227), (335.60217, 40.224155, 662.3603), (351.74042, 38.757572, 661.6143), (349.25723, 40.54034, 656.1523), (365.39548, 38.87372, 655.4063), (362.9123, 40.522755, 649.9443)]
                    texCoord2f[] primvars:st = [(0, 0), (1, 0), (0, 0.16659443), (1, 0.16659443), (0, 0.33318883), (1, 0.33318883), (0, 0.5000197), (1, 0.5000197), (0, 0.66676116), (1, 0.66676116), (0, 0.8334071), (1, 0.8334071), (0, 1), (1, 1)] (
                        interpolation = "vertex"
                    )
                    uniform token subdivisionScheme = "none"
                }

                def Mesh "Street_56" (
                    prepend apiSchemas = ["MaterialBindingAPI"]
                )
                {
                    float3[] extent = [(115.15531, 77.534584, 572.91583), (200.95622, 87.18733, 611.8836)]
                    int[] faceVertexCounts = [4, 4, 4, 4, 4, 4]
                    int[] faceVertexIndices = [0, 2, 3, 1, 2, 4, 5, 3, 4, 6, 7, 5, 6, 8, 9, 7, 8, 10, 11, 9, 10, 12, 13, 11]
                    rel material:binding = </Island/Town/Roads/Ribbon/RoadMaterial>
                    point3f[] points = [(198.72981, 85.146225, 572.91583), (200.95622, 82.98937, 578.4875), (184.80074, 86.46737, 578.4819), (187.02715, 84.41594, 584.0535), (170.87164, 87.18733, 584.0479), (173.09805, 85.249084, 589.6195), (156.94257, 86.44219, 589.6139), (159.16898, 84.65643, 595.18555), (143.01347, 83.52337, 595.17993), (145.23988, 81.978745, 600.7516), (129.0844, 80.34566, 600.746), (131.3108, 77.534584, 606.3176), (115.15531, 82.1942, 606.312), (117.38172, 80.16194, 611.8836)]
                    texCoord2f[] primvars:st = [(0, 0), (1, 0), (0, 0.16550805), (1, 0.16550805), (0, 0.3305587), (1, 0.3305587), (0, 0.4955403), (1, 0.4955403), (0, 0.6631164), (1, 0.6631164), (0, 0.83330834), (1, 0.83330834), (0, 1), (1, 1)] (
                        interpolation = "vertex"
                    )
                    uniform token subdivisionScheme = "none"
                }

                def Mesh "Street_57" (
                    prepend apiSchemas = ["MaterialBindingAPI"]
                )
                {
                    float3[] extent = [(548.70905, 42.529522, 351.1888), (577.75323, 48.967777, 424.6199)]
                    int[] faceVertexCounts = [4, 4, 4, 4, 4]
                    int[] faceVertexIndices = [0, 2, 3, 1, 2, 4, 5, 3, 4, 6, 7, 5, 6, 8, 9, 7, 8, 10, 11, 9]
                    rel material:binding = </Island/Town/Roads/Ribbon/RoadMaterial>
                    point3f[] points = [(554.4134, 42.529522, 424.6199), (548.70905, 45.006397, 422.75967), (559.08136, 45.419685, 410.30576), (553.377, 45.419685, 408.4455), (563.7493, 46.2777, 395.99158), (558.045, 47.702126, 394.13135), (568.4173, 47.46235, 381.6774), (562.71295, 48.967777, 379.81717), (573.08527, 45.748337, 367.36322), (567.3809, 48.014038, 365.503), (577.75323, 44.648216, 353.04904), (572.0489, 45.61261, 351.1888)]
                    texCoord2f[] primvars:st = [(0, 0), (1, 0), (0, 0.20009375), (1, 0.20009375), (0, 0.40018708), (1, 0.40018708), (0, 0.5998728), (1, 0.5998728), (0, 0.79952055), (1, 0.79952055), (0, 1), (1, 1)] (
                        interpolation = "vertex"
                    )
                    uniform token subdivisionScheme = "none"
                }

                def Mesh "Street_58" (
                    prepend apiSchemas = ["MaterialBindingAPI"]
                )
                {
                    float3[] extent = [(572.35547, 33.157875, 350.53146), (616.7821, 46.295105, 416.78253)]
                    int[] faceVertexCounts = [4, 4, 4, 4, 4]
                    int[] faceVertexIndices = [0, 2, 3, 1, 2, 4, 5, 3, 4, 6, 7, 5, 6, 8, 9, 7, 8, 10, 11, 9]
                    rel material:binding = </Island/Town/Roads/Ribbon/RoadMaterial>
                    point3f[] points = [(572.35547, 44.421413, 353.70642), (577.44666, 46.295105, 350.53146), (580.2226, 42.37068, 366.32162), (585.3137, 39.559895, 363.1467), (588.08966, 42.778866, 378.93686), (593.18085, 39.54633, 375.76193), (595.9568, 40.032017, 391.5521), (601.0479, 38.968674, 388.37714), (603.8239, 36.7797, 404.1673), (608.91504, 36.222256, 400.99237), (611.691, 33.64835, 416.78253), (616.7821, 33.157875, 413.6076)]
                    texCoord2f[] primvars:st = [(0, 0), (1, 0), (0, 0.20512271), (1, 0.20512271), (0, 0.40153462), (1, 0.40153462), (0, 0.5987738), (1, 0.5987738), (0, 0.7994203), (1, 0.7994203), (0, 1), (1, 1)] (
                        interpolation = "vertex"
                    )
                    uniform token subdivisionScheme = "none"
                }

                def Mesh "Street_59" (
                    prepend apiSchemas = ["MaterialBindingAPI"]
                )
                {
                    float3[] extent = [(551.1583, 32.929573, 412.22226), (614.63947, 44.32168, 426.66263)]
                    int[] faceVertexCounts = [4, 4, 4, 4]
                    int[] faceVertexIndices = [0, 2, 3, 1, 2, 4, 5, 3, 4, 6, 7, 5, 6, 8, 9, 7]
                    rel material:binding = </Island/Town/Roads/Ribbon/RoadMaterial>
                    point3f[] points = [(551.9642, 43.05336, 426.66263), (551.1583, 44.32168, 420.71698), (567.633, 41.219345, 424.53894), (566.82715, 41.219345, 418.5933), (583.3018, 38.584568, 422.41525), (582.496, 38.584568, 416.4696), (598.97064, 35.203968, 420.29156), (598.1648, 36.557743, 414.34592), (614.63947, 32.929573, 418.16788), (613.8336, 33.872368, 412.22226)]
                    texCoord2f[] primvars:st = [(0, 0), (1, 0), (0, 0.25005823), (1, 0.25005823), (0, 0.50011736), (1, 0.50011736), (0, 0.7501756), (1, 0.7501756), (0, 1), (1, 1)] (
                        interpolation = "vertex"
                    )
                    uniform token subdivisionScheme = "none"
                }

                def Mesh "Street_60" (
                    prepend apiSchemas = ["MaterialBindingAPI"]
                )
                {
                    float3[] extent = [(696.26447, 17.875032, 303.50763), (750.213, 20.996004, 382.3172)]
                    int[] faceVertexCounts = [4, 4, 4, 4, 4, 4]
                    int[] faceVertexIndices = [0, 2, 3, 1, 2, 4, 5, 3, 4, 6, 7, 5, 6, 8, 9, 7, 8, 10, 11, 9, 10, 12, 13, 11]
                    rel material:binding = </Island/Town/Roads/Ribbon/RoadMaterial>
                    point3f[] points = [(701.301, 19.978245, 382.3172), (696.26447, 20.974785, 379.0564), (709.453, 19.249983, 369.72574), (704.41644, 20.448, 366.46494), (717.60504, 17.875032, 357.13428), (712.5684, 19.170004, 353.87347), (725.757, 19.594633, 344.54282), (720.72046, 20.75969, 341.282), (733.909, 19.767895, 331.95135), (728.87244, 20.996004, 328.69055), (742.06104, 19.278854, 319.3599), (737.0244, 20.489952, 316.0991), (750.213, 19.124802, 306.76843), (745.17645, 20.282217, 303.50763)]
                    texCoord2f[] primvars:st = [(0, 0), (1, 0), (0, 0.16646588), (1, 0.16646588), (0, 0.33348998), (1, 0.33348998), (0, 0.5009129), (1, 0.5009129), (0, 0.6672494), (1, 0.6672494), (0, 0.8336653), (1, 0.8336653), (0, 1), (1, 1)] (
                        interpolation = "vertex"
                    )
                    uniform token subdivisionScheme = "none"
                }

                def Mesh "Street_61" (
                    prepend apiSchemas = ["MaterialBindingAPI"]
                )
                {
                    float3[] extent = [(696.2788, 10.249317, 379.0344), (750.8588, 20.912582, 457.45642)]
                    int[] faceVertexCounts = [4, 4, 4, 4, 4, 4]
                    int[] faceVertexIndices = [0, 2, 3, 1, 2, 4, 5, 3, 4, 6, 7, 5, 6, 8, 9, 7, 8, 10, 11, 9, 10, 12, 13, 11]
                    rel material:binding = </Island/Town/Roads/Ribbon/RoadMaterial>
                    point3f[] points = [(696.2788, 20.912582, 382.3392), (701.2866, 20.02871, 379.0344), (704.54083, 19.208529, 394.85873), (709.54865, 18.460997, 391.55392), (712.8029, 17.23497, 407.37827), (717.8107, 16.683872, 404.07346), (721.06494, 15.15609, 419.8978), (726.07275, 14.65666, 416.593), (729.32697, 12.996256, 432.41736), (734.3348, 12.6521015, 429.11255), (737.589, 10.249317, 444.9369), (742.5968, 10.591388, 441.63208), (745.851, 10.549423, 457.45642), (750.8588, 10.549423, 454.1516)]
                    texCoord2f[] primvars:st = [(0, 0), (1, 0), (0, 0.16641016), (1, 0.16641016), (0, 0.3331691), (1, 0.3331691), (0, 0.5001544), (1, 0.5001544), (0, 0.6671329), (1, 0.6671329), (0, 0.83454883), (1, 0.83454883), (0, 1), (1, 1)] (
                        interpolation = "vertex"
                    )
                    uniform token subdivisionScheme = "none"
                }

                def Mesh "Street_62" (
                    prepend apiSchemas = ["MaterialBindingAPI"]
                )
                {
                    float3[] extent = [(-595.92035, 57.159615, 230.40192), (-516.1843, 84.87258, 282.78152)]
                    int[] faceVertexCounts = [4, 4, 4, 4, 4, 4]
                    int[] faceVertexIndices = [0, 2, 3, 1, 2, 4, 5, 3, 4, 6, 7, 5, 6, 8, 9, 7, 8, 10, 11, 9, 10, 12, 13, 11]
                    rel material:binding = </Island/Town/Roads/Ribbon/RoadMaterial>
                    point3f[] points = [(-519.33594, 83.75832, 230.40192), (-516.1843, 84.87258, 235.50755), (-532.1, 79.12592, 238.28091), (-528.9484, 80.1647, 243.38655), (-544.8641, 75.529076, 246.15991), (-541.71246, 75.8787, 251.26555), (-557.6281, 73.10464, 254.03891), (-554.47656, 71.18998, 259.14453), (-570.3922, 69.11336, 261.9179), (-567.2406, 66.918564, 267.02353), (-583.15625, 65.48163, 269.7969), (-580.00464, 62.46756, 274.90253), (-595.92035, 60.14747, 277.6759), (-592.76874, 57.159615, 282.78152)]
                    texCoord2f[] primvars:st = [(0, 0), (1, 0), (0, 0.1681968), (1, 0.1681968), (0, 0.33439016), (1, 0.33439016), (0, 0.4993585), (1, 0.4993585), (0, 0.6647596), (1, 0.6647596), (0, 0.82952136), (1, 0.82952136), (0, 1), (1, 1)] (
                        interpolation = "vertex"
                    )
                    uniform token subdivisionScheme = "none"
                }

                def Mesh "Street_63" (
                    prepend apiSchemas = ["MaterialBindingAPI"]
                )
                {
                    float3[] extent = [(-379.18143, 102.96245, 212.06673), (-350.5455, 127.591934, 300.64453)]
                    int[] faceVertexCounts = [4, 4, 4, 4, 4, 4]
                    int[] faceVertexIndices = [0, 2, 3, 1, 2, 4, 5, 3, 4, 6, 7, 5, 6, 8, 9, 7, 8, 10, 11, 9, 10, 12, 13, 11]
                    rel material:binding = </Island/Town/Roads/Ribbon/RoadMaterial>
                    point3f[] points = [(-373.37772, 106.53941, 300.64453), (-379.18143, 102.96245, 299.1224), (-369.57233, 105.24086, 286.13525), (-375.37604, 103.187325, 284.61313), (-365.76697, 109.21497, 271.62598), (-371.57068, 111.025986, 270.10385), (-361.9616, 116.014656, 257.1167), (-367.76532, 115.601456, 255.59456), (-358.15625, 119.40382, 242.60742), (-363.95996, 118.8125, 241.08528), (-354.35086, 123.21916, 228.09814), (-360.15457, 122.46847, 226.576), (-350.5455, 127.591934, 213.58887), (-356.3492, 126.43607, 212.06673)]
                    texCoord2f[] primvars:st = [(0, 0), (1, 0), (0, 0.16031402), (1, 0.16031402), (0, 0.334597), (1, 0.334597), (0, 0.50554603), (1, 0.50554603), (0, 0.66918087), (1, 0.66918087), (0, 0.8340086), (1, 0.8340086), (0, 1), (1, 1)] (
                        interpolation = "vertex"
                    )
                    uniform token subdivisionScheme = "none"
                }

                def Mesh "Street_64" (
                    prepend apiSchemas = ["MaterialBindingAPI"]
                )
                {
                    float3[] extent = [(-91.87561, 60.627518, -674.64154), (-81.38754, 66.23599, -655.23663)]
                    int[] faceVertexCounts = [4, 4]
                    int[] faceVertexIndices = [0, 2, 3, 1, 2, 4, 5, 3]
                    rel material:binding = </Island/Town/Roads/Ribbon/RoadMaterial>
                    point3f[] points = [(-86.07135, 66.23599, -655.23663), (-91.87561, 64.26156, -656.75665), (-83.72945, 64.24445, -664.179), (-89.53371, 62.781578, -665.6991), (-81.38754, 61.730236, -673.12146), (-87.191795, 60.627518, -674.64154)]
                    texCoord2f[] primvars:st = [(0, 0), (1, 0), (0, 0.4962118), (1, 0.4962118), (0, 1), (1, 1)] (
                        interpolation = "vertex"
                    )
                    uniform token subdivisionScheme = "none"
                }

                def Mesh "Street_65" (
                    prepend apiSchemas = ["MaterialBindingAPI"]
                )
                {
                    float3[] extent = [(-195.94254, 72.3603, -589.7598), (-106.50452, 82.299706, -566.29315)]
                    int[] faceVertexCounts = [4, 4, 4, 4, 4, 4]
                    int[] faceVertexIndices = [0, 2, 3, 1, 2, 4, 5, 3, 4, 6, 7, 5, 6, 8, 9, 7, 8, 10, 11, 9, 10, 12, 13, 11]
                    rel material:binding = </Island/Town/Roads/Ribbon/RoadMaterial>
                    point3f[] points = [(-107.676674, 78.4903, -589.7598), (-106.50452, 80.32573, -583.8754), (-122.38765, 76.38129, -586.8294), (-121.21549, 76.38129, -580.945), (-137.09863, 72.3603, -583.89905), (-135.92647, 74.230354, -578.01465), (-151.8096, 78.74385, -580.9687), (-150.63745, 81.218666, -575.0843), (-166.52058, 75.70009, -578.03827), (-165.34843, 78.29625, -572.1539), (-181.23155, 77.433235, -575.1079), (-180.0594, 78.99147, -569.2235), (-195.94254, 80.6114, -572.1775), (-194.77039, 82.299706, -566.29315)]
                    texCoord2f[] primvars:st = [(0, 0), (1, 0), (0, 0.1651441), (1, 0.1651441), (0, 0.3302879), (1, 0.3302879), (0, 0.50721204), (1, 0.50721204), (0, 0.67211384), (1, 0.67211384), (0, 0.83442396), (1, 0.83442396), (0, 1), (1, 1)] (
                        interpolation = "vertex"
                    )
                    uniform token subdivisionScheme = "none"
                }

                def Mesh "Street_66" (
                    prepend apiSchemas = ["MaterialBindingAPI"]
                )
                {
                    float3[] extent = [(-4.0393877, 29.43168, -769.0884), (7.9250355, 33.672615, -756.56476)]
                    int[] faceVertexCounts = [4]
                    int[] faceVertexIndices = [0, 2, 3, 1]
                    rel material:binding = </Island/Town/Roads/Ribbon/RoadMaterial>
                    point3f[] points = [(7.9250355, 32.492676, -760.483), (3.3811095, 33.672615, -756.56476), (0.50453824, 29.43168, -769.0884), (-4.0393877, 30.905073, -765.17017)]
                    texCoord2f[] primvars:st = [(0, 0), (1, 0), (0, 1), (1, 1)] (
                        interpolation = "vertex"
                    )
                    uniform token subdivisionScheme = "none"
                }

                def Mesh "Street_67" (
                    prepend apiSchemas = ["MaterialBindingAPI"]
                )
                {
                    float3[] extent = [(-31.365551, 51.449715, -701.8937), (57.680637, 63.000492, -675.82086)]
                    int[] faceVertexCounts = [4, 4, 4, 4, 4, 4]
                    int[] faceVertexIndices = [0, 2, 3, 1, 2, 4, 5, 3, 4, 6, 7, 5, 6, 8, 9, 7, 8, 10, 11, 9, 10, 12, 13, 11]
                    rel material:binding = </Island/Town/Roads/Ribbon/RoadMaterial>
                    point3f[] points = [(56.332222, 51.449715, -701.8937), (57.680637, 53.106304, -696.0471), (41.715927, 54.376114, -698.5226), (43.064342, 56.207527, -692.6761), (27.09963, 56.324566, -695.15155), (28.448048, 58.458675, -689.30505), (12.4833355, 57.79886, -691.7805), (13.831752, 60.196693, -685.934), (-2.1329598, 59.477573, -688.4095), (-0.7845439, 62.013424, -682.563), (-16.749256, 60.522358, -685.03845), (-15.400839, 63.000492, -679.19196), (-31.365551, 60.599712, -681.6674), (-30.017134, 62.90381, -675.82086)]
                    texCoord2f[] primvars:st = [(0, 0), (1, 0), (0, 0.1687563), (1, 0.1687563), (0, 0.33580518), (1, 0.33580518), (0, 0.5021904), (1, 0.5021904), (0, 0.6687431), (1, 0.6687431), (0, 0.83456117), (1, 0.83456117), (0, 1), (1, 1)] (
                        interpolation = "vertex"
                    )
                    uniform token subdivisionScheme = "none"
                }

                def Mesh "Street_68" (
                    prepend apiSchemas = ["MaterialBindingAPI"]
                )
                {
                    float3[] extent = [(168.12888, 71.40327, -596.55853), (250.09352, 80.43999, -548.35785)]
                    int[] faceVertexCounts = [4, 4, 4, 4, 4, 4]
                    int[] faceVertexIndices = [0, 2, 3, 1, 2, 4, 5, 3, 4, 6, 7, 5, 6, 8, 9, 7, 8, 10, 11, 9, 10, 12, 13, 11]
                    rel material:binding = </Island/Town/Roads/Ribbon/RoadMaterial>
                    point3f[] points = [(168.12888, 79.02517, -591.285), (170.99068, 76.7021, -596.55853), (181.31268, 80.43999, -584.13043), (184.17448, 77.917366, -589.404), (194.49649, 80.16111, -576.97595), (197.35829, 77.62755, -582.24945), (207.6803, 79.216736, -569.8214), (210.5421, 76.696594, -575.0949), (220.8641, 78.43705, -562.6669), (223.7259, 76.008385, -567.9404), (234.04791, 73.62568, -555.5123), (236.90971, 71.40327, -560.7859), (247.23172, 77.160904, -548.35785), (250.09352, 74.77627, -553.63135)]
                    texCoord2f[] primvars:st = [(0, 0), (1, 0), (0, 0.16512056), (1, 0.16512056), (0, 0.3296422), (1, 0.3296422), (0, 0.4944568), (1, 0.4944568), (0, 0.65914434), (1, 0.65914434), (0, 0.8313356), (1, 0.8313356), (0, 1), (1, 1)] (
                        interpolation = "vertex"
                    )
                    uniform token subdivisionScheme = "none"
                }

                def Mesh "Street_69" (
                    prepend apiSchemas = ["MaterialBindingAPI"]
                )
                {
                    float3[] extent = [(-91.889, 14.627503, 786.2135), (-7.77477, 26.803059, 829.66077)]
                    int[] faceVertexCounts = [4, 4, 4, 4, 4, 4]
                    int[] faceVertexIndices = [0, 2, 3, 1, 2, 4, 5, 3, 4, 6, 7, 5, 6, 8, 9, 7, 8, 10, 11, 9, 10, 12, 13, 11]
                    rel material:binding = </Island/Town/Roads/Ribbon/RoadMaterial>
                    point3f[] points = [(-91.889, 25.431145, 791.65216), (-89.355095, 26.803059, 786.2135), (-78.292274, 24.078646, 797.98694), (-75.75837, 25.4586, 792.5482), (-64.69556, 23.002497, 804.3217), (-62.16165, 24.35451, 798.883), (-51.098835, 21.58443, 810.65643), (-48.56493, 22.802061, 805.2178), (-37.502113, 19.361095, 816.9912), (-34.968212, 20.022026, 811.55255), (-23.905394, 17.597637, 823.326), (-21.37149, 17.597637, 817.88727), (-10.308674, 14.627503, 829.66077), (-7.77477, 16.231165, 824.22205)]
                    texCoord2f[] primvars:st = [(0, 0), (1, 0), (0, 0.16609958), (1, 0.16609958), (0, 0.33196074), (1, 0.33196074), (0, 0.49818408), (1, 0.49818408), (0, 0.66588855), (1, 0.66588855), (0, 0.8329443), (1, 0.8329443), (0, 1), (1, 1)] (
                        interpolation = "vertex"
                    )
                    uniform token subdivisionScheme = "none"
                }

                def Mesh "Street_70" (
                    prepend apiSchemas = ["MaterialBindingAPI"]
                )
                {
                    float3[] extent = [(-161.26924, 11.793555, 786.6425), (-88.68441, 26.620544, 849.3523)]
                    int[] faceVertexCounts = [4, 4, 4, 4, 4, 4]
                    int[] faceVertexIndices = [0, 2, 3, 1, 2, 4, 5, 3, 4, 6, 7, 5, 6, 8, 9, 7, 8, 10, 11, 9, 10, 12, 13, 11]
                    rel material:binding = </Island/Town/Roads/Ribbon/RoadMaterial>
                    point3f[] points = [(-92.559685, 26.620544, 786.6425), (-88.68441, 25.596607, 791.22314), (-104.01128, 24.15549, 796.3307), (-100.136, 23.101875, 800.9113), (-115.46287, 21.939741, 806.01886), (-111.58759, 20.938875, 810.59955), (-126.91447, 18.792164, 815.7071), (-123.03919, 18.355526, 820.2877), (-138.36606, 14.34697, 825.39526), (-134.49078, 14.155763, 829.9759), (-149.81766, 14.127941, 835.08344), (-145.94238, 12.411837, 839.66406), (-161.26924, 12.815674, 844.77167), (-157.39397, 11.793555, 849.3523)]
                    texCoord2f[] primvars:st = [(0, 0), (1, 0), (0, 0.16650714), (1, 0.16650714), (0, 0.33245644), (1, 0.33245644), (0, 0.49965876), (1, 0.49965876), (0, 0.67089516), (1, 0.67089516), (0, 0.8354036), (1, 0.8354036), (0, 1), (1, 1)] (
                        interpolation = "vertex"
                    )
                    uniform token subdivisionScheme = "none"
                }

                def Mesh "Street_71" (
                    prepend apiSchemas = ["MaterialBindingAPI"]
                )
                {
                    float3[] extent = [(-324.5511, 25.120924, 725.22906), (-234.84856, 31.636978, 746.5109)]
                    int[] faceVertexCounts = [4, 4, 4, 4, 4, 4]
                    int[] faceVertexIndices = [0, 2, 3, 1, 2, 4, 5, 3, 4, 6, 7, 5, 6, 8, 9, 7, 8, 10, 11, 9, 10, 12, 13, 11]
                    rel material:binding = </Island/Town/Roads/Ribbon/RoadMaterial>
                    point3f[] points = [(-234.84856, 31.636978, 740.59906), (-235.87323, 30.01192, 746.5109), (-249.6282, 30.245646, 738.03735), (-250.65288, 28.708504, 743.9492), (-264.40784, 28.557537, 735.4757), (-265.43253, 27.045233, 741.3876), (-279.1875, 27.961842, 732.91406), (-280.21216, 26.416029, 738.82587), (-293.96713, 28.480751, 730.35236), (-294.9918, 26.95927, 736.2642), (-308.74677, 27.842604, 727.7907), (-309.77145, 26.388388, 733.7026), (-323.52643, 26.497734, 725.22906), (-324.5511, 25.120924, 731.14087)]
                    texCoord2f[] primvars:st = [(0, 0), (1, 0), (0, 0.16688788), (1, 0.16688788), (0, 0.33413318), (1, 0.33413318), (0, 0.50048447), (1, 0.50048447), (0, 0.66680545), (1, 0.66680545), (0, 0.83315843), (1, 0.83315843), (0, 1), (1, 1)] (
                        interpolation = "vertex"
                    )
                    uniform token subdivisionScheme = "none"
                }

                def Mesh "Street_72" (
                    prepend apiSchemas = ["MaterialBindingAPI"]
                )
                {
                    float3[] extent = [(-257.51184, 30.330006, 654.99054), (-232.4301, 52.943512, 744.1956)]
                    int[] faceVertexCounts = [4, 4, 4, 4, 4, 4]
                    int[] faceVertexIndices = [0, 2, 3, 1, 2, 4, 5, 3, 4, 6, 7, 5, 6, 8, 9, 7, 8, 10, 11, 9, 10, 12, 13, 11]
                    rel material:binding = </Island/Town/Roads/Ribbon/RoadMaterial>
                    point3f[] points = [(-232.4301, 31.302584, 742.9143), (-238.29169, 30.330006, 744.1956), (-235.63347, 34.78594, 728.2603), (-241.49504, 33.595184, 729.5417), (-238.83682, 38.24052, 713.6064), (-244.69841, 36.87806, 714.88776), (-242.04019, 41.59229, 698.95245), (-247.90176, 40.012924, 700.23376), (-245.24355, 44.41379, 684.29846), (-251.10513, 42.8717, 685.57983), (-248.44691, 47.80733, 669.64453), (-254.30849, 47.104385, 670.92584), (-251.65027, 52.943512, 654.99054), (-257.51184, 52.60796, 656.2719)]
                    texCoord2f[] primvars:st = [(0, 0), (1, 0), (0, 0.16573091), (1, 0.16573091), (0, 0.33142996), (1, 0.33142996), (0, 0.496845), (1, 0.496845), (0, 0.6612284), (1, 0.6612284), (0, 0.82809395), (1, 0.82809395), (0, 1), (1, 1)] (
                        interpolation = "vertex"
                    )
                    uniform token subdivisionScheme = "none"
                }

                def Mesh "Street_73" (
                    prepend apiSchemas = ["MaterialBindingAPI"]
                )
                {
                    float3[] extent = [(637.17816, 12.273054, -522.21027), (700.5854, 20.650404, -491.4908)]
                    int[] faceVertexCounts = [4, 4, 4, 4]
                    int[] faceVertexIndices = [0, 2, 3, 1, 2, 4, 5, 3, 4, 6, 7, 5, 6, 8, 9, 7]
                    rel material:binding = </Island/Town/Roads/Ribbon/RoadMaterial>
                    point3f[] points = [(700.5854, 12.273054, -497.03876), (698.3006, 12.861418, -491.4908), (685.30475, 14.329441, -503.33163), (683.02, 15.273655, -497.7837), (670.0242, 14.352939, -509.6245), (667.7394, 16.239693, -504.07654), (654.7435, 17.70739, -515.91736), (652.4588, 17.70739, -510.36942), (639.46295, 19.62077, -522.21027), (637.17816, 20.650404, -516.6623)]
                    texCoord2f[] primvars:st = [(0, 0), (1, 0), (0, 0.25028282), (1, 0.25028282), (0, 0.49847814), (1, 0.49847814), (0, 0.7492397), (1, 0.7492397), (0, 1), (1, 1)] (
                        interpolation = "vertex"
                    )
                    uniform token subdivisionScheme = "none"
                }

                def Mesh "Street_74" (
                    prepend apiSchemas = ["MaterialBindingAPI"]
                )
                {
                    float3[] extent = [(697.8305, 1.0077434, -545.16846), (776.94995, 12.80535, -491.735)]
                    int[] faceVertexCounts = [4, 4, 4, 4, 4, 4]
                    int[] faceVertexIndices = [0, 2, 3, 1, 2, 4, 5, 3, 4, 6, 7, 5, 6, 8, 9, 7, 8, 10, 11, 9, 10, 12, 13, 11]
                    rel material:binding = </Island/Town/Roads/Ribbon/RoadMaterial>
                    point3f[] points = [(701.0555, 12.236062, -491.735), (697.8305, 12.80535, -496.79462), (713.7045, 9.51057, -499.79727), (710.4796, 10.166595, -504.8569), (726.35364, 7.0447993, -507.8596), (723.1287, 7.748794, -512.9192), (739.0027, 4.875059, -515.9219), (735.7778, 5.6128855, -520.9815), (751.6518, 3.1793504, -523.9842), (748.4269, 3.7980435, -529.0438), (764.30084, 1.8669788, -532.0465), (761.0759, 2.3167448, -537.10614), (776.94995, 1.0077434, -540.1088), (773.72504, 1.2262609, -545.16846)]
                    texCoord2f[] primvars:st = [(0, 0), (1, 0), (0, 0.1678158), (1, 0.1678158), (0, 0.3351939), (1, 0.3351939), (0, 0.50207764), (1, 0.50207764), (0, 0.6685157), (1, 0.6685157), (0, 0.8344466), (1, 0.8344466), (0, 1), (1, 1)] (
                        interpolation = "vertex"
                    )
                    uniform token subdivisionScheme = "none"
                }

                def Mesh "Street_75" (
                    prepend apiSchemas = ["MaterialBindingAPI"]
                )
                {
                    float3[] extent = [(320.45004, 63.279133, -556.27686), (346.83353, 66.039246, -539.36816)]
                    int[] faceVertexCounts = [4, 4]
                    int[] faceVertexIndices = [0, 2, 3, 1, 2, 4, 5, 3]
                    rel material:binding = </Island/Town/Roads/Ribbon/RoadMaterial>
                    point3f[] points = [(346.83353, 63.279133, -544.7685), (344.2188, 65.41123, -539.36816), (334.94913, 63.691586, -550.52264), (332.3344, 65.905876, -545.1224), (323.06476, 63.82601, -556.27686), (320.45004, 66.039246, -550.8765)]
                    texCoord2f[] primvars:st = [(0, 0), (1, 0), (0, 0.50013036), (1, 0.50013036), (0, 1), (1, 1)] (
                        interpolation = "vertex"
                    )
                    uniform token subdivisionScheme = "none"
                }

                def Mesh "Street_76" (
                    prepend apiSchemas = ["MaterialBindingAPI"]
                )
                {
                    float3[] extent = [(635.3257, 8.2550745, -609.4574), (646.5907, 20.606462, -519.26044)]
                    int[] faceVertexCounts = [4, 4, 4, 4, 4, 4]
                    int[] faceVertexIndices = [0, 2, 3, 1, 2, 4, 5, 3, 4, 6, 7, 5, 6, 8, 9, 7, 8, 10, 11, 9, 10, 12, 13, 11]
                    rel material:binding = </Island/Town/Roads/Ribbon/RoadMaterial>
                    point3f[] points = [(641.31537, 19.654837, -519.26044), (635.3257, 20.606462, -519.6121), (642.19464, 17.664, -534.2346), (636.20496, 18.050678, -534.5863), (643.07385, 16.162054, -549.20886), (637.08417, 16.162054, -549.56055), (643.95306, 14.384568, -564.18304), (637.9634, 14.384568, -564.5347), (644.8323, 12.251854, -579.1573), (638.8426, 12.943061, -579.509), (645.7115, 10.29374, -594.1315), (639.7218, 10.89638, -594.48315), (646.5907, 8.2550745, -609.1057), (640.601, 8.7818365, -609.4574)]
                    texCoord2f[] primvars:st = [(0, 0), (1, 0), (0, 0.1670502), (1, 0.1670502), (0, 0.3334911), (1, 0.3334911), (0, 0.49993128), (1, 0.49993128), (0, 0.6663721), (1, 0.6663721), (0, 0.83313864), (1, 0.83313864), (0, 1), (1, 1)] (
                        interpolation = "vertex"
                    )
                    uniform token subdivisionScheme = "none"
                }

                def Mesh "Street_77" (
                    prepend apiSchemas = ["MaterialBindingAPI"]
                )
                {
                    float3[] extent = [(478.60037, 34.882137, -580.33405), (545.35333, 39.273685, -511.3465)]
                    int[] faceVertexCounts = [4, 4, 4, 4, 4, 4]
                    int[] faceVertexIndices = [0, 2, 3, 1, 2, 4, 5, 3, 4, 6, 7, 5, 6, 8, 9, 7, 8, 10, 11, 9, 10, 12, 13, 11]
                    rel material:binding = </Island/Town/Roads/Ribbon/RoadMaterial>
                    point3f[] points = [(545.35333, 37.612965, -515.50854), (541.0316, 39.174107, -511.3465), (534.9481, 37.50499, -526.3128), (530.6264, 39.087902, -522.15076), (524.5429, 37.69304, -537.11707), (520.2212, 39.273685, -532.95496), (514.1377, 37.41918, -547.9213), (509.816, 39.01591, -543.7592), (503.73248, 34.882137, -558.7255), (499.4108, 36.226456, -554.5635), (493.32727, 35.65695, -569.5298), (489.00558, 37.346615, -565.3677), (482.92206, 35.991898, -580.33405), (478.60037, 37.616257, -576.17194)]
                    texCoord2f[] primvars:st = [(0, 0), (1, 0), (0, 0.16617617), (1, 0.16617617), (0, 0.3323621), (1, 0.3323621), (0, 0.4985631), (1, 0.4985631), (0, 0.66730714), (1, 0.66730714), (0, 0.8337882), (1, 0.8337882), (0, 1), (1, 1)] (
                        interpolation = "vertex"
                    )
                    uniform token subdivisionScheme = "none"
                }

                def Mesh "Street_78" (
                    prepend apiSchemas = ["MaterialBindingAPI"]
                )
                {
                    float3[] extent = [(1.3882837, 53.146038, 673.40314), (91.17922, 59.108574, 693.8247)]
                    int[] faceVertexCounts = [4, 4, 4, 4, 4, 4]
                    int[] faceVertexIndices = [0, 2, 3, 1, 2, 4, 5, 3, 4, 6, 7, 5, 6, 8, 9, 7, 8, 10, 11, 9, 10, 12, 13, 11]
                    rel material:binding = </Island/Town/Roads/Ribbon/RoadMaterial>
                    point3f[] points = [(91.17922, 55.287514, 687.9031), (90.212555, 53.146038, 693.8247), (76.375175, 55.599304, 685.48645), (75.40851, 53.423042, 691.4081), (61.57113, 57.27578, 683.06976), (60.604465, 55.281876, 688.9914), (46.767082, 58.801544, 680.65314), (45.80042, 56.8529, 686.5747), (31.963037, 59.108574, 678.23645), (30.996374, 57.234715, 684.1581), (17.158993, 55.903263, 675.8198), (16.19233, 55.903263, 681.7414), (2.3549469, 54.185963, 673.40314), (1.3882837, 53.18497, 679.32477)]
                    texCoord2f[] primvars:st = [(0, 0), (1, 0), (0, 0.16571853), (1, 0.16571853), (0, 0.3325463), (1, 0.3325463), (0, 0.4991141), (1, 0.4991141), (0, 0.66484636), (1, 0.66484636), (0, 0.8324231), (1, 0.8324231), (0, 1), (1, 1)] (
                        interpolation = "vertex"
                    )
                    uniform token subdivisionScheme = "none"
                }

                def Mesh "Street_79" (
                    prepend apiSchemas = ["MaterialBindingAPI"]
                )
                {
                    float3[] extent = [(88.72686, 27.217937, 693.4201), (117.48369, 53.378452, 778.43024)]
                    int[] faceVertexCounts = [4, 4, 4, 4, 4, 4]
                    int[] faceVertexIndices = [0, 2, 3, 1, 2, 4, 5, 3, 4, 6, 7, 5, 6, 8, 9, 7, 8, 10, 11, 9, 10, 12, 13, 11]
                    rel material:binding = </Island/Town/Roads/Ribbon/RoadMaterial>
                    point3f[] points = [(88.72686, 52.653595, 695.0131), (94.51152, 53.378452, 693.4201), (92.55556, 47.874348, 708.91595), (98.34021, 48.517357, 707.32294), (96.38425, 43.185295, 722.81885), (102.16891, 43.784164, 721.2258), (100.212944, 38.737907, 736.7217), (105.997604, 39.309517, 735.12866), (104.04164, 34.603107, 750.6246), (109.826294, 35.16757, 749.0315), (107.87034, 30.768982, 764.5274), (113.65499, 31.33386, 762.9344), (111.69903, 27.217937, 778.43024), (117.48369, 27.700644, 776.8372)]
                    texCoord2f[] primvars:st = [(0, 0), (1, 0), (0, 0.16851875), (1, 0.16851875), (0, 0.3366212), (1, 0.3366212), (0, 0.5038607), (1, 0.5038607), (0, 0.6700986), (1, 0.6700986), (0, 0.8353824), (1, 0.8353824), (0, 1), (1, 1)] (
                        interpolation = "vertex"
                    )
                    uniform token subdivisionScheme = "none"
                }

                def Mesh "Street_80" (
                    prepend apiSchemas = ["MaterialBindingAPI"]
                )
                {
                    float3[] extent = [(249.8092, 15.449174, 737.5386), (320.4041, 29.76955, 772.9156)]
                    int[] faceVertexCounts = [4, 4, 4, 4, 4]
                    int[] faceVertexIndices = [0, 2, 3, 1, 2, 4, 5, 3, 4, 6, 7, 5, 6, 8, 9, 7, 8, 10, 11, 9]
                    rel material:binding = </Island/Town/Roads/Ribbon/RoadMaterial>
                    point3f[] points = [(249.8092, 28.528364, 743.03406), (252.21748, 29.76955, 737.5386), (263.44653, 25.59874, 749.0104), (265.8548, 26.525297, 743.5149), (277.08386, 22.641758, 754.98663), (279.49213, 23.63623, 749.4912), (290.72116, 20.115437, 760.96295), (293.12946, 21.160683, 755.46747), (304.3585, 17.868189, 766.9393), (306.76678, 18.775833, 761.4438), (317.99582, 15.449174, 772.9156), (320.4041, 15.992261, 767.4201)]
                    texCoord2f[] primvars:st = [(0, 0), (1, 0), (0, 0.20105624), (1, 0.20105624), (0, 0.40165478), (1, 0.40165478), (0, 0.60116136), (1, 0.60116136), (0, 0.80028564), (1, 0.80028564), (0, 1), (1, 1)] (
                        interpolation = "vertex"
                    )
                    uniform token subdivisionScheme = "none"
                }

                def Mesh "Street_81" (
                    prepend apiSchemas = ["MaterialBindingAPI"]
                )
                {
                    float3[] extent = [(349.38705, 7.006173, 746.01074), (437.5749, 18.407888, 776.49426)]
                    int[] faceVertexCounts = [4, 4, 4, 4, 4, 4]
                    int[] faceVertexIndices = [0, 2, 3, 1, 2, 4, 5, 3, 4, 6, 7, 5, 6, 8, 9, 7, 8, 10, 11, 9, 10, 12, 13, 11]
                    rel material:binding = </Island/Town/Roads/Ribbon/RoadMaterial>
                    point3f[] points = [(349.38705, 17.260588, 751.7801), (351.03467, 18.407888, 746.01074), (363.81042, 15.603279, 755.8991), (365.45804, 16.430128, 750.12976), (378.2338, 13.498499, 760.0181), (379.8814, 13.992317, 754.2488), (392.65717, 11.116574, 764.1372), (394.30478, 11.577155, 758.36786), (407.08054, 9.428668, 768.2562), (408.72815, 10.297584, 762.4869), (421.5039, 8.335021, 772.37524), (423.15152, 9.023178, 766.6059), (435.92728, 7.006173, 776.49426), (437.5749, 7.584417, 770.7249)]
                    texCoord2f[] primvars:st = [(0, 0), (1, 0), (0, 0.1666585), (1, 0.1666585), (0, 0.3339944), (1, 0.3339944), (0, 0.50163954), (1, 0.50163954), (0, 0.66787875), (1, 0.66787875), (0, 0.8338346), (1, 0.8338346), (0, 1), (1, 1)] (
                        interpolation = "vertex"
                    )
                    uniform token subdivisionScheme = "none"
                }

                def Mesh "Street_82" (
                    prepend apiSchemas = ["MaterialBindingAPI"]
                )
                {
                    float3[] extent = [(290.61276, 9.279061, 767.9385), (335.2339, 13.936674, 820.2204)]
                    int[] faceVertexCounts = [4, 4, 4, 4]
                    int[] faceVertexIndices = [0, 2, 3, 1, 2, 4, 5, 3, 4, 6, 7, 5, 6, 8, 9, 7]
                    rel material:binding = </Island/Town/Roads/Ribbon/RoadMaterial>
                    point3f[] points = [(330.60617, 13.355507, 767.9385), (335.2339, 13.355507, 771.75745), (320.60782, 13.936674, 780.05426), (325.23553, 12.784322, 783.87317), (310.60947, 12.493297, 792.17), (315.23715, 11.537059, 795.9889), (300.6111, 11.454855, 804.2857), (305.2388, 10.457724, 808.1047), (290.61276, 10.105115, 816.4014), (295.24045, 9.279061, 820.2204)]
                    texCoord2f[] primvars:st = [(0, 0), (1, 0), (0, 0.24942847), (1, 0.24942847), (0, 0.49976823), (1, 0.49976823), (0, 0.7497685), (1, 0.7497685), (0, 1), (1, 1)] (
                        interpolation = "vertex"
                    )
                    uniform token subdivisionScheme = "none"
                }

                def Mesh "Street_83" (
                    prepend apiSchemas = ["MaterialBindingAPI"]
                )
                {
                    float3[] extent = [(369.22452, 37.247334, 601.4241), (441.44513, 40.508068, 650.88605)]
                    int[] faceVertexCounts = [4, 4, 4, 4, 4]
                    int[] faceVertexIndices = [0, 2, 3, 1, 2, 4, 5, 3, 4, 6, 7, 5, 6, 8, 9, 7, 8, 10, 11, 9]
                    rel material:binding = </Island/Town/Roads/Ribbon/RoadMaterial>
                    point3f[] points = [(372.4731, 38.730694, 650.88605), (369.22452, 40.330265, 645.84155), (386.26752, 39.279057, 642.0025), (383.01892, 39.279057, 636.95807), (400.06192, 38.2941, 633.119), (396.81332, 39.95042, 628.0746), (413.85632, 38.64894, 624.23553), (410.60773, 40.508068, 619.19104), (427.65073, 38.23085, 615.35205), (424.40213, 40.2928, 610.30756), (441.44513, 37.247334, 606.4685), (438.19653, 39.275387, 601.4241)]
                    texCoord2f[] primvars:st = [(0, 0), (1, 0), (0, 0.19991037), (1, 0.19991037), (0, 0.39982033), (1, 0.39982033), (0, 0.5998141), (1, 0.5998141), (0, 0.7997424), (1, 0.7997424), (0, 1), (1, 1)] (
                        interpolation = "vertex"
                    )
                    uniform token subdivisionScheme = "none"
                }

                def Mesh "Street_84" (
                    prepend apiSchemas = ["MaterialBindingAPI"]
                )
                {
                    float3[] extent = [(26.242044, 80.211334, 601.0496), (116.43695, 83.35159, 612.0931)]
                    int[] faceVertexCounts = [4, 4, 4, 4, 4, 4]
                    int[] faceVertexIndices = [0, 2, 3, 1, 2, 4, 5, 3, 4, 6, 7, 5, 6, 8, 9, 7, 8, 10, 11, 9, 10, 12, 13, 11]
                    rel material:binding = </Island/Town/Roads/Ribbon/RoadMaterial>
                    point3f[] points = [(116.43695, 82.19076, 606.10254), (116.10009, 80.211334, 612.0931), (101.46061, 83.05574, 605.2604), (101.12375, 81.046844, 611.2509), (86.48427, 83.35159, 604.4182), (86.14741, 81.35293, 610.40875), (71.50793, 83.14724, 603.5761), (71.17107, 81.09678, 609.56665), (56.531586, 83.20352, 602.73395), (56.194725, 80.949715, 608.7245), (41.55525, 82.718506, 601.8918), (41.218388, 80.27837, 607.8823), (26.578907, 81.48624, 601.0496), (26.242044, 81.48624, 607.04016)]
                    texCoord2f[] primvars:st = [(0, 0), (1, 0), (0, 0.16685984), (1, 0.16685984), (0, 0.3334853), (1, 0.3334853), (0, 0.50009704), (1, 0.50009704), (0, 0.6666897), (1, 0.6666897), (0, 0.8334083), (1, 0.8334083), (0, 1), (1, 1)] (
                        interpolation = "vertex"
                    )
                    uniform token subdivisionScheme = "none"
                }

                def Mesh "Street_85" (
                    prepend apiSchemas = ["MaterialBindingAPI"]
                )
                {
                    float3[] extent = [(744.7233, 19.13611, 215.58311), (763.06714, 22.548548, 305.5514)]
                    int[] faceVertexCounts = [4, 4, 4, 4, 4, 4]
                    int[] faceVertexIndices = [0, 2, 3, 1, 2, 4, 5, 3, 4, 6, 7, 5, 6, 8, 9, 7, 8, 10, 11, 9, 10, 12, 13, 11]
                    rel material:binding = </Island/Town/Roads/Ribbon/RoadMaterial>
                    point3f[] points = [(750.66614, 19.13611, 305.5514), (744.7233, 20.27279, 304.72464), (752.733, 19.572433, 290.69446), (746.79016, 20.71232, 289.86774), (754.7998, 21.22477, 275.83752), (748.857, 22.40079, 275.0108), (756.86664, 21.23886, 260.98062), (750.9238, 22.548548, 260.15387), (758.9335, 20.810127, 246.12369), (752.9907, 22.158442, 245.29695), (761.0003, 19.63093, 231.26677), (755.05756, 20.79071, 230.44003), (763.06714, 20.209824, 216.40985), (757.1244, 20.209824, 215.58311)]
                    texCoord2f[] primvars:st = [(0, 0), (1, 0), (0, 0.16643329), (1, 0.16643329), (0, 0.33386078), (1, 0.33386078), (0, 0.500232), (1, 0.500232), (0, 0.6666618), (1, 0.6666618), (0, 0.8336308), (1, 0.8336308), (0, 1), (1, 1)] (
                        interpolation = "vertex"
                    )
                    uniform token subdivisionScheme = "none"
                }

                def Mesh "Street_86" (
                    prepend apiSchemas = ["MaterialBindingAPI"]
                )
                {
                    float3[] extent = [(746.0868, 5.6513214, 302.60532), (825.2838, 19.76463, 355.90823)]
                    int[] faceVertexCounts = [4, 4, 4, 4, 4, 4]
                    int[] faceVertexIndices = [0, 2, 3, 1, 2, 4, 5, 3, 4, 6, 7, 5, 6, 8, 9, 7, 8, 10, 11, 9, 10, 12, 13, 11]
                    rel material:binding = </Island/Town/Roads/Ribbon/RoadMaterial>
                    point3f[] points = [(746.0868, 19.76463, 307.67072), (749.3027, 19.562338, 302.60532), (758.75037, 16.965141, 315.71033), (761.9662, 16.815813, 310.6449), (771.4139, 14.398465, 323.7499), (774.6297, 14.273851, 318.68448), (784.0774, 11.966705, 331.7895), (787.2932, 11.873278, 326.72406), (796.74097, 9.672114, 339.82907), (799.9568, 9.570923, 334.76367), (809.4045, 7.605658, 347.86865), (812.6203, 7.494332, 342.80325), (822.068, 5.7796283, 355.90823), (825.2838, 5.6513214, 350.84283)]
                    texCoord2f[] primvars:st = [(0, 0), (1, 0), (0, 0.16747604), (1, 0.16747604), (0, 0.3344837), (1, 0.3344837), (0, 0.50130004), (1, 0.50130004), (0, 0.6678724), (1, 0.6678724), (0, 0.83411306), (1, 0.83411306), (0, 1), (1, 1)] (
                        interpolation = "vertex"
                    )
                    uniform token subdivisionScheme = "none"
                }

                def Mesh "Street_87" (
                    prepend apiSchemas = ["MaterialBindingAPI"]
                )
                {
                    float3[] extent = [(-428.91888, 68.70232, -449.89337), (-402.28824, 82.98987, -415.20096)]
                    int[] faceVertexCounts = [4, 4, 4]
                    int[] faceVertexIndices = [0, 2, 3, 1, 2, 4, 5, 3, 4, 6, 7, 5]
                    rel material:binding = </Island/Town/Roads/Ribbon/RoadMaterial>
                    point3f[] points = [(-402.28824, 82.98987, -418.62173), (-407.21756, 82.609184, -415.20096), (-409.522, 78.52818, -429.04562), (-414.45135, 78.28641, -425.62485), (-416.75577, 73.68086, -439.4695), (-421.68512, 73.553986, -436.04874), (-423.98953, 69.450096, -449.89337), (-428.91888, 68.70232, -446.47263)]
                    texCoord2f[] primvars:st = [(0, 0), (1, 0), (0, 0.33151072), (1, 0.33151072), (0, 0.6666832), (1, 0.6666832), (0, 1), (1, 1)] (
                        interpolation = "vertex"
                    )
                    uniform token subdivisionScheme = "none"
                }

                def Mesh "Street_88" (
                    prepend apiSchemas = ["MaterialBindingAPI"]
                )
                {
                    float3[] extent = [(-646.28174, 40.185394, 283.05008), (-594.77466, 56.827297, 357.08716)]
                    int[] faceVertexCounts = [4, 4, 4, 4, 4, 4]
                    int[] faceVertexIndices = [0, 2, 3, 1, 2, 4, 5, 3, 4, 6, 7, 5, 6, 8, 9, 7, 8, 10, 11, 9, 10, 12, 13, 11]
                    rel material:binding = </Island/Town/Roads/Ribbon/RoadMaterial>
                    point3f[] points = [(-599.7887, 56.827297, 283.05008), (-594.77466, 55.682285, 286.3454), (-607.53754, 50.88149, 294.84036), (-602.5235, 53.66496, 298.1357), (-615.2864, 50.5401, 306.63065), (-610.27234, 53.139454, 309.926), (-623.0352, 49.89833, 318.42093), (-618.0212, 50.957798, 321.71628), (-630.78406, 47.232914, 330.2112), (-625.77, 47.750103, 333.50656), (-638.5329, 43.79071, 342.00153), (-633.51886, 44.24677, 345.29684), (-646.28174, 40.185394, 353.7918), (-641.2677, 40.69635, 357.08716)]
                    texCoord2f[] primvars:st = [(0, 0), (1, 0), (0, 0.17000704), (1, 0.17000704), (0, 0.3330838), (1, 0.3330838), (0, 0.49709374), (1, 0.49709374), (0, 0.66383773), (1, 0.66383773), (0, 0.83180046), (1, 0.83180046), (0, 1), (1, 1)] (
                        interpolation = "vertex"
                    )
                    uniform token subdivisionScheme = "none"
                }

                def Mesh "Street_89" (
                    prepend apiSchemas = ["MaterialBindingAPI"]
                )
                {
                    float3[] extent = [(-372.49728, 126.160385, 123.742645), (-350.49576, 136.29169, 213.36441)]
                    int[] faceVertexCounts = [4, 4, 4, 4, 4, 4]
                    int[] faceVertexIndices = [0, 2, 3, 1, 2, 4, 5, 3, 4, 6, 7, 5, 6, 8, 9, 7, 8, 10, 11, 9, 10, 12, 13, 11]
                    rel material:binding = </Island/Town/Roads/Ribbon/RoadMaterial>
                    point3f[] points = [(-350.49576, 127.90844, 212.29118), (-356.399, 126.160385, 213.36441), (-353.1788, 129.94339, 197.5331), (-359.08203, 128.19875, 198.60631), (-355.86185, 132.92262, 182.77501), (-361.76508, 131.36394, 183.84822), (-358.5449, 135.4952, 168.0169), (-364.44815, 133.80272, 169.09013), (-361.22797, 136.29169, 153.25882), (-367.1312, 134.63637, 154.33205), (-363.911, 135.17896, 138.50073), (-369.81424, 133.26584, 139.57396), (-366.59406, 131.02696, 123.742645), (-372.49728, 129.6889, 124.815865)]
                    texCoord2f[] primvars:st = [(0, 0), (1, 0), (0, 0.16587509), (1, 0.16587509), (0, 0.33373225), (1, 0.33373225), (0, 0.5004062), (1, 0.5004062), (0, 0.66504025), (1, 0.66504025), (0, 0.82997024), (1, 0.82997024), (0, 1), (1, 1)] (
                        interpolation = "vertex"
                    )
                    uniform token subdivisionScheme = "none"
                }

                def Mesh "Street_90" (
                    prepend apiSchemas = ["MaterialBindingAPI"]
                )
                {
                    float3[] extent = [(-42.87347, 38.957275, -745.0674), (-24.521212, 45.20107, -724.6794)]
                    int[] faceVertexCounts = [4, 4]
                    int[] faceVertexIndices = [0, 2, 3, 1, 2, 4, 5, 3]
                    rel material:binding = </Island/Town/Roads/Ribbon/RoadMaterial>
                    point3f[] points = [(-38.255432, 45.20107, -724.6794), (-42.87347, 43.141064, -728.51), (-31.38832, 42.993423, -732.95807), (-36.00636, 41.57906, -736.7887), (-24.521212, 40.08842, -741.23676), (-29.13925, 38.957275, -745.0674)]
                    texCoord2f[] primvars:st = [(0, 0), (1, 0), (0, 0.49539423), (1, 0.49539423), (0, 1), (1, 1)] (
                        interpolation = "vertex"
                    )
                    uniform token subdivisionScheme = "none"
                }

                def Mesh "Street_91" (
                    prepend apiSchemas = ["MaterialBindingAPI"]
                )
                {
                    float3[] extent = [(-172.50371, 35.067158, -697.8067), (-114.55355, 53.489, -678.39746)]
                    int[] faceVertexCounts = [4, 4, 4, 4]
                    int[] faceVertexIndices = [0, 2, 3, 1, 2, 4, 5, 3, 4, 6, 7, 5, 6, 8, 9, 7]
                    rel material:binding = </Island/Town/Roads/Ribbon/RoadMaterial>
                    point3f[] points = [(-114.55355, 52.03787, -684.2317), (-115.954094, 53.489, -678.39746), (-128.69096, 49.452026, -687.6254), (-130.09149, 50.43318, -681.7912), (-142.82835, 41.59302, -691.0192), (-144.2289, 40.952145, -685.18494), (-156.96576, 38.8511, -694.41296), (-158.3663, 38.8511, -688.5787), (-171.10316, 35.067158, -697.8067), (-172.50371, 37.781937, -691.9725)]
                    texCoord2f[] primvars:st = [(0, 0), (1, 0), (0, 0.24156807), (1, 0.24156807), (0, 0.51853096), (1, 0.51853096), (0, 0.7592656), (1, 0.7592656), (0, 1), (1, 1)] (
                        interpolation = "vertex"
                    )
                    uniform token subdivisionScheme = "none"
                }

                def Mesh "Street_92" (
                    prepend apiSchemas = ["MaterialBindingAPI"]
                )
                {
                    float3[] extent = [(-281.14847, 79.68256, -572.0615), (-194.35016, 85.21836, -536.22)]
                    int[] faceVertexCounts = [4, 4, 4, 4, 4, 4]
                    int[] faceVertexIndices = [0, 2, 3, 1, 2, 4, 5, 3, 4, 6, 7, 5, 6, 8, 9, 7, 8, 10, 11, 9, 10, 12, 13, 11]
                    rel material:binding = </Island/Town/Roads/Ribbon/RoadMaterial>
                    point3f[] points = [(-196.36276, 80.68771, -572.0615), (-194.35016, 82.218666, -566.4091), (-210.49371, 82.784996, -567.02997), (-208.48111, 84.54489, -561.3776), (-224.62466, 83.40922, -561.9985), (-222.61205, 85.21836, -556.34607), (-238.75562, 82.909134, -556.9669), (-236.743, 84.543304, -551.3145), (-252.88657, 81.92464, -551.93536), (-250.87395, 83.48748, -546.283), (-267.01752, 79.68256, -546.9039), (-265.00488, 81.4315, -541.25146), (-281.14847, 81.93675, -541.8723), (-279.13583, 83.67021, -536.22)]
                    texCoord2f[] primvars:st = [(0, 0), (1, 0), (0, 0.16747259), (1, 0.16747259), (0, 0.33330208), (1, 0.33330208), (0, 0.49910507), (1, 0.49910507), (0, 0.66516566), (1, 0.66516566), (0, 0.8324934), (1, 0.8324934), (0, 1), (1, 1)] (
                        interpolation = "vertex"
                    )
                    uniform token subdivisionScheme = "none"
                }

                def Mesh "Street_93" (
                    prepend apiSchemas = ["MaterialBindingAPI"]
                )
                {
                    float3[] extent = [(-212.55872, 54.221268, -658.5763), (-192.39426, 81.86377, -568.7607)]
                    int[] faceVertexCounts = [4, 4, 4, 4, 4, 4]
                    int[] faceVertexIndices = [0, 2, 3, 1, 2, 4, 5, 3, 4, 6, 7, 5, 6, 8, 9, 7, 8, 10, 11, 9, 10, 12, 13, 11]
                    rel material:binding = </Island/Town/Roads/Ribbon/RoadMaterial>
                    point3f[] points = [(-192.39426, 80.99185, -569.70996), (-198.31866, 81.86377, -568.7607), (-194.7676, 76.83551, -584.52106), (-200.69202, 77.54091, -583.5717), (-197.14093, 72.841, -599.3321), (-203.06535, 73.37488, -598.38275), (-199.51427, 68.76803, -614.1431), (-205.43869, 69.16338, -613.1938), (-201.88762, 64.2114, -628.9542), (-207.81204, 64.44667, -628.0049), (-204.26096, 59.102623, -643.76526), (-210.18538, 59.22769, -642.8159), (-206.6343, 54.221268, -658.5763), (-212.55872, 54.300137, -657.62695)]
                    texCoord2f[] primvars:st = [(0, 0), (1, 0), (0, 0.16576184), (1, 0.16576184), (0, 0.33099547), (1, 0.33099547), (0, 0.49646112), (1, 0.49646112), (0, 0.6633869), (1, 0.6633869), (0, 0.8321493), (1, 0.8321493), (0, 1), (1, 1)] (
                        interpolation = "vertex"
                    )
                    uniform token subdivisionScheme = "none"
                }

                def Mesh "Street_94" (
                    prepend apiSchemas = ["MaterialBindingAPI"]
                )
                {
                    float3[] extent = [(-85.07095, 20.76352, -806.7991), (-0.53629047, 31.111855, -764.39355)]
                    int[] faceVertexCounts = [4, 4, 4, 4, 4, 4]
                    int[] faceVertexIndices = [0, 2, 3, 1, 2, 4, 5, 3, 4, 6, 7, 5, 6, 8, 9, 7, 8, 10, 11, 9, 10, 12, 13, 11]
                    rel material:binding = </Island/Town/Roads/Ribbon/RoadMaterial>
                    point3f[] points = [(-0.53629047, 29.211603, -769.86505), (-2.998559, 31.111855, -764.39355), (-14.215023, 28.102365, -776.0207), (-16.677292, 29.937414, -770.5492), (-27.893755, 26.993423, -782.1764), (-30.356024, 28.659857, -776.7049), (-41.572487, 24.929296, -788.33203), (-44.034756, 26.182505, -782.86053), (-55.25122, 22.144876, -794.48773), (-57.713486, 23.615181, -789.01624), (-68.929955, 21.75904, -800.6434), (-71.39222, 23.212729, -795.1719), (-82.60868, 20.76352, -806.7991), (-85.07095, 21.952196, -801.3276)]
                    texCoord2f[] primvars:st = [(0, 0), (1, 0), (0, 0.16613777), (1, 0.16613777), (0, 0.33231556), (1, 0.33231556), (0, 0.49984613), (1, 0.49984613), (0, 0.66816497), (1, 0.66816497), (0, 0.83387315), (1, 0.83387315), (0, 1), (1, 1)] (
                        interpolation = "vertex"
                    )
                    uniform token subdivisionScheme = "none"
                }

                def Mesh "Street_95" (
                    prepend apiSchemas = ["MaterialBindingAPI"]
                )
                {
                    float3[] extent = [(-3.7835717, 16.220028, -829.8352), (66.894325, 30.831186, -764.9078)]
                    int[] faceVertexCounts = [4, 4, 4, 4, 4, 4]
                    int[] faceVertexIndices = [0, 2, 3, 1, 2, 4, 5, 3, 4, 6, 7, 5, 6, 8, 9, 7, 8, 10, 11, 9, 10, 12, 13, 11]
                    rel material:binding = </Island/Town/Roads/Ribbon/RoadMaterial>
                    point3f[] points = [(0.24872227, 30.831186, -764.9078), (-3.7835717, 29.518911, -769.35077), (11.356322, 28.10733, -774.98846), (7.3240285, 26.365704, -779.4315), (22.463923, 26.25319, -785.0692), (18.43163, 24.69562, -789.51227), (33.57152, 24.201426, -795.14996), (29.539228, 22.781559, -799.593), (44.679123, 21.776245, -805.2307), (40.646828, 20.553724, -809.67377), (55.786724, 19.344685, -815.31146), (51.75443, 18.27907, -819.75446), (66.894325, 17.10835, -825.39215), (62.86203, 16.220028, -829.8352)]
                    texCoord2f[] primvars:st = [(0, 0), (1, 0), (0, 0.16791289), (1, 0.16791289), (0, 0.3338035), (1, 0.3338035), (0, 0.50001454), (1, 0.50001454), (0, 0.66675746), (1, 0.66675746), (0, 0.833555), (1, 0.833555), (0, 1), (1, 1)] (
                        interpolation = "vertex"
                    )
                    uniform token subdivisionScheme = "none"
                }

                def Mesh "Street_96" (
                    prepend apiSchemas = ["MaterialBindingAPI"]
                )
                {
                    float3[] extent = [(-109.99272, 64.26156, -656.75665), (-86.07135, 81.46337, -586.05756)]
                    int[] faceVertexCounts = [4, 4, 4, 4, 4]
                    int[] faceVertexIndices = [0, 2, 3, 1, 2, 4, 5, 3, 4, 6, 7, 5, 6, 8, 9, 7, 8, 10, 11, 9]
                    rel material:binding = </Island/Town/Roads/Ribbon/RoadMaterial>
                    point3f[] points = [(-104.18847, 81.46337, -586.05756), (-109.99272, 77.17855, -587.57764), (-100.56504, 78.95717, -599.8934), (-106.3693, 76.83269, -601.41345), (-96.94162, 74.77107, -613.7292), (-102.74588, 73.64213, -615.24927), (-93.3182, 71.83537, -627.565), (-99.12245, 70.49523, -629.0851), (-89.69478, 68.53328, -641.4008), (-95.49903, 67.243004, -642.9209), (-86.07135, 66.23599, -655.23663), (-91.87561, 64.26156, -656.75665)]
                    texCoord2f[] primvars:st = [(0, 0), (1, 0), (0, 0.19688693), (1, 0.19688693), (0, 0.3995236), (1, 0.3995236), (0, 0.5998153), (1, 0.5998153), (0, 0.8009161), (1, 0.8009161), (0, 1), (1, 1)] (
                        interpolation = "vertex"
                    )
                    uniform token subdivisionScheme = "none"
                }

                def Mesh "Street_97" (
                    prepend apiSchemas = ["MaterialBindingAPI"]
                )
                {
                    float3[] extent = [(-90.06425, 60.600155, -681.5388), (-29.60058, 66.84117, -653.20197)]
                    int[] faceVertexCounts = [4, 4, 4, 4]
                    int[] faceVertexIndices = [0, 2, 3, 1, 2, 4, 5, 3, 4, 6, 7, 5, 6, 8, 9, 7]
                    rel material:binding = </Island/Town/Roads/Ribbon/RoadMaterial>
                    point3f[] points = [(-31.782104, 60.600155, -681.5388), (-29.60058, 62.908867, -675.94946), (-46.35264, 60.950153, -675.8519), (-44.171116, 63.11071, -670.2626), (-60.923176, 63.526047, -670.1651), (-58.74165, 65.49272, -664.57574), (-75.493706, 64.89949, -664.4782), (-73.31219, 66.84117, -658.88885), (-90.06425, 64.34624, -658.7913), (-87.88272, 66.187675, -653.20197)]
                    texCoord2f[] primvars:st = [(0, 0), (1, 0), (0, 0.24896905), (1, 0.24896905), (0, 0.5010248), (1, 0.5010248), (0, 0.75088704), (1, 0.75088704), (0, 1), (1, 1)] (
                        interpolation = "vertex"
                    )
                    uniform token subdivisionScheme = "none"
                }

                def Mesh "Street_98" (
                    prepend apiSchemas = ["MaterialBindingAPI"]
                )
                {
                    float3[] extent = [(-33.629013, 61.607475, -679.3525), (-9.502945, 93.435455, -590.00574)]
                    int[] faceVertexCounts = [4, 4, 4, 4, 4, 4]
                    int[] faceVertexIndices = [0, 2, 3, 1, 2, 4, 5, 3, 4, 6, 7, 5, 6, 8, 9, 7, 8, 10, 11, 9, 10, 12, 13, 11]
                    rel material:binding = </Island/Town/Roads/Ribbon/RoadMaterial>
                    point3f[] points = [(-33.629013, 61.607475, -678.1358), (-27.753674, 61.85754, -679.3525), (-30.587223, 67.28715, -663.44745), (-24.711885, 67.650276, -664.6642), (-27.545435, 73.026855, -648.7591), (-21.670097, 73.33185, -649.9758), (-24.503647, 78.822, -634.07074), (-18.62831, 79.00341, -635.2875), (-21.46186, 84.26906, -619.3824), (-15.586521, 84.38948, -620.5991), (-18.420073, 89.06758, -604.69403), (-12.544733, 89.1766, -605.91077), (-15.3782835, 93.41914, -590.00574), (-9.502945, 93.435455, -591.2224)]
                    texCoord2f[] primvars:st = [(0, 0), (1, 0), (0, 0.1682189), (1, 0.1682189), (0, 0.33630183), (1, 0.33630183), (0, 0.5045171), (1, 0.5045171), (0, 0.6715966), (1, 0.6715966), (0, 0.8365374), (1, 0.8365374), (0, 1), (1, 1)] (
                        interpolation = "vertex"
                    )
                    uniform token subdivisionScheme = "none"
                }

                def Mesh "Street_99" (
                    prepend apiSchemas = ["MaterialBindingAPI"]
                )
                {
                    float3[] extent = [(247.23172, 74.77627, -553.63135), (329.19638, 80.101555, -505.4307)]
                    int[] faceVertexCounts = [4, 4, 4, 4, 4, 4]
                    int[] faceVertexIndices = [0, 2, 3, 1, 2, 4, 5, 3, 4, 6, 7, 5, 6, 8, 9, 7, 8, 10, 11, 9, 10, 12, 13, 11]
                    rel material:binding = </Island/Town/Roads/Ribbon/RoadMaterial>
                    point3f[] points = [(247.23172, 77.160904, -548.35785), (250.09352, 74.77627, -553.63135), (260.41553, 78.22535, -541.2033), (263.27734, 75.79905, -546.4768), (273.59933, 78.25268, -534.04877), (276.46115, 75.745056, -539.3223), (286.78314, 77.50964, -526.8943), (289.64496, 75.08116, -532.1678), (299.96695, 80.101555, -519.73975), (302.82877, 77.79285, -525.01324), (313.15076, 79.425316, -512.5852), (316.01257, 77.342415, -517.8587), (326.33456, 78.38649, -505.4307), (329.19638, 76.36516, -510.7042)]
                    texCoord2f[] primvars:st = [(0, 0), (1, 0), (0, 0.16645548), (1, 0.16645548), (0, 0.33252475), (1, 0.33252475), (0, 0.49877405), (1, 0.49877405), (0, 0.6673723), (1, 0.6673723), (0, 0.83355355), (1, 0.83355355), (0, 1), (1, 1)] (
                        interpolation = "vertex"
                    )
                    uniform token subdivisionScheme = "none"
                }

                def Mesh "Street_100" (
                    prepend apiSchemas = ["MaterialBindingAPI"]
                )
                {
                    float3[] extent = [(262.9286, 50.475697, -630.7876), (295.62183, 62.991352, -579.3182)]
                    int[] faceVertexCounts = [4, 4, 4, 4]
                    int[] faceVertexIndices = [0, 2, 3, 1, 2, 4, 5, 3, 4, 6, 7, 5, 6, 8, 9, 7]
                    rel material:binding = </Island/Town/Roads/Ribbon/RoadMaterial>
                    point3f[] points = [(268.14957, 62.991352, -579.3182), (262.9286, 61.675148, -582.2748), (275.01764, 57.646027, -591.4464), (269.79666, 55.778023, -594.40295), (281.8857, 52.478287, -603.5746), (276.66473, 50.475697, -606.5312), (288.75375, 51.543644, -615.7028), (283.53278, 51.543644, -618.65936), (295.62183, 51.543644, -627.831), (290.40085, 51.543644, -630.7876)]
                    texCoord2f[] primvars:st = [(0, 0), (1, 0), (0, 0.25996596), (1, 0.25996596), (0, 0.5180171), (1, 0.5180171), (0, 0.759009), (1, 0.759009), (0, 1), (1, 1)] (
                        interpolation = "vertex"
                    )
                    uniform token subdivisionScheme = "none"
                }

                def Mesh "Street_101" (
                    prepend apiSchemas = ["MaterialBindingAPI"]
                )
                {
                    float3[] extent = [(-9.042718, 14.798748, 823.9115), (80.95927, 17.757614, 829.9414)]
                    int[] faceVertexCounts = [4, 4, 4, 4, 4, 4]
                    int[] faceVertexIndices = [0, 2, 3, 1, 2, 4, 5, 3, 4, 6, 7, 5, 6, 8, 9, 7, 8, 10, 11, 9, 10, 12, 13, 11]
                    rel material:binding = </Island/Town/Roads/Ribbon/RoadMaterial>
                    point3f[] points = [(-9.040726, 14.798748, 829.9414), (-9.042718, 16.165052, 823.9414), (5.9592733, 15.182649, 829.9364), (5.9572816, 16.27724, 823.9364), (20.959272, 16.264147, 829.93146), (20.957281, 16.264147, 823.93146), (35.95927, 16.233665, 829.92645), (35.95728, 17.3903, 823.92645), (50.95927, 16.528807, 829.92145), (50.95728, 17.757614, 823.92145), (65.95927, 16.31255, 829.9165), (65.957275, 17.500528, 823.9165), (80.95927, 15.440559, 829.9115), (80.957275, 16.505537, 823.9115)]
                    texCoord2f[] primvars:st = [(0, 0), (1, 0), (0, 0.16658318), (1, 0.16658318), (0, 0.33325565), (1, 0.33325565), (0, 0.49992812), (1, 0.49992812), (0, 0.6665317), (1, 0.6665317), (0, 0.8331157), (1, 0.8331157), (0, 1), (1, 1)] (
                        interpolation = "vertex"
                    )
                    uniform token subdivisionScheme = "none"
                }

                def Mesh "Street_102" (
                    prepend apiSchemas = ["MaterialBindingAPI"]
                )
                {
                    float3[] extent = [(-11.752258, 15.370068, 744.3396), (32.239445, 37.705265, 828.22705)]
                    int[] faceVertexCounts = [4, 4, 4, 4, 4, 4]
                    int[] faceVertexIndices = [0, 2, 3, 1, 2, 4, 5, 3, 4, 6, 7, 5, 6, 8, 9, 7, 8, 10, 11, 9, 10, 12, 13, 11]
                    rel material:binding = </Island/Town/Roads/Ribbon/RoadMaterial>
                    point3f[] points = [(-6.3311853, 15.492258, 828.22705), (-11.752258, 15.370068, 825.6557), (0.09725291, 18.481335, 814.6744), (-5.3238196, 19.077574, 812.103), (6.5256915, 21.235981, 801.1217), (1.1046187, 22.38363, 798.55035), (12.95413, 21.586084, 787.56903), (7.533057, 24.871294, 784.9977), (19.382568, 27.522379, 774.01636), (13.961495, 27.522379, 771.445), (25.811007, 31.933086, 760.4637), (20.389935, 31.254366, 757.8923), (32.239445, 37.313774, 746.911), (26.818373, 37.705265, 744.3396)]
                    texCoord2f[] primvars:st = [(0, 0), (1, 0), (0, 0.16505137), (1, 0.16505137), (0, 0.3296618), (1, 0.3296618), (0, 0.49156663), (1, 0.49156663), (0, 0.6590863), (1, 0.6590863), (0, 0.8266059), (1, 0.8266059), (0, 1), (1, 1)] (
                        interpolation = "vertex"
                    )
                    uniform token subdivisionScheme = "none"
                }

                def Mesh "Street_103" (
                    prepend apiSchemas = ["MaterialBindingAPI"]
                )
                {
                    float3[] extent = [(-246.95822, 5.9468675, 844.16736), (-158.54344, 12.927252, 873.60156)]
                    int[] faceVertexCounts = [4, 4, 4, 4, 4, 4]
                    int[] faceVertexIndices = [0, 2, 3, 1, 2, 4, 5, 3, 4, 6, 7, 5, 6, 8, 9, 7, 8, 10, 11, 9, 10, 12, 13, 11]
                    rel material:binding = </Island/Town/Roads/Ribbon/RoadMaterial>
                    point3f[] points = [(-160.11978, 12.927252, 844.16736), (-158.54344, 11.7185955, 849.95654), (-174.59285, 11.922449, 848.10815), (-173.01653, 10.897276, 853.8974), (-189.06592, 10.42001, 852.049), (-187.4896, 9.52037, 857.83826), (-203.539, 8.835575, 855.9898), (-201.96266, 8.045033, 861.77905), (-218.01207, 7.662706, 859.93066), (-216.43575, 6.846928, 865.7199), (-232.48515, 6.5967455, 863.87146), (-230.90881, 5.9468675, 869.6607), (-246.95822, 6.2780347, 867.8123), (-245.3819, 6.2780347, 873.60156)]
                    texCoord2f[] primvars:st = [(0, 0), (1, 0), (0, 0.16651295), (1, 0.16651295), (0, 0.3334745), (1, 0.3334745), (0, 0.50054187), (1, 0.50054187), (0, 0.6672547), (1, 0.6672547), (0, 0.8338013), (1, 0.8338013), (0, 1), (1, 1)] (
                        interpolation = "vertex"
                    )
                    uniform token subdivisionScheme = "none"
                }

                def Mesh "Street_104" (
                    prepend apiSchemas = ["MaterialBindingAPI"]
                )
                {
                    float3[] extent = [(-216.29648, 11.993888, 773.6809), (-156.94621, 22.477661, 848.8813)]
                    int[] faceVertexCounts = [4, 4, 4, 4, 4, 4]
                    int[] faceVertexIndices = [0, 2, 3, 1, 2, 4, 5, 3, 4, 6, 7, 5, 6, 8, 9, 7, 8, 10, 11, 9, 10, 12, 13, 11]
                    rel material:binding = </Island/Town/Roads/Ribbon/RoadMaterial>
                    point3f[] points = [(-156.94621, 12.601381, 845.2426), (-161.717, 11.993888, 848.8813), (-166.0428, 15.216169, 833.3157), (-170.81358, 14.304137, 836.95435), (-175.13937, 17.371264, 821.38873), (-179.91016, 16.28552, 825.02734), (-184.23596, 19.22633, 809.4618), (-189.00674, 18.069656, 813.1004), (-193.33253, 20.985079, 797.53485), (-198.10332, 19.784344, 801.17346), (-202.42912, 22.477661, 785.60785), (-207.1999, 20.922663, 789.2465), (-211.5257, 21.730011, 773.6809), (-216.29648, 21.730011, 777.3195)]
                    texCoord2f[] primvars:st = [(0, 0), (1, 0), (0, 0.16772516), (1, 0.16772516), (0, 0.33482805), (1, 0.33482805), (0, 0.5015877), (1, 0.5015877), (0, 0.6682386), (1, 0.6682386), (0, 0.8344527), (1, 0.8344527), (0, 1), (1, 1)] (
                        interpolation = "vertex"
                    )
                    uniform token subdivisionScheme = "none"
                }

                def Mesh "Street_105" (
                    prepend apiSchemas = ["MaterialBindingAPI"]
                )
                {
                    float3[] extent = [(-399.6261, 25.063261, 674.3157), (-322.3252, 27.827703, 730.6474)]
                    int[] faceVertexCounts = [4, 4, 4, 4, 4, 4]
                    int[] faceVertexIndices = [0, 2, 3, 1, 2, 4, 5, 3, 4, 6, 7, 5, 6, 8, 9, 7, 8, 10, 11, 9, 10, 12, 13, 11]
                    rel material:binding = </Island/Town/Roads/Ribbon/RoadMaterial>
                    point3f[] points = [(-322.3252, 26.556921, 725.72253), (-325.75232, 25.063261, 730.6474), (-334.63748, 26.860048, 717.1547), (-338.0646, 25.454641, 722.07965), (-346.9498, 27.35422, 708.5869), (-350.37692, 25.943762, 713.51184), (-359.2621, 26.708733, 700.0191), (-362.6892, 26.708733, 704.94403), (-371.5744, 26.775291, 691.4513), (-375.00153, 26.775291, 696.3762), (-383.8867, 27.827703, 682.8835), (-387.3138, 25.925003, 687.8084), (-396.19897, 26.55908, 674.3157), (-399.6261, 25.470259, 679.2406)]
                    texCoord2f[] primvars:st = [(0, 0), (1, 0), (0, 0.16665797), (1, 0.16665797), (0, 0.3333632), (1, 0.3333632), (0, 0.49998012), (1, 0.49998012), (0, 0.6665973), (1, 0.6665973), (0, 0.8332142), (1, 0.8332142), (0, 1), (1, 1)] (
                        interpolation = "vertex"
                    )
                    uniform token subdivisionScheme = "none"
                }

                def Mesh "Street_106" (
                    prepend apiSchemas = ["MaterialBindingAPI"]
                )
                {
                    float3[] extent = [(-340.2693, 7.941971, 769.479), (-327.29007, 16.706013, 817.6444)]
                    int[] faceVertexCounts = [4, 4, 4]
                    int[] faceVertexIndices = [0, 2, 3, 1, 2, 4, 5, 3, 4, 6, 7, 5]
                    rel material:binding = </Island/Town/Roads/Ribbon/RoadMaterial>
                    point3f[] points = [(-333.22455, 16.314137, 769.479), (-327.29007, 16.706013, 770.3632), (-335.5728, 13.213067, 785.2394), (-329.6383, 13.466632, 786.1236), (-337.92105, 10.39773, 800.9998), (-331.98657, 10.59993, 801.88403), (-340.2693, 7.941971, 816.7602), (-334.3348, 8.130226, 817.6444)]
                    texCoord2f[] primvars:st = [(0, 0), (1, 0), (0, 0.33462536), (1, 0.33462536), (0, 0.66796887), (1, 0.66796887), (0, 1), (1, 1)] (
                        interpolation = "vertex"
                    )
                    uniform token subdivisionScheme = "none"
                }

                def Mesh "Street_107" (
                    prepend apiSchemas = ["MaterialBindingAPI"]
                )
                {
                    float3[] extent = [(-311.54407, 52.173435, 582.2488), (-252.19562, 63.170563, 657.4505)]
                    int[] faceVertexCounts = [4, 4, 4, 4, 4, 4]
                    int[] faceVertexIndices = [0, 2, 3, 1, 2, 4, 5, 3, 4, 6, 7, 5, 6, 8, 9, 7, 8, 10, 11, 9, 10, 12, 13, 11]
                    rel material:binding = </Island/Town/Roads/Ribbon/RoadMaterial>
                    point3f[] points = [(-252.19562, 53.436535, 653.81195), (-256.9665, 52.173435, 657.4505), (-261.29187, 57.4893, 641.88477), (-266.06277, 55.66727, 645.52325), (-270.38815, 59.736797, 629.9576), (-275.15903, 57.70381, 633.59607), (-279.4844, 61.175922, 618.0304), (-284.25528, 59.11346, 621.6689), (-288.58066, 62.9437, 606.1032), (-293.35153, 60.964996, 609.7417), (-297.67694, 63.170563, 594.17596), (-302.4478, 60.776318, 597.8145), (-306.7732, 62.95891, 582.2488), (-311.54407, 61.636272, 585.88727)]
                    texCoord2f[] primvars:st = [(0, 0), (1, 0), (0, 0.17034808), (1, 0.17034808), (0, 0.33721355), (1, 0.33721355), (0, 0.5031561), (1, 0.5031561), (0, 0.66955096), (1, 0.66955096), (0, 0.8347676), (1, 0.8347676), (0, 1), (1, 1)] (
                        interpolation = "vertex"
                    )
                    uniform token subdivisionScheme = "none"
                }

                def Mesh "Street_108" (
                    prepend apiSchemas = ["MaterialBindingAPI"]
                )
                {
                    float3[] extent = [(246.05214, 61.675148, -582.2748), (268.14957, 76.3156, -549.5163)]
                    int[] faceVertexCounts = [4, 4, 4]
                    int[] faceVertexIndices = [0, 2, 3, 1, 2, 4, 5, 3, 4, 6, 7, 5]
                    rel material:binding = </Island/Town/Roads/Ribbon/RoadMaterial>
                    point3f[] points = [(251.27312, 76.3156, -549.5163), (246.05214, 75.31733, -552.4729), (256.8986, 71.92454, -559.45026), (251.67763, 70.847275, -562.40686), (262.52408, 67.46683, -569.3842), (257.3031, 66.24876, -572.3408), (268.14957, 62.991352, -579.3182), (262.9286, 61.675148, -582.2748)]
                    texCoord2f[] primvars:st = [(0, 0), (1, 0), (0, 0.33238918), (1, 0.33238918), (0, 0.6656975), (1, 0.6656975), (0, 1), (1, 1)] (
                        interpolation = "vertex"
                    )
                    uniform token subdivisionScheme = "none"
                }

                def Mesh "Street_109" (
                    prepend apiSchemas = ["MaterialBindingAPI"]
                )
                {
                    float3[] extent = [(264.23172, 61.22133, -583.49664), (323.06476, 66.039246, -550.8765)]
                    int[] faceVertexCounts = [4, 4, 4, 4]
                    int[] faceVertexIndices = [0, 2, 3, 1, 2, 4, 5, 3, 4, 6, 7, 5, 6, 8, 9, 7]
                    rel material:binding = </Island/Town/Roads/Ribbon/RoadMaterial>
                    point3f[] points = [(323.06476, 63.82601, -556.27686), (320.45004, 66.039246, -550.8765), (309.01016, 61.862934, -563.0818), (306.39545, 63.895943, -557.6815), (294.9556, 61.42935, -569.8867), (292.34088, 63.59071, -564.48645), (280.90103, 61.80283, -576.6917), (278.28632, 64.05867, -571.2914), (266.84644, 61.22133, -583.49664), (264.23172, 63.76118, -578.0963)]
                    texCoord2f[] primvars:st = [(0, 0), (1, 0), (0, 0.25156376), (1, 0.25156376), (0, 0.50103503), (1, 0.50103503), (0, 0.7505218), (1, 0.7505218), (0, 1), (1, 1)] (
                        interpolation = "vertex"
                    )
                    uniform token subdivisionScheme = "none"
                }

                def Mesh "Street_110" (
                    prepend apiSchemas = ["MaterialBindingAPI"]
                )
                {
                    float3[] extent = [(395.70398, 36.045147, -613.4195), (481.84012, 40.42942, -575.45374)]
                    int[] faceVertexCounts = [4, 4, 4, 4, 4, 4]
                    int[] faceVertexIndices = [0, 2, 3, 1, 2, 4, 5, 3, 4, 6, 7, 5, 6, 8, 9, 7, 8, 10, 11, 9, 10, 12, 13, 11]
                    rel material:binding = </Island/Town/Roads/Ribbon/RoadMaterial>
                    point3f[] points = [(481.84012, 36.045147, -581.05225), (479.6823, 37.563366, -575.45374), (467.84375, 37.302734, -586.4468), (465.6859, 38.81129, -580.84827), (453.84735, 37.724068, -591.8413), (451.68954, 39.28737, -586.2428), (439.85095, 37.658146, -597.2359), (437.69315, 39.276894, -591.6373), (425.85455, 38.638786, -602.63043), (423.69675, 40.215744, -597.03186), (411.8582, 38.991707, -608.02496), (409.70035, 40.42942, -602.4264), (397.8618, 39.76043, -613.4195), (395.70398, 39.76043, -607.8209)]
                    texCoord2f[] primvars:st = [(0, 0), (1, 0), (0, 0.16707523), (1, 0.16707523), (0, 0.33364454), (1, 0.33364454), (0, 0.5001385), (1, 0.5001385), (0, 0.6669715), (1, 0.6669715), (0, 0.8335063), (1, 0.8335063), (0, 1), (1, 1)] (
                        interpolation = "vertex"
                    )
                    uniform token subdivisionScheme = "none"
                }

                def Mesh "Street_111" (
                    prepend apiSchemas = ["MaterialBindingAPI"]
                )
                {
                    float3[] extent = [(-85.5717, 50.698437, 687.5784), (-47.389027, 55.97923, 703.649)]
                    int[] faceVertexCounts = [4, 4, 4]
                    int[] faceVertexIndices = [0, 2, 3, 1, 2, 4, 5, 3, 4, 6, 7, 5]
                    rel material:binding = </Island/Town/Roads/Ribbon/RoadMaterial>
                    point3f[] points = [(-49.01552, 55.97923, 687.5784), (-47.389027, 53.98771, 693.35376), (-61.200912, 55.46435, 691.0102), (-59.57442, 53.459995, 696.7855), (-73.38631, 54.320305, 694.4419), (-71.75982, 52.27405, 700.2172), (-85.5717, 52.6886, 697.87366), (-83.94521, 50.698437, 703.649)]
                    texCoord2f[] primvars:st = [(0, 0), (1, 0), (0, 0.33216625), (1, 0.33216625), (0, 0.6654641), (1, 0.6654641), (0, 1), (1, 1)] (
                        interpolation = "vertex"
                    )
                    uniform token subdivisionScheme = "none"
                }

                def Mesh "Street_112" (
                    prepend apiSchemas = ["MaterialBindingAPI"]
                )
                {
                    float3[] extent = [(-0.96929646, 51.779655, 603.08093), (29.251387, 78.42559, 677.32794)]
                    int[] faceVertexCounts = [4, 4, 4, 4, 4]
                    int[] faceVertexIndices = [0, 2, 3, 1, 2, 4, 5, 3, 4, 6, 7, 5, 6, 8, 9, 7, 8, 10, 11, 9]
                    rel material:binding = </Island/Town/Roads/Ribbon/RoadMaterial>
                    point3f[] points = [(4.712527, 51.779655, 677.32794), (-0.96929646, 55.49536, 675.39996), (9.620299, 57.537018, 662.8641), (3.9384756, 57.537018, 660.93616), (14.528071, 61.280926, 648.40027), (8.846248, 61.280926, 646.47235), (19.435843, 65.43849, 633.93646), (13.75402, 65.43849, 632.00854), (24.343615, 71.02119, 619.47266), (18.661793, 71.02119, 617.54474), (29.251387, 78.42559, 605.00885), (23.569565, 78.42559, 603.08093)]
                    texCoord2f[] primvars:st = [(0, 0), (1, 0), (0, 0.19570409), (1, 0.19570409), (0, 0.39091983), (1, 0.39091983), (0, 0.58742136), (1, 0.58742136), (0, 0.7892924), (1, 0.7892924), (0, 1), (1, 1)] (
                        interpolation = "vertex"
                    )
                    uniform token subdivisionScheme = "none"
                }

                def Mesh "Street_113" (
                    prepend apiSchemas = ["MaterialBindingAPI"]
                )
                {
                    float3[] extent = [(145.84816, 10.819495, 815.10486), (175.20325, 18.08462, 848.1195)]
                    int[] faceVertexCounts = [4, 4, 4]
                    int[] faceVertexIndices = [0, 2, 3, 1, 2, 4, 5, 3, 4, 6, 7, 5]
                    rel material:binding = </Island/Town/Roads/Ribbon/RoadMaterial>
                    point3f[] points = [(145.84816, 17.34001, 818.99335), (150.41759, 18.08462, 815.10486), (154.11005, 15.042928, 828.7021), (158.67947, 15.737722, 824.8136), (162.37193, 12.819504, 838.41077), (166.94136, 13.547213, 834.52234), (170.63382, 10.819495, 848.1195), (175.20325, 11.528397, 844.231)]
                    texCoord2f[] primvars:st = [(0, 0), (1, 0), (0, 0.3339475), (1, 0.3339475), (0, 0.66744196), (1, 0.66744196), (0, 1), (1, 1)] (
                        interpolation = "vertex"
                    )
                    uniform token subdivisionScheme = "none"
                }

                def Mesh "Street_114" (
                    prepend apiSchemas = ["MaterialBindingAPI"]
                )
                {
                    float3[] extent = [(113.79922, 26.746523, 750.9759), (202.18936, 31.551039, 780.5273)]
                    int[] faceVertexCounts = [4, 4, 4, 4, 4, 4]
                    int[] faceVertexIndices = [0, 2, 3, 1, 2, 4, 5, 3, 4, 6, 7, 5, 6, 8, 9, 7, 8, 10, 11, 9, 10, 12, 13, 11]
                    rel material:binding = </Island/Town/Roads/Ribbon/RoadMaterial>
                    point3f[] points = [(115.38351, 26.746523, 780.5273), (113.79922, 28.197853, 774.74023), (129.85115, 27.61389, 776.5665), (128.26686, 29.170918, 770.7795), (144.31879, 28.686209, 772.60583), (142.7345, 30.335903, 766.8188), (158.78644, 29.459854, 768.64514), (157.20215, 31.195581, 762.85803), (173.25407, 29.787115, 764.6844), (171.66978, 31.551039, 758.89734), (187.72173, 30.660234, 760.7237), (186.13744, 30.660234, 754.93665), (202.18936, 30.660234, 756.76294), (200.60507, 30.660234, 750.9759)]
                    texCoord2f[] primvars:st = [(0, 0), (1, 0), (0, 0.16680223), (1, 0.16680223), (0, 0.33375576), (1, 0.33375576), (0, 0.5004902), (1, 0.5004902), (0, 0.6670215), (1, 0.6670215), (0, 0.83351094), (1, 0.83351094), (0, 1), (1, 1)] (
                        interpolation = "vertex"
                    )
                    uniform token subdivisionScheme = "none"
                }

                def Mesh "Street_115" (
                    prepend apiSchemas = ["MaterialBindingAPI"]
                )
                {
                    float3[] extent = [(330.60617, 17.3511, 746.9859), (352.52472, 18.344812, 771.75745)]
                    int[] faceVertexCounts = [4, 4]
                    int[] faceVertexIndices = [0, 2, 3, 1, 2, 4, 5, 3]
                    rel material:binding = </Island/Town/Roads/Ribbon/RoadMaterial>
                    point3f[] points = [(347.89703, 18.344812, 746.9859), (352.52472, 17.3511, 750.8049), (339.2516, 17.835207, 757.4622), (343.8793, 17.835207, 761.2812), (330.60617, 17.835207, 767.9385), (335.2339, 17.835207, 771.75745)]
                    texCoord2f[] primvars:st = [(0, 0), (1, 0), (0, 0.50000054), (1, 0.50000054), (0, 1), (1, 1)] (
                        interpolation = "vertex"
                    )
                    uniform token subdivisionScheme = "none"
                }

                def Mesh "Street_116" (
                    prepend apiSchemas = ["MaterialBindingAPI"]
                )
                {
                    float3[] extent = [(319.13004, 15.254905, 766.8488), (332.98993, 16.24428, 773.167)]
                    int[] faceVertexCounts = [4]
                    int[] faceVertexIndices = [0, 2, 3, 1]
                    rel material:binding = </Island/Town/Roads/Ribbon/RoadMaterial>
                    point3f[] points = [(319.26987, 15.254905, 773.167), (319.13004, 16.24428, 767.16864), (332.98993, 15.763904, 772.84717), (332.8501, 15.763904, 766.8488)]
                    texCoord2f[] primvars:st = [(0, 0), (1, 0), (0, 1), (1, 1)] (
                        interpolation = "vertex"
                    )
                    uniform token subdivisionScheme = "none"
                }

                def Mesh "Street_117" (
                    prepend apiSchemas = ["MaterialBindingAPI"]
                )
                {
                    float3[] extent = [(472.81335, 46.022152, 519.55664), (504.49042, 50.668633, 530.4731)]
                    int[] faceVertexCounts = [4, 4]
                    int[] faceVertexIndices = [0, 2, 3, 1, 2, 4, 5, 3]
                    rel material:binding = </Island/Town/Roads/Ribbon/RoadMaterial>
                    point3f[] points = [(473.77634, 48.81889, 530.4731), (472.81335, 50.668633, 524.55084), (489.13336, 46.022152, 527.97595), (488.17038, 47.110237, 522.0538), (504.49042, 46.755367, 525.4788), (503.52744, 46.755367, 519.55664)]
                    texCoord2f[] primvars:st = [(0, 0), (1, 0), (0, 0.5045441), (1, 0.5045441), (0, 1), (1, 1)] (
                        interpolation = "vertex"
                    )
                    uniform token subdivisionScheme = "none"
                }

                def Mesh "Street_118" (
                    prepend apiSchemas = ["MaterialBindingAPI"]
                )
                {
                    float3[] extent = [(437.4648, 37.21607, 520.6605), (506.36493, 44.2793, 605.80347)]
                    int[] faceVertexCounts = [4, 4, 4, 4, 4, 4, 4]
                    int[] faceVertexIndices = [0, 2, 3, 1, 2, 4, 5, 3, 4, 6, 7, 5, 6, 8, 9, 7, 8, 10, 11, 9, 10, 12, 13, 11, 12, 14, 15, 13]
                    rel material:binding = </Island/Town/Roads/Ribbon/RoadMaterial>
                    point3f[] points = [(442.17685, 37.21607, 605.80347), (437.4648, 39.31259, 602.0891), (451.3466, 38.67983, 594.17084), (446.63452, 38.67983, 590.4565), (460.5163, 39.10124, 582.5382), (455.80426, 39.10124, 578.8238), (469.68604, 38.50365, 570.9055), (464.974, 40.54617, 567.19116), (478.85577, 37.45394, 559.2729), (474.1437, 39.065987, 555.5585), (488.02548, 41.183323, 547.64026), (483.31345, 43.116802, 543.92584), (497.19522, 42.275394, 536.00757), (492.4832, 44.2793, 532.2932), (506.36493, 43.253242, 524.37494), (501.6529, 43.253242, 520.6605)]
                    texCoord2f[] primvars:st = [(0, 0), (1, 0), (0, 0.14210972), (1, 0.14210972), (0, 0.28422007), (1, 0.28422007), (0, 0.42632997), (1, 0.42632997), (0, 0.5688341), (1, 0.5688341), (0, 0.71549815), (1, 0.71549815), (0, 0.85794777), (1, 0.85794777), (0, 1), (1, 1)] (
                        interpolation = "vertex"
                    )
                    uniform token subdivisionScheme = "none"
                }

                def Mesh "Street_119" (
                    prepend apiSchemas = ["MaterialBindingAPI"]
                )
                {
                    float3[] extent = [(437.33112, 15.384136, 602.2726), (492.52225, 38.4763, 680.3113)]
                    int[] faceVertexCounts = [4, 4, 4, 4, 4, 4]
                    int[] faceVertexIndices = [0, 2, 3, 1, 2, 4, 5, 3, 4, 6, 7, 5, 6, 8, 9, 7, 8, 10, 11, 9, 10, 12, 13, 11]
                    rel material:binding = </Island/Town/Roads/Ribbon/RoadMaterial>
                    point3f[] points = [(437.33112, 38.4763, 605.62), (442.31055, 37.963547, 602.2726), (445.69974, 33.541714, 618.06854), (450.67917, 33.21304, 614.7211), (454.06836, 29.174667, 630.5171), (459.04776, 28.962404, 627.1697), (462.43698, 25.291553, 642.96564), (467.41638, 25.121061, 639.6182), (470.8056, 21.687674, 655.4142), (475.785, 21.532879, 652.0668), (479.17422, 18.415617, 667.86273), (484.15363, 18.253931, 664.51526), (487.54285, 15.558855, 680.3113), (492.52225, 15.384136, 676.9638)]
                    texCoord2f[] primvars:st = [(0, 0), (1, 0), (0, 0.16973577), (1, 0.16973577), (0, 0.33769652), (1, 0.33769652), (0, 0.50440484), (1, 0.50440484), (0, 0.6704203), (1, 0.6704203), (0, 0.8356592), (1, 0.8356592), (0, 1), (1, 1)] (
                        interpolation = "vertex"
                    )
                    uniform token subdivisionScheme = "none"
                }

                def Mesh "Street_120" (
                    prepend apiSchemas = ["MaterialBindingAPI"]
                )
                {
                    float3[] extent = [(-61.819477, 72.81061, 601.12714), (27.108173, 81.38743, 627.8936)]
                    int[] faceVertexCounts = [4, 4, 4, 4, 4, 4]
                    int[] faceVertexIndices = [0, 2, 3, 1, 2, 4, 5, 3, 4, 6, 7, 5, 6, 8, 9, 7, 8, 10, 11, 9, 10, 12, 13, 11]
                    rel material:binding = </Island/Town/Roads/Ribbon/RoadMaterial>
                    point3f[] points = [(25.712778, 80.437225, 601.12714), (27.108173, 80.437225, 606.96265), (11.124068, 80.437225, 604.61566), (12.5194645, 80.437225, 610.4511), (-3.4646406, 81.38743, 608.1041), (-2.0692444, 79.38327, 613.93964), (-18.05335, 79.13967, 611.59265), (-16.657953, 77.30114, 617.4281), (-32.64206, 75.4728, 615.0811), (-31.246662, 73.53577, 620.9166), (-47.230766, 75.126, 618.56964), (-45.835373, 72.81061, 624.4051), (-61.819477, 77.3765, 622.0581), (-60.42408, 75.52229, 627.8936)]
                    texCoord2f[] primvars:st = [(0, 0), (1, 0), (0, 0.16514105), (1, 0.16514105), (0, 0.33028224), (1, 0.33028224), (0, 0.49719793), (1, 0.49719793), (0, 0.6674034), (1, 0.6674034), (0, 0.8326423), (1, 0.8326423), (0, 1), (1, 1)] (
                        interpolation = "vertex"
                    )
                    uniform token subdivisionScheme = "none"
                }

                def Mesh "Street_121" (
                    prepend apiSchemas = ["MaterialBindingAPI"]
                )
                {
                    float3[] extent = [(745.84436, 15.970009, 178.06624), (762.96344, 18.778734, 216.8776)]
                    int[] faceVertexCounts = [4, 4, 4]
                    int[] faceVertexIndices = [0, 2, 3, 1, 2, 4, 5, 3, 4, 6, 7, 5]
                    rel material:binding = </Island/Town/Roads/Ribbon/RoadMaterial>
                    point3f[] points = [(762.96344, 18.276722, 215.11536), (757.2281, 18.276722, 216.8776), (759.1689, 18.220232, 202.76566), (753.43353, 18.220232, 204.5279), (755.3743, 17.318872, 190.41595), (749.639, 18.778734, 192.17819), (751.5798, 15.970009, 178.06624), (745.84436, 17.647333, 179.82849)]
                    texCoord2f[] primvars:st = [(0, 0), (1, 0), (0, 0.33280686), (1, 0.33280686), (0, 0.665644), (1, 0.665644), (0, 1), (1, 1)] (
                        interpolation = "vertex"
                    )
                    uniform token subdivisionScheme = "none"
                }

                def Mesh "Street_122" (
                    prepend apiSchemas = ["MaterialBindingAPI"]
                )
                {
                    float3[] extent = [(-620.6746, 74.36077, -75.42279), (-530.5793, 104.233215, -59.161785)]
                    int[] faceVertexCounts = [4, 4, 4, 4, 4, 4]
                    int[] faceVertexIndices = [0, 2, 3, 1, 2, 4, 5, 3, 4, 6, 7, 5, 6, 8, 9, 7, 8, 10, 11, 9, 10, 12, 13, 11]
                    rel material:binding = </Island/Town/Roads/Ribbon/RoadMaterial>
                    point3f[] points = [(-619.9879, 75.295425, -59.161785), (-620.6746, 74.36077, -65.12236), (-605.0865, 80.07685, -60.87852), (-605.7732, 79.106834, -66.839096), (-590.18506, 85.27954, -62.59526), (-590.8717, 84.32776, -68.55583), (-575.28357, 90.637955, -64.312), (-575.9703, 89.654, -70.272575), (-560.38214, 95.53508, -66.02874), (-561.06885, 94.312004, -71.98931), (-545.4807, 99.760506, -67.745476), (-546.1674, 98.39745, -73.70605), (-530.5793, 104.233215, -69.46221), (-531.266, 102.79383, -75.42279)]
                    texCoord2f[] primvars:st = [(0, 0), (1, 0), (0, 0.16656224), (1, 0.16656224), (0, 0.33464754), (1, 0.33464754), (0, 0.50313735), (1, 0.50313735), (0, 0.6697252), (1, 0.6697252), (0, 0.8344534), (1, 0.8344534), (0, 1), (1, 1)] (
                        interpolation = "vertex"
                    )
                    uniform token subdivisionScheme = "none"
                }

                def Mesh "Street_123" (
                    prepend apiSchemas = ["MaterialBindingAPI"]
                )
                {
                    float3[] extent = [(-524.3881, 68.5783, -283.9375), (-462.1578, 94.24659, -243.53343)]
                    int[] faceVertexCounts = [4, 4, 4, 4, 4]
                    int[] faceVertexIndices = [0, 2, 3, 1, 2, 4, 5, 3, 4, 6, 7, 5, 6, 8, 9, 7, 8, 10, 11, 9]
                    rel material:binding = </Island/Town/Roads/Ribbon/RoadMaterial>
                    point3f[] points = [(-462.1578, 94.24659, -248.6878), (-465.229, 93.48799, -243.53343), (-473.98962, 88.71819, -255.73775), (-477.06082, 88.092476, -250.58336), (-485.82144, 83.58156, -262.7877), (-488.89267, 83.15861, -257.6333), (-497.65326, 78.76814, -269.83762), (-500.7245, 78.494484, -264.68323), (-509.4851, 73.86814, -276.88757), (-512.55634, 73.64281, -271.7332), (-521.3169, 68.805466, -283.9375), (-524.3881, 68.5783, -278.7831)]
                    texCoord2f[] primvars:st = [(0, 0), (1, 0), (0, 0.20190512), (1, 0.20190512), (0, 0.40198797), (1, 0.40198797), (0, 0.60064304), (1, 0.60064304), (0, 0.79985833), (1, 0.79985833), (0, 1), (1, 1)] (
                        interpolation = "vertex"
                    )
                    uniform token subdivisionScheme = "none"
                }

                def Mesh "Street_124" (
                    prepend apiSchemas = ["MaterialBindingAPI"]
                )
                {
                    float3[] extent = [(-659.7567, 25.337217, 434.79895), (-652.4665, 27.872084, 444.92746)]
                    int[] faceVertexCounts = [4]
                    int[] faceVertexIndices = [0, 2, 3, 1]
                    rel material:binding = </Island/Town/Roads/Ribbon/RoadMaterial>
                    point3f[] points = [(-658.4034, 26.620638, 434.79895), (-652.4665, 27.872084, 435.6665), (-659.7567, 25.337217, 444.05988), (-653.81976, 26.551432, 444.92746)]
                    texCoord2f[] primvars:st = [(0, 0), (1, 0), (0, 1), (1, 1)] (
                        interpolation = "vertex"
                    )
                    uniform token subdivisionScheme = "none"
                }

                def Mesh "Street_125" (
                    prepend apiSchemas = ["MaterialBindingAPI"]
                )
                {
                    float3[] extent = [(3.3811095, 32.492676, -760.483), (59.278393, 53.23004, -697.0112)]
                    int[] faceVertexCounts = [4, 4, 4, 4, 4]
                    int[] faceVertexIndices = [0, 2, 3, 1, 2, 4, 5, 3, 4, 6, 7, 5, 6, 8, 9, 7, 8, 10, 11, 9]
                    rel material:binding = </Island/Town/Roads/Ribbon/RoadMaterial>
                    point3f[] points = [(59.278393, 51.3312, -700.9295), (54.734467, 53.23004, -697.0112), (49.00772, 48.970085, -712.8402), (44.463795, 50.693405, -708.92194), (38.73705, 45.98826, -724.7509), (34.193123, 47.3351, -720.83264), (28.466377, 41.93447, -736.6616), (23.922453, 43.032753, -732.74335), (18.195707, 37.315247, -748.5723), (13.651781, 38.331074, -744.65405), (7.9250355, 32.492676, -760.483), (3.3811095, 33.672615, -756.56476)]
                    texCoord2f[] primvars:st = [(0, 0), (1, 0), (0, 0.1963268), (1, 0.1963268), (0, 0.39421225), (1, 0.39421225), (0, 0.5949575), (1, 0.5949575), (0, 0.7973231), (1, 0.7973231), (0, 1), (1, 1)] (
                        interpolation = "vertex"
                    )
                    uniform token subdivisionScheme = "none"
                }

                def Mesh "Street_126" (
                    prepend apiSchemas = ["MaterialBindingAPI"]
                )
                {
                    float3[] extent = [(-28.113466, 32.083244, -761.2356), (6.936308, 40.394554, -740.44037)]
                    int[] faceVertexCounts = [4, 4, 4]
                    int[] faceVertexIndices = [0, 2, 3, 1, 2, 4, 5, 3, 4, 6, 7, 5]
                    rel material:binding = </Island/Town/Roads/Ribbon/RoadMaterial>
                    point3f[] points = [(-25.546995, 40.394554, -740.44037), (-28.113466, 38.664135, -745.8638), (-14.719228, 38.19493, -745.5643), (-17.285698, 36.44156, -750.9877), (-3.89146, 35.899246, -750.68823), (-6.45793, 34.11558, -756.11163), (6.936308, 34.042046, -755.8122), (4.3698373, 32.083244, -761.2356)]
                    texCoord2f[] primvars:st = [(0, 0), (1, 0), (0, 0.3336016), (1, 0.3336016), (0, 0.66768706), (1, 0.66768706), (0, 1), (1, 1)] (
                        interpolation = "vertex"
                    )
                    uniform token subdivisionScheme = "none"
                }

                def Mesh "Street_127" (
                    prepend apiSchemas = ["MaterialBindingAPI"]
                )
                {
                    float3[] extent = [(-260.0175, 35.095505, -718.8148), (-245.97816, 38.121677, -709.94653)]
                    int[] faceVertexCounts = [4]
                    int[] faceVertexIndices = [0, 2, 3, 1]
                    rel material:binding = </Island/Town/Roads/Ribbon/RoadMaterial>
                    point3f[] points = [(-245.97816, 36.56964, -715.7808), (-247.3787, 38.121677, -709.94653), (-258.61694, 35.095505, -718.8148), (-260.0175, 36.634518, -712.9805)]
                    texCoord2f[] primvars:st = [(0, 0), (1, 0), (0, 1), (1, 1)] (
                        interpolation = "vertex"
                    )
                    uniform token subdivisionScheme = "none"
                }

                def Mesh "Street_128" (
                    prepend apiSchemas = ["MaterialBindingAPI"]
                )
                {
                    float3[] extent = [(-354.48218, 78.48711, -541.46497), (-278.36755, 85.9595, -483.38956)]
                    int[] faceVertexCounts = [4, 4, 4, 4, 4, 4]
                    int[] faceVertexIndices = [0, 2, 3, 1, 2, 4, 5, 3, 4, 6, 7, 5, 6, 8, 9, 7, 8, 10, 11, 9, 10, 12, 13, 11]
                    rel material:binding = </Island/Town/Roads/Ribbon/RoadMaterial>
                    point3f[] points = [(-281.91675, 82.05164, -541.46497), (-278.36755, 83.52832, -536.6273), (-294.011, 82.99708, -532.59204), (-290.4618, 84.91539, -527.75433), (-306.10522, 83.35072, -523.71906), (-302.55603, 85.42325, -518.8814), (-318.19946, 83.84814, -514.8461), (-314.65027, 85.9595, -510.00842), (-330.2937, 78.48711, -505.97318), (-326.74454, 80.61607, -501.13547), (-342.38794, 84.01904, -497.10022), (-338.83878, 85.959236, -492.2625), (-354.48218, 83.6924, -488.22726), (-350.933, 85.374886, -483.38956)]
                    texCoord2f[] primvars:st = [(0, 0), (1, 0), (0, 0.1637704), (1, 0.1637704), (0, 0.32714117), (1, 0.32714117), (0, 0.49052325), (1, 0.49052325), (0, 0.6633176), (1, 0.6633176), (0, 0.8366214), (1, 0.8366214), (0, 1), (1, 1)] (
                        interpolation = "vertex"
                    )
                    uniform token subdivisionScheme = "none"
                }

                def Mesh "Street_129" (
                    prepend apiSchemas = ["MaterialBindingAPI"]
                )
                {
                    float3[] extent = [(-247.3787, 36.56964, -715.7808), (-220.3985, 41.30096, -703.806)]
                    int[] faceVertexCounts = [4, 4]
                    int[] faceVertexIndices = [0, 2, 3, 1, 2, 4, 5, 3]
                    rel material:binding = </Island/Town/Roads/Ribbon/RoadMaterial>
                    point3f[] points = [(-220.3985, 39.714825, -709.64026), (-221.79904, 41.30096, -703.806), (-233.18832, 38.159336, -712.7106), (-234.58887, 39.747356, -706.8763), (-245.97816, 36.56964, -715.7808), (-247.3787, 38.121677, -709.94653)]
                    texCoord2f[] primvars:st = [(0, 0), (1, 0), (0, 0.49985436), (1, 0.49985436), (0, 1), (1, 1)] (
                        interpolation = "vertex"
                    )
                    uniform token subdivisionScheme = "none"
                }

                def Mesh "Street_130" (
                    prepend apiSchemas = ["MaterialBindingAPI"]
                )
                {
                    float3[] extent = [(-249.1625, 37.009384, -714.5458), (-207.11244, 54.68041, -656.41956)]
                    int[] faceVertexCounts = [4, 4, 4, 4]
                    int[] faceVertexIndices = [0, 2, 3, 1, 2, 4, 5, 3, 4, 6, 7, 5, 6, 8, 9, 7]
                    rel material:binding = </Island/Town/Roads/Ribbon/RoadMaterial>
                    point3f[] points = [(-207.11244, 53.844704, -659.7837), (-212.08058, 54.68041, -656.41956), (-216.38292, 49.788185, -673.47424), (-221.35106, 50.582336, -670.11005), (-225.6534, 45.82877, -687.16473), (-230.62154, 46.53456, -683.8006), (-234.92387, 41.454086, -700.8552), (-239.89201, 42.109493, -697.4911), (-244.19437, 37.009384, -714.5458), (-249.1625, 37.696846, -711.1816)]
                    texCoord2f[] primvars:st = [(0, 0), (1, 0), (0, 0.24942335), (1, 0.24942335), (0, 0.4985932), (1, 0.4985932), (0, 0.7492039), (1, 0.7492039), (0, 1), (1, 1)] (
                        interpolation = "vertex"
                    )
                    uniform token subdivisionScheme = "none"
                }

                def Mesh "Street_131" (
                    prepend apiSchemas = ["MaterialBindingAPI"]
                )
                {
                    float3[] extent = [(-171.22021, 12.001851, -831.5978), (-83.01818, 21.990215, -801.17804)]
                    int[] faceVertexCounts = [4, 4, 4, 4, 4, 4]
                    int[] faceVertexIndices = [0, 2, 3, 1, 2, 4, 5, 3, 4, 6, 7, 5, 6, 8, 9, 7, 8, 10, 11, 9, 10, 12, 13, 11]
                    rel material:binding = </Island/Town/Roads/Ribbon/RoadMaterial>
                    point3f[] points = [(-83.01818, 20.725468, -806.9486), (-84.66145, 21.990215, -801.17804), (-97.44464, 19.733852, -811.05676), (-99.08791, 21.024292, -805.2862), (-111.8711, 18.631721, -815.165), (-113.51437, 19.898197, -809.3944), (-126.29756, 17.287416, -819.2732), (-127.940834, 18.470518, -813.50256), (-140.72401, 15.968602, -823.38135), (-142.3673, 17.131985, -817.6108), (-155.15048, 15.035712, -827.48956), (-156.79376, 16.123034, -821.719), (-169.57693, 12.22627, -831.5978), (-171.22021, 12.001851, -825.82715)]
                    texCoord2f[] primvars:st = [(0, 0), (1, 0), (0, 0.16588685), (1, 0.16588685), (0, 0.33188093), (1, 0.33188093), (0, 0.49812043), (1, 0.49812043), (0, 0.6643033), (1, 0.6643033), (0, 0.830181), (1, 0.830181), (0, 1), (1, 1)] (
                        interpolation = "vertex"
                    )
                    uniform token subdivisionScheme = "none"
                }

                def Mesh "Street_132" (
                    prepend apiSchemas = ["MaterialBindingAPI"]
                )
                {
                    float3[] extent = [(63.98978, 8.119944, -857.131), (151.72981, 17.259377, -824.7482)]
                    int[] faceVertexCounts = [4, 4, 4, 4, 4, 4]
                    int[] faceVertexIndices = [0, 2, 3, 1, 2, 4, 5, 3, 4, 6, 7, 5, 6, 8, 9, 7, 8, 10, 11, 9, 10, 12, 13, 11]
                    rel material:binding = </Island/Town/Roads/Ribbon/RoadMaterial>
                    point3f[] points = [(65.76657, 17.259377, -824.7482), (63.98978, 16.092237, -830.4791), (80.09378, 15.773291, -829.19025), (78.316986, 14.851097, -834.9211), (94.42098, 13.391268, -833.6322), (92.644196, 12.545369, -839.3631), (108.74819, 13.347455, -838.07416), (106.971405, 12.134715, -843.80505), (123.0754, 12.634157, -842.5161), (121.29861, 11.662171, -848.247), (137.4026, 11.166829, -846.9581), (135.62582, 10.384939, -852.689), (151.72981, 8.217391, -851.4001), (149.95302, 8.119944, -857.131)]
                    texCoord2f[] primvars:st = [(0, 0), (1, 0), (0, 0.16633333), (1, 0.16633333), (0, 0.3340393), (1, 0.3340393), (0, 0.4997146), (1, 0.4997146), (0, 0.66550016), (1, 0.66550016), (0, 0.83186096), (1, 0.83186096), (0, 1), (1, 1)] (
                        interpolation = "vertex"
                    )
                    uniform token subdivisionScheme = "none"
                }

                def Mesh "Street_133" (
                    prepend apiSchemas = ["MaterialBindingAPI"]
                )
                {
                    float3[] extent = [(2.7490575, 4.6482286, -896.79047), (67.11752, 17.086494, -825.6174)]
                    int[] faceVertexCounts = [4, 4, 4, 4, 4, 4]
                    int[] faceVertexIndices = [0, 2, 3, 1, 2, 4, 5, 3, 4, 6, 7, 5, 6, 8, 9, 7, 8, 10, 11, 9, 10, 12, 13, 11]
                    rel material:binding = </Island/Town/Roads/Ribbon/RoadMaterial>
                    point3f[] points = [(67.11752, 16.241272, -829.61), (62.63883, 17.086494, -825.6174), (57.1359, 14.069524, -840.80676), (52.6572, 14.768123, -836.8141), (47.15427, 11.942996, -852.0035), (42.67557, 12.59735, -848.01086), (37.17264, 10.051807, -863.20026), (32.693943, 10.668816, -859.2076), (27.191011, 8.320781, -874.397), (22.712315, 8.815504, -870.40436), (17.209383, 6.5720673, -885.59375), (12.730686, 6.861803, -881.6011), (7.2277555, 4.6482286, -896.79047), (2.7490575, 4.87873, -892.79785)]
                    texCoord2f[] primvars:st = [(0, 0), (1, 0), (0, 0.16706683), (1, 0.16706683), (0, 0.3339716), (1, 0.3339716), (0, 0.5005142), (1, 0.5005142), (0, 0.66690177), (1, 0.66690177), (0, 0.8333726), (1, 0.8333726), (0, 1), (1, 1)] (
                        interpolation = "vertex"
                    )
                    uniform token subdivisionScheme = "none"
                }

                def Mesh "Street_134" (
                    prepend apiSchemas = ["MaterialBindingAPI"]
                )
                {
                    float3[] extent = [(-14.845944, 93.08631, -592.4069), (43.108814, 112.66496, -517.5227)]
                    int[] faceVertexCounts = [4, 4, 4, 4, 4, 4]
                    int[] faceVertexIndices = [0, 2, 3, 1, 2, 4, 5, 3, 4, 6, 7, 5, 6, 8, 9, 7, 8, 10, 11, 9, 10, 12, 13, 11]
                    rel material:binding = </Island/Town/Roads/Ribbon/RoadMaterial>
                    point3f[] points = [(-14.845944, 93.785255, -588.82117), (-10.035285, 93.08631, -592.4069), (-5.988594, 97.54083, -576.9381), (-1.177935, 96.588005, -580.52386), (2.8687558, 101.15597, -565.05505), (7.6794147, 100.12884, -568.64075), (11.726106, 104.37088, -553.17194), (16.536764, 103.18127, -556.7577), (20.583456, 106.44598, -541.2889), (25.394115, 104.94465, -544.87463), (29.440805, 108.88154, -529.40576), (34.251465, 107.23987, -532.9915), (38.298157, 112.66496, -517.5227), (43.108814, 110.813965, -521.10846)]
                    texCoord2f[] primvars:st = [(0, 0), (1, 0), (0, 0.16794692), (1, 0.16794692), (0, 0.33568564), (1, 0.33568564), (0, 0.5023659), (1, 0.5023659), (0, 0.66681576), (1, 0.66681576), (0, 0.83195806), (1, 0.83195806), (0, 1), (1, 1)] (
                        interpolation = "vertex"
                    )
                    uniform token subdivisionScheme = "none"
                }

                def Mesh "Street_135" (
                    prepend apiSchemas = ["MaterialBindingAPI"]
                )
                {
                    float3[] extent = [(-107.21083, 78.79979, -593.61163), (-12.320379, 94.27214, -583.82)]
                    int[] faceVertexCounts = [4, 4, 4, 4, 4, 4]
                    int[] faceVertexIndices = [0, 2, 3, 1, 2, 4, 5, 3, 4, 6, 7, 5, 6, 8, 9, 7, 8, 10, 11, 9, 10, 12, 13, 11]
                    rel material:binding = </Island/Town/Roads/Ribbon/RoadMaterial>
                    point3f[] points = [(-12.560849, 92.613655, -593.61163), (-12.320379, 94.27214, -587.61646), (-28.335846, 91.470665, -592.97894), (-28.095377, 93.21019, -586.98376), (-44.110844, 89.301, -592.3462), (-43.870373, 91.082405, -586.351), (-59.885838, 86.942566, -591.71344), (-59.64537, 88.76, -585.71826), (-75.660835, 84.0737, -591.0807), (-75.420364, 85.86795, -585.0855), (-91.43583, 83.0147, -590.44794), (-91.195366, 85.21077, -584.45276), (-107.21083, 78.79979, -589.8152), (-106.97036, 79.98429, -583.82)]
                    texCoord2f[] primvars:st = [(0, 0), (1, 0), (0, 0.16479166), (1, 0.16479166), (0, 0.3306994), (1, 0.3306994), (0, 0.49685994), (1, 0.49685994), (0, 0.66398317), (1, 0.66398317), (0, 0.8286082), (1, 0.8286082), (0, 1), (1, 1)] (
                        interpolation = "vertex"
                    )
                    uniform token subdivisionScheme = "none"
                }

                def Mesh "Street_136" (
                    prepend apiSchemas = ["MaterialBindingAPI"]
                )
                {
                    float3[] extent = [(326.33456, 74.206825, -510.7042), (408.29922, 80.31142, -462.50354)]
                    int[] faceVertexCounts = [4, 4, 4, 4, 4, 4]
                    int[] faceVertexIndices = [0, 2, 3, 1, 2, 4, 5, 3, 4, 6, 7, 5, 6, 8, 9, 7, 8, 10, 11, 9, 10, 12, 13, 11]
                    rel material:binding = </Island/Town/Roads/Ribbon/RoadMaterial>
                    point3f[] points = [(326.33456, 78.38649, -505.4307), (329.19638, 76.36516, -510.7042), (339.51837, 77.602516, -498.27615), (342.3802, 75.631096, -503.54968), (352.70218, 75.567604, -491.12164), (355.564, 75.567604, -496.39517), (365.886, 74.91483, -483.9671), (368.7478, 74.206825, -489.24063), (379.0698, 80.31142, -476.8126), (381.9316, 78.42092, -482.08612), (392.2536, 79.66404, -469.65805), (395.11542, 78.00669, -474.93158), (405.4374, 77.47644, -462.50354), (408.29922, 75.4128, -467.77707)]
                    texCoord2f[] primvars:st = [(0, 0), (1, 0), (0, 0.16494317), (1, 0.16494317), (0, 0.33007866), (1, 0.33007866), (0, 0.495214), (1, 0.495214), (0, 0.66834474), (1, 0.66834474), (0, 0.8331721), (1, 0.8331721), (0, 1), (1, 1)] (
                        interpolation = "vertex"
                    )
                    uniform token subdivisionScheme = "none"
                }

                def Mesh "Street_137" (
                    prepend apiSchemas = ["MaterialBindingAPI"]
                )
                {
                    float3[] extent = [(344.2188, 61.699745, -544.7685), (404.06927, 67.13632, -511.65576)]
                    int[] faceVertexCounts = [4, 4, 4, 4]
                    int[] faceVertexIndices = [0, 2, 3, 1, 2, 4, 5, 3, 4, 6, 7, 5, 6, 8, 9, 7]
                    rel material:binding = </Island/Town/Roads/Ribbon/RoadMaterial>
                    point3f[] points = [(404.06927, 65.101875, -517.0561), (401.45453, 67.13632, -511.65576), (389.7603, 64.18222, -523.9842), (387.1456, 66.05974, -518.58386), (375.4514, 63.969868, -530.9123), (372.83667, 63.969868, -525.51196), (361.14246, 61.699745, -537.8404), (358.52774, 63.929592, -532.44006), (346.83353, 63.279133, -544.7685), (344.2188, 65.41123, -539.36816)]
                    texCoord2f[] primvars:st = [(0, 0), (1, 0), (0, 0.24971618), (1, 0.24971618), (0, 0.49964488), (1, 0.49964488), (0, 0.7495736), (1, 0.7495736), (0, 1), (1, 1)] (
                        interpolation = "vertex"
                    )
                    uniform token subdivisionScheme = "none"
                }

                def Mesh "Street_138" (
                    prepend apiSchemas = ["MaterialBindingAPI"]
                )
                {
                    float3[] extent = [(325.10638, 64.194496, -543.45734), (348.18524, 77.57779, -506.67844)]
                    int[] faceVertexCounts = [4, 4, 4]
                    int[] faceVertexIndices = [0, 2, 3, 1, 2, 4, 5, 3, 4, 6, 7, 5]
                    rel material:binding = </Island/Town/Roads/Ribbon/RoadMaterial>
                    point3f[] points = [(330.42453, 77.17385, -506.67844), (325.10638, 77.57779, -509.45645), (336.3448, 72.94322, -518.0121), (331.0266, 73.34683, -520.79004), (342.265, 68.667244, -529.3457), (336.94687, 69.012535, -532.1237), (348.18524, 64.194496, -540.6793), (342.8671, 64.44639, -543.45734)]
                    texCoord2f[] primvars:st = [(0, 0), (1, 0), (0, 0.33244342), (1, 0.33244342), (0, 0.66536874), (1, 0.66536874), (0, 1), (1, 1)] (
                        interpolation = "vertex"
                    )
                    uniform token subdivisionScheme = "none"
                }

                def Mesh "Street_139" (
                    prepend apiSchemas = ["MaterialBindingAPI"]
                )
                {
                    float3[] extent = [(294.78485, 27.108782, -719.2656), (303.09836, 33.238514, -689.3064)]
                    int[] faceVertexCounts = [4, 4]
                    int[] faceVertexIndices = [0, 2, 3, 1, 2, 4, 5, 3]
                    rel material:binding = </Island/Town/Roads/Ribbon/RoadMaterial>
                    point3f[] points = [(300.76617, 32.573647, -689.3064), (294.78485, 33.238514, -689.77954), (301.93225, 29.938152, -704.0495), (295.95096, 30.436155, -704.5226), (303.09836, 27.108782, -718.79254), (297.11703, 27.630327, -719.2656)]
                    texCoord2f[] primvars:st = [(0, 0), (1, 0), (0, 0.49968314), (1, 0.49968314), (0, 1), (1, 1)] (
                        interpolation = "vertex"
                    )
                    uniform token subdivisionScheme = "none"
                }

                def Mesh "Street_140" (
                    prepend apiSchemas = ["MaterialBindingAPI"]
                )
                {
                    float3[] extent = [(212.4092, 45.12884, -674.741), (294.43774, 48.279972, -626.6701)]
                    int[] faceVertexCounts = [4, 4, 4, 4, 4, 4]
                    int[] faceVertexIndices = [0, 2, 3, 1, 2, 4, 5, 3, 4, 6, 7, 5, 6, 8, 9, 7, 8, 10, 11, 9, 10, 12, 13, 11]
                    rel material:binding = </Island/Town/Roads/Ribbon/RoadMaterial>
                    point3f[] points = [(294.43774, 45.942837, -631.9485), (291.58493, 45.942837, -626.6701), (281.2418, 45.12884, -639.08057), (278.38898, 46.779076, -633.8022), (268.04584, 46.06929, -646.21265), (265.19302, 47.810486, -640.93427), (254.8499, 46.368942, -653.3448), (251.99706, 48.135765, -648.0664), (241.65393, 46.580067, -660.47687), (238.8011, 48.279972, -655.1985), (228.45798, 45.73381, -667.60895), (225.60515, 47.436913, -662.33057), (215.26202, 45.196724, -674.741), (212.4092, 46.956837, -669.46265)]
                    texCoord2f[] primvars:st = [(0, 0), (1, 0), (0, 0.1665395), (1, 0.1665395), (0, 0.3334442), (1, 0.3334442), (0, 0.5000179), (1, 0.5000179), (0, 0.66656774), (1, 0.66656774), (0, 0.83336514), (1, 0.83336514), (0, 1), (1, 1)] (
                        interpolation = "vertex"
                    )
                    uniform token subdivisionScheme = "none"
                }

                def Mesh "Street_141" (
                    prepend apiSchemas = ["MaterialBindingAPI"]
                )
                {
                    float3[] extent = [(112.30664, 17.34001, 775.6895), (150.41759, 27.99514, 818.99335)]
                    int[] faceVertexCounts = [4, 4, 4, 4]
                    int[] faceVertexIndices = [0, 2, 3, 1, 2, 4, 5, 3, 4, 6, 7, 5, 6, 8, 9, 7]
                    rel material:binding = </Island/Town/Roads/Ribbon/RoadMaterial>
                    point3f[] points = [(112.30664, 26.943636, 779.578), (116.876076, 27.99514, 775.6895), (120.69202, 24.553421, 789.4318), (125.26145, 25.406183, 785.54333), (129.0774, 22.07471, 799.28564), (133.64684, 22.863573, 795.3972), (137.46277, 19.680746, 809.1395), (142.03221, 20.470373, 805.25104), (145.84816, 17.34001, 818.99335), (150.41759, 18.08462, 815.10486)]
                    texCoord2f[] primvars:st = [(0, 0), (1, 0), (0, 0.25014612), (1, 0.25014612), (0, 0.50044614), (1, 0.50044614), (0, 0.7502882), (1, 0.7502882), (0, 1), (1, 1)] (
                        interpolation = "vertex"
                    )
                    uniform token subdivisionScheme = "none"
                }

                def Mesh "Street_142" (
                    prepend apiSchemas = ["MaterialBindingAPI"]
                )
                {
                    float3[] extent = [(80.52249, 14.77481, 814.08093), (148.56865, 18.374249, 829.8797)]
                    int[] faceVertexCounts = [4, 4, 4, 4, 4]
                    int[] faceVertexIndices = [0, 2, 3, 1, 2, 4, 5, 3, 4, 6, 7, 5, 6, 8, 9, 7, 8, 10, 11, 9]
                    rel material:binding = </Island/Town/Roads/Ribbon/RoadMaterial>
                    point3f[] points = [(81.39405, 15.3732, 829.8797), (80.52249, 16.55689, 823.94336), (94.82897, 14.77481, 827.9072), (93.95741, 15.925944, 821.9708), (108.26389, 16.536343, 825.93475), (107.392334, 17.77129, 819.99835), (121.698814, 16.917332, 823.9623), (120.82725, 18.1894, 818.0259), (135.13373, 16.996763, 821.98975), (134.26218, 18.278141, 816.0534), (148.56865, 17.052692, 820.0173), (147.69708, 18.374249, 814.08093)]
                    texCoord2f[] primvars:st = [(0, 0), (1, 0), (0, 0.19979666), (1, 0.19979666), (0, 0.4011336), (1, 0.4011336), (0, 0.6008111), (1, 0.6008111), (0, 0.80040586), (1, 0.80040586), (0, 1), (1, 1)] (
                        interpolation = "vertex"
                    )
                    uniform token subdivisionScheme = "none"
                }

                def Mesh "Street_143" (
                    prepend apiSchemas = ["MaterialBindingAPI"]
                )
                {
                    float3[] extent = [(77.958725, 2.99737, 826.8594), (85.52176, 16.32195, 916.9501)]
                    int[] faceVertexCounts = [4, 4, 4, 4, 4, 4]
                    int[] faceVertexIndices = [0, 2, 3, 1, 2, 4, 5, 3, 4, 6, 7, 5, 6, 8, 9, 7, 8, 10, 11, 9, 10, 12, 13, 11]
                    rel material:binding = </Island/Town/Roads/Ribbon/RoadMaterial>
                    point3f[] points = [(77.958725, 16.32195, 826.9636), (83.95782, 15.388951, 826.8594), (78.21938, 13.591656, 841.96136), (84.218475, 12.801515, 841.8571), (78.48004, 11.010233, 856.9591), (84.47913, 10.48273, 856.85486), (78.74069, 8.590213, 871.95685), (84.73979, 8.256989, 871.8526), (79.00135, 6.393279, 886.9546), (85.00044, 6.1836486, 886.85034), (79.26201, 4.551761, 901.95233), (85.2611, 4.4182196, 901.8481), (79.52266, 3.087174, 916.9501), (85.52176, 2.99737, 916.8458)]
                    texCoord2f[] primvars:st = [(0, 0), (1, 0), (0, 0.16743942), (1, 0.16743942), (0, 0.334642), (1, 0.334642), (0, 0.50159955), (1, 0.50159955), (0, 0.6682143), (1, 0.6682143), (0, 0.834325), (1, 0.834325), (0, 1), (1, 1)] (
                        interpolation = "vertex"
                    )
                    uniform token subdivisionScheme = "none"
                }

                def Mesh "Street_144" (
                    prepend apiSchemas = ["MaterialBindingAPI"]
                )
                {
                    float3[] extent = [(87.80356, 52.653595, 690.0674), (94.51152, 54.557602, 695.0131)]
                    int[] faceVertexCounts = [4]
                    int[] faceVertexIndices = [0, 2, 3, 1]
                    rel material:binding = </Island/Town/Roads/Ribbon/RoadMaterial>
                    point3f[] points = [(87.80356, 53.81159, 691.6604), (93.58822, 54.557602, 690.0674), (88.72686, 52.653595, 695.0131), (94.51152, 53.378452, 693.4201)]
                    texCoord2f[] primvars:st = [(0, 0), (1, 0), (0, 1), (1, 1)] (
                        interpolation = "vertex"
                    )
                    uniform token subdivisionScheme = "none"
                }

                def Mesh "Street_145" (
                    prepend apiSchemas = ["MaterialBindingAPI"]
                )
                {
                    float3[] extent = [(27.615685, 36.98243, 691.9059), (93.53242, 53.807053, 747.93604)]
                    int[] faceVertexCounts = [4, 4, 4, 4, 4]
                    int[] faceVertexIndices = [0, 2, 3, 1, 2, 4, 5, 3, 4, 6, 7, 5, 6, 8, 9, 7, 8, 10, 11, 9]
                    rel material:binding = </Island/Town/Roads/Ribbon/RoadMaterial>
                    point3f[] points = [(31.442133, 36.98243, 747.93604), (27.615685, 38.224632, 743.3146), (43.86019, 40.15474, 737.6543), (40.03374, 41.640766, 733.03284), (56.278244, 42.701694, 727.37256), (52.451794, 44.49467, 722.7511), (68.696304, 44.774082, 717.0908), (64.86985, 46.797474, 712.46936), (81.11436, 47.850338, 706.8091), (77.28791, 49.458412, 702.1876), (93.53242, 52.267673, 696.52734), (89.70596, 53.807053, 691.9059)]
                    texCoord2f[] primvars:st = [(0, 0), (1, 0), (0, 0.2000771), (1, 0.2000771), (0, 0.3991075), (1, 0.3991075), (0, 0.59719336), (1, 0.59719336), (0, 0.7965245), (1, 0.7965245), (0, 1), (1, 1)] (
                        interpolation = "vertex"
                    )
                    uniform token subdivisionScheme = "none"
                }

                def Mesh "Street_146" (
                    prepend apiSchemas = ["MaterialBindingAPI"]
                )
                {
                    float3[] extent = [(28.472355, 26.74383, 742.8175), (115.64791, 38.643402, 780.4415)]
                    int[] faceVertexCounts = [4, 4, 4, 4, 4, 4]
                    int[] faceVertexIndices = [0, 2, 3, 1, 2, 4, 5, 3, 4, 6, 7, 5, 6, 8, 9, 7, 8, 10, 11, 9, 10, 12, 13, 11]
                    rel material:binding = </Island/Town/Roads/Ribbon/RoadMaterial>
                    point3f[] points = [(28.472355, 36.746758, 748.4331), (30.585463, 38.643402, 742.8175), (42.64943, 35.210255, 753.7678), (44.76254, 36.914513, 748.1523), (56.826504, 33.19017, 759.1026), (58.939613, 34.63045, 753.487), (71.00358, 30.301958, 764.4373), (73.11669, 31.514988, 758.8217), (85.18066, 28.065693, 769.77203), (87.29376, 29.820229, 764.1565), (99.35773, 27.734936, 775.1068), (101.47084, 29.28492, 769.4912), (113.534805, 26.74383, 780.4415), (115.64791, 28.20549, 774.8259)]
                    texCoord2f[] primvars:st = [(0, 0), (1, 0), (0, 0.16633211), (1, 0.16633211), (0, 0.33339766), (1, 0.33339766), (0, 0.50200313), (1, 0.50200313), (0, 0.66878366), (1, 0.66878366), (0, 0.8342271), (1, 0.8342271), (0, 1), (1, 1)] (
                        interpolation = "vertex"
                    )
                    uniform token subdivisionScheme = "none"
                }

                def Mesh "Street_147" (
                    prepend apiSchemas = ["MaterialBindingAPI"]
                )
                {
                    float3[] extent = [(-150.7933, 42.630108, 718.0789), (-144.18175, 44.160816, 724.3388)]
                    int[] faceVertexCounts = [4]
                    int[] faceVertexIndices = [0, 2, 3, 1]
                    rel material:binding = </Island/Town/Roads/Ribbon/RoadMaterial>
                    point3f[] points = [(-150.7933, 43.532566, 721.93713), (-146.19832, 44.160816, 718.0789), (-148.77673, 42.630108, 724.3388), (-144.18175, 42.966362, 720.4805)]
                    texCoord2f[] primvars:st = [(0, 0), (1, 0), (0, 1), (1, 1)] (
                        interpolation = "vertex"
                    )
                    uniform token subdivisionScheme = "none"
                }

                def Mesh "Street_148" (
                    prepend apiSchemas = ["MaterialBindingAPI"]
                )
                {
                    float3[] extent = [(-215.76689, 25.539274, 720.05255), (-144.62344, 43.92006, 777.85736)]
                    int[] faceVertexCounts = [4, 4, 4, 4, 4, 4]
                    int[] faceVertexIndices = [0, 2, 3, 1, 2, 4, 5, 3, 4, 6, 7, 5, 6, 8, 9, 7, 8, 10, 11, 9, 10, 12, 13, 11]
                    rel material:binding = </Island/Town/Roads/Ribbon/RoadMaterial>
                    point3f[] points = [(-212.05528, 25.953295, 777.85736), (-215.76689, 25.953295, 773.1431), (-200.81664, 26.126421, 769.0089), (-204.52826, 25.539274, 764.2947), (-189.578, 30.073305, 760.16046), (-193.28961, 30.620192, 755.4463), (-178.33936, 33.60748, 751.3121), (-182.05098, 34.42615, 746.59784), (-167.10072, 37.108486, 742.4636), (-170.81233, 37.976875, 737.7494), (-155.86208, 40.183983, 733.61523), (-159.5737, 41.38579, 728.901), (-144.62344, 41.69864, 724.7668), (-148.33505, 43.92006, 720.05255)]
                    texCoord2f[] primvars:st = [(0, 0), (1, 0), (0, 0.16275406), (1, 0.16275406), (0, 0.33314502), (1, 0.33314502), (0, 0.5010731), (1, 0.5010731), (0, 0.6686972), (1, 0.6686972), (0, 0.8356142), (1, 0.8356142), (0, 1), (1, 1)] (
                        interpolation = "vertex"
                    )
                    uniform token subdivisionScheme = "none"
                }

                def Mesh "Street_149" (
                    prepend apiSchemas = ["MaterialBindingAPI"]
                )
                {
                    float3[] extent = [(-473.4999, 25.470259, 622.9088), (-396.19897, 30.870743, 679.2406)]
                    int[] faceVertexCounts = [4, 4, 4, 4, 4, 4]
                    int[] faceVertexIndices = [0, 2, 3, 1, 2, 4, 5, 3, 4, 6, 7, 5, 6, 8, 9, 7, 8, 10, 11, 9, 10, 12, 13, 11]
                    rel material:binding = </Island/Town/Roads/Ribbon/RoadMaterial>
                    point3f[] points = [(-396.19897, 26.55908, 674.3157), (-399.6261, 25.470259, 679.2406), (-408.5113, 30.729609, 665.74786), (-411.93842, 29.233614, 670.6728), (-420.82358, 30.770418, 657.18005), (-424.2507, 29.26454, 662.105), (-433.1359, 30.870743, 648.61224), (-436.56302, 29.37877, 653.5372), (-445.44818, 30.358078, 640.04443), (-448.8753, 28.90887, 644.96936), (-457.76047, 29.716305, 631.4766), (-461.1876, 28.264784, 636.40155), (-470.07278, 28.985123, 622.9088), (-473.4999, 28.985123, 627.83374)]
                    texCoord2f[] primvars:st = [(0, 0), (1, 0), (0, 0.17102769), (1, 0.17102769), (0, 0.33677247), (1, 0.33677247), (0, 0.502522), (1, 0.502522), (0, 0.668355), (1, 0.668355), (0, 0.83425534), (1, 0.83425534), (0, 1), (1, 1)] (
                        interpolation = "vertex"
                    )
                    uniform token subdivisionScheme = "none"
                }

                def Mesh "Street_150" (
                    prepend apiSchemas = ["MaterialBindingAPI"]
                )
                {
                    float3[] extent = [(-375.62833, 59.52217, 519.0247), (-307.06204, 69.56318, 586.2138)]
                    int[] faceVertexCounts = [4, 4, 4, 4, 4, 4]
                    int[] faceVertexIndices = [0, 2, 3, 1, 2, 4, 5, 3, 4, 6, 7, 5, 6, 8, 9, 7, 8, 10, 11, 9, 10, 12, 13, 11]
                    rel material:binding = </Island/Town/Roads/Ribbon/RoadMaterial>
                    point3f[] points = [(-307.06204, 63.19951, 581.92224), (-311.25522, 61.42067, 586.2138), (-317.7909, 61.61071, 571.43933), (-321.98407, 59.52217, 575.7309), (-328.51974, 67.51469, 560.9564), (-332.71292, 65.87396, 565.248), (-339.2486, 69.193825, 550.4735), (-343.44177, 67.36685, 554.765), (-349.97745, 69.56318, 539.99054), (-354.17062, 67.70961, 544.2821), (-360.7063, 69.143394, 529.5076), (-364.89948, 67.30405, 533.7992), (-371.43515, 68.2416, 519.0247), (-375.62833, 68.2416, 523.3162)]
                    texCoord2f[] primvars:st = [(0, 0), (1, 0), (0, 0.16532165), (1, 0.16532165), (0, 0.34234393), (1, 0.34234393), (0, 0.5074363), (1, 0.5074363), (0, 0.67163646), (1, 0.67163646), (0, 0.83584607), (1, 0.83584607), (0, 1), (1, 1)] (
                        interpolation = "vertex"
                    )
                    uniform token subdivisionScheme = "none"
                }

                def Mesh "Street_151" (
                    prepend apiSchemas = ["MaterialBindingAPI"]
                )
                {
                    float3[] extent = [(-311.10587, 60.69509, 513.11664), (-226.73093, 89.58217, 586.3502)]
                    int[] faceVertexCounts = [4, 4, 4, 4, 4, 4, 4]
                    int[] faceVertexIndices = [0, 2, 3, 1, 2, 4, 5, 3, 4, 6, 7, 5, 6, 8, 9, 7, 8, 10, 11, 9, 10, 12, 13, 11, 12, 14, 15, 13]
                    rel material:binding = </Island/Town/Roads/Ribbon/RoadMaterial>
                    point3f[] points = [(-307.2114, 60.69509, 586.3502), (-311.10587, 63.723328, 581.7859), (-295.71417, 64.79283, 576.54034), (-299.60864, 67.96203, 571.976), (-284.21698, 69.108185, 566.7304), (-288.11145, 71.840805, 562.1661), (-272.71976, 73.429535, 556.92053), (-276.61423, 75.37974, 552.3562), (-261.22256, 77.437325, 547.11066), (-265.11703, 78.81892, 542.5463), (-249.72536, 81.29294, 537.3008), (-253.61983, 82.73748, 532.73645), (-238.22815, 85.102, 527.49084), (-242.12262, 85.70169, 522.9265), (-226.73093, 89.58217, 517.68097), (-230.62541, 88.730774, 513.11664)]
                    texCoord2f[] primvars:st = [(0, 0), (1, 0), (0, 0.14283264), (1, 0.14283264), (0, 0.28617385), (1, 0.28617385), (0, 0.42869064), (1, 0.42869064), (0, 0.5715693), (1, 0.5715693), (0, 0.7149147), (1, 0.7149147), (0, 0.85671353), (1, 0.85671353), (0, 1), (1, 1)] (
                        interpolation = "vertex"
                    )
                    uniform token subdivisionScheme = "none"
                }

                def Mesh "Street_152" (
                    prepend apiSchemas = ["MaterialBindingAPI"]
                )
                {
                    float3[] extent = [(332.1908, 31.792892, -677.52673), (398.94373, 38.00091, -608.5392)]
                    int[] faceVertexCounts = [4, 4, 4, 4, 4, 4]
                    int[] faceVertexIndices = [0, 2, 3, 1, 2, 4, 5, 3, 4, 6, 7, 5, 6, 8, 9, 7, 8, 10, 11, 9, 10, 12, 13, 11]
                    rel material:binding = </Island/Town/Roads/Ribbon/RoadMaterial>
                    point3f[] points = [(398.94373, 37.029278, -612.70123), (394.62204, 37.029278, -608.5392), (388.5385, 36.043987, -623.5055), (384.21683, 38.00091, -619.3434), (378.1333, 36.126133, -634.30975), (373.8116, 37.643288, -630.14764), (367.7281, 35.005077, -645.11395), (363.4064, 36.330425, -640.9519), (357.3229, 32.584877, -655.9182), (353.0012, 33.913162, -651.75616), (346.9177, 32.248108, -666.7225), (342.59598, 33.73875, -662.56036), (336.51248, 31.792892, -677.52673), (332.1908, 33.125423, -673.3646)]
                    texCoord2f[] primvars:st = [(0, 0), (1, 0), (0, 0.16620058), (1, 0.16620058), (0, 0.3324104), (1, 0.3324104), (0, 0.49915302), (1, 0.49915302), (0, 0.66746557), (1, 0.66746557), (0, 0.8336956), (1, 0.8336956), (0, 1), (1, 1)] (
                        interpolation = "vertex"
                    )
                    uniform token subdivisionScheme = "none"
                }

                def Mesh "Street_153" (
                    prepend apiSchemas = ["MaterialBindingAPI"]
                )
                {
                    float3[] extent = [(394.004, 12.893479, -695.1174), (433.47314, 33.519867, -609.4898)]
                    int[] faceVertexCounts = [4, 4, 4, 4, 4, 4]
                    int[] faceVertexIndices = [0, 2, 3, 1, 2, 4, 5, 3, 4, 6, 7, 5, 6, 8, 9, 7, 8, 10, 11, 9, 10, 12, 13, 11]
                    rel material:binding = </Island/Town/Roads/Ribbon/RoadMaterial>
                    point3f[] points = [(399.56177, 33.519867, -609.4898), (394.004, 33.519867, -611.7506), (405.21365, 29.503883, -623.3843), (399.65588, 29.503883, -625.6451), (410.86557, 25.950924, -637.27875), (405.30777, 25.950924, -639.5395), (416.51746, 22.403997, -651.1732), (410.9597, 22.403997, -653.43396), (422.16934, 19.01185, -665.0677), (416.61157, 19.01185, -667.3284), (427.82126, 15.823383, -678.96216), (422.26346, 15.823383, -681.2229), (433.47314, 12.893479, -692.8566), (427.91537, 12.893479, -695.1174)]
                    texCoord2f[] primvars:st = [(0, 0), (1, 0), (0, 0.16813783), (1, 0.16813783), (0, 0.33504978), (1, 0.33504978), (0, 0.5019467), (1, 0.5019467), (0, 0.66846603), (1, 0.66846603), (0, 0.8345127), (1, 0.8345127), (0, 1), (1, 1)] (
                        interpolation = "vertex"
                    )
                    uniform token subdivisionScheme = "none"
                }

                def Mesh "Street_154" (
                    prepend apiSchemas = ["MaterialBindingAPI"]
                )
                {
                    float3[] extent = [(-174.71591, 52.142204, 632.30505), (-153.91833, 65.7993, 689.7759)]
                    int[] faceVertexCounts = [4, 4, 4, 4]
                    int[] faceVertexIndices = [0, 2, 3, 1, 2, 4, 5, 3, 4, 6, 7, 5, 6, 8, 9, 7]
                    rel material:binding = </Island/Town/Roads/Ribbon/RoadMaterial>
                    point3f[] points = [(-174.71591, 65.7993, 633.85986), (-168.92087, 65.7993, 632.30505), (-170.96527, 58.67996, 647.83887), (-165.17023, 58.67996, 646.284), (-167.21463, 58.23014, 661.8179), (-161.4196, 58.23014, 660.263), (-163.464, 55.361916, 675.7969), (-157.66896, 56.64985, 674.242), (-159.71336, 52.142204, 689.7759), (-153.91833, 53.248947, 688.221)]
                    texCoord2f[] primvars:st = [(0, 0), (1, 0), (0, 0.26837292), (1, 0.26837292), (0, 0.5093052), (1, 0.5093052), (0, 0.7528802), (1, 0.7528802), (0, 1), (1, 1)] (
                        interpolation = "vertex"
                    )
                    uniform token subdivisionScheme = "none"
                }

                def Mesh "Street_155" (
                    prepend apiSchemas = ["MaterialBindingAPI"]
                )
                {
                    float3[] extent = [(-157.29918, 48.03392, 686.0376), (-84.27512, 53.70957, 703.7221)]
                    int[] faceVertexCounts = [4, 4, 4, 4, 4]
                    int[] faceVertexIndices = [0, 2, 3, 1, 2, 4, 5, 3, 4, 6, 7, 5, 6, 8, 9, 7, 8, 10, 11, 9]
                    rel material:binding = </Island/Town/Roads/Ribbon/RoadMaterial>
                    point3f[] points = [(-84.27512, 52.766544, 697.8005), (-85.24179, 50.616352, 703.7221), (-98.68661, 53.399235, 695.44794), (-99.65327, 51.333298, 701.3695), (-113.09808, 53.70957, 693.09534), (-114.06474, 51.863632, 699.01697), (-127.50956, 49.821903, 690.7428), (-128.47623, 48.03392, 696.66437), (-141.92104, 53.534657, 688.3902), (-142.8877, 51.855022, 694.3118), (-156.33252, 53.57313, 686.0376), (-157.29918, 51.83341, 691.9592)]
                    texCoord2f[] primvars:st = [(0, 0), (1, 0), (0, 0.19742033), (1, 0.19742033), (0, 0.39471006), (1, 0.39471006), (0, 0.5989108), (1, 0.5989108), (0, 0.80279416), (1, 0.80279416), (0, 1), (1, 1)] (
                        interpolation = "vertex"
                    )
                    uniform token subdivisionScheme = "none"
                }

                def Mesh "Street_156" (
                    prepend apiSchemas = ["MaterialBindingAPI"]
                )
                {
                    float3[] extent = [(-93.61543, 26.083921, 700.56226), (-81.76507, 51.743156, 789.1319)]
                    int[] faceVertexCounts = [4, 4, 4, 4, 4, 4]
                    int[] faceVertexIndices = [0, 2, 3, 1, 2, 4, 5, 3, 4, 6, 7, 5, 6, 8, 9, 7, 8, 10, 11, 9, 10, 12, 13, 11]
                    rel material:binding = </Island/Town/Roads/Ribbon/RoadMaterial>
                    point3f[] points = [(-87.75185, 51.659176, 700.56226), (-81.76507, 51.743156, 700.9604), (-88.72911, 46.694294, 715.2575), (-82.74233, 46.793716, 715.65564), (-89.706375, 42.11143, 729.95276), (-83.7196, 42.221653, 730.3509), (-90.68364, 37.760788, 744.648), (-84.69686, 37.869053, 745.04614), (-91.660904, 33.639923, 759.34326), (-85.674126, 33.730022, 759.7414), (-92.63817, 29.75062, 774.0385), (-86.65139, 29.823757, 774.43665), (-93.61543, 26.083921, 788.73376), (-87.628654, 26.124071, 789.1319)]
                    texCoord2f[] primvars:st = [(0, 0), (1, 0), (0, 0.1689023), (1, 0.1689023), (0, 0.33647624), (1, 0.33647624), (0, 0.5033121), (1, 0.5033121), (0, 0.6695138), (1, 0.6695138), (0, 0.8350617), (1, 0.8350617), (0, 1), (1, 1)] (
                        interpolation = "vertex"
                    )
                    uniform token subdivisionScheme = "none"
                }

                def Mesh "Street_157" (
                    prepend apiSchemas = ["MaterialBindingAPI"]
                )
                {
                    float3[] extent = [(235.56381, 28.528364, 731.29584), (252.21748, 32.972908, 743.03406)]
                    int[] faceVertexCounts = [4]
                    int[] faceVertexIndices = [0, 2, 3, 1]
                    rel material:binding = </Island/Town/Roads/Ribbon/RoadMaterial>
                    point3f[] points = [(235.56381, 31.718035, 736.79126), (237.97209, 32.972908, 731.29584), (249.8092, 28.528364, 743.03406), (252.21748, 29.76955, 737.5386)]
                    texCoord2f[] primvars:st = [(0, 0), (1, 0), (0, 1), (1, 1)] (
                        interpolation = "vertex"
                    )
                    uniform token subdivisionScheme = "none"
                }

                def Mesh "Street_158" (
                    prepend apiSchemas = ["MaterialBindingAPI"]
                )
                {
                    float3[] extent = [(200.60507, 28.325441, 737.3928), (251.80548, 30.675772, 756.76294)]
                    int[] faceVertexCounts = [4, 4, 4, 4]
                    int[] faceVertexIndices = [0, 2, 3, 1, 2, 4, 5, 3, 4, 6, 7, 5, 6, 8, 9, 7]
                    rel material:binding = </Island/Town/Roads/Ribbon/RoadMaterial>
                    point3f[] points = [(202.18936, 29.721233, 756.76294), (200.60507, 29.721233, 750.9759), (214.5934, 28.838634, 753.3672), (213.00911, 30.615, 747.58014), (226.99742, 28.890217, 749.9714), (225.41313, 30.675772, 744.1843), (239.40146, 28.580257, 746.5756), (237.81717, 30.355896, 740.7886), (251.80548, 28.325441, 743.1799), (250.22119, 30.001373, 737.3928)]
                    texCoord2f[] primvars:st = [(0, 0), (1, 0), (0, 0.24996427), (1, 0.24996427), (0, 0.49993035), (1, 0.49993035), (0, 0.7499668), (1, 0.7499668), (0, 1), (1, 1)] (
                        interpolation = "vertex"
                    )
                    uniform token subdivisionScheme = "none"
                }

                def Mesh "Street_159" (
                    prepend apiSchemas = ["MaterialBindingAPI"]
                )
                {
                    float3[] extent = [(198.54082, 7.165501, 752.9524), (231.7654, 28.104315, 840.4784)]
                    int[] faceVertexCounts = [4, 4, 4, 4, 4, 4]
                    int[] faceVertexIndices = [0, 2, 3, 1, 2, 4, 5, 3, 4, 6, 7, 5, 6, 8, 9, 7, 8, 10, 11, 9, 10, 12, 13, 11]
                    rel material:binding = </Island/Town/Roads/Ribbon/RoadMaterial>
                    point3f[] points = [(198.54082, 28.104315, 754.7865), (204.25362, 28.104315, 752.9524), (203.12611, 22.937035, 769.0685), (208.83891, 22.937035, 767.2344), (207.71141, 18.517918, 783.35046), (213.42421, 18.517918, 781.51636), (212.29672, 14.760108, 797.63245), (218.0095, 14.760108, 795.79834), (216.88202, 11.767668, 811.9144), (222.5948, 11.767668, 810.0803), (221.46732, 9.262336, 826.1964), (227.1801, 9.262336, 824.3623), (226.05261, 7.165501, 840.4784), (231.7654, 7.165501, 838.6443)]
                    texCoord2f[] primvars:st = [(0, 0), (1, 0), (0, 0.17130096), (1, 0.17130096), (0, 0.34014368), (1, 0.34014368), (0, 0.5071091), (1, 0.5071091), (0, 0.67226094), (1, 0.67226094), (0, 0.8364648), (1, 0.8364648), (0, 1), (1, 1)] (
                        interpolation = "vertex"
                    )
                    uniform token subdivisionScheme = "none"
                }

                def Mesh "Street_160" (
                    prepend apiSchemas = ["MaterialBindingAPI"]
                )
                {
                    float3[] extent = [(487.06876, 3.5022912, 678.17285), (506.9377, 15.778134, 768.0159)]
                    int[] faceVertexCounts = [4, 4, 4, 4, 4, 4]
                    int[] faceVertexIndices = [0, 2, 3, 1, 2, 4, 5, 3, 4, 6, 7, 5, 6, 8, 9, 7, 8, 10, 11, 9, 10, 12, 13, 11]
                    rel material:binding = </Island/Town/Roads/Ribbon/RoadMaterial>
                    point3f[] points = [(487.06876, 15.778134, 679.1023), (492.99634, 15.166143, 678.17285), (489.3923, 13.541286, 693.9212), (495.3199, 13.000064, 692.99176), (491.71588, 11.26752, 708.7402), (497.64346, 10.836447, 707.8107), (494.03946, 9.025813, 723.5591), (499.967, 8.685127, 722.62964), (496.363, 6.97196, 738.37805), (502.2906, 6.71493, 737.4486), (498.68658, 5.2005506, 753.19696), (504.61414, 4.985294, 752.2676), (501.01013, 3.7407775, 768.0159), (506.9377, 3.5022912, 767.0865)]
                    texCoord2f[] primvars:st = [(0, 0), (1, 0), (0, 0.16696611), (1, 0.16696611), (0, 0.33397627), (1, 0.33397627), (0, 0.50094515), (1, 0.50094515), (0, 0.6676408), (1, 0.6676408), (0, 0.8339853), (1, 0.8339853), (0, 1), (1, 1)] (
                        interpolation = "vertex"
                    )
                    uniform token subdivisionScheme = "none"
                }

                def Mesh "Street_161" (
                    prepend apiSchemas = ["MaterialBindingAPI"]
                )
                {
                    float3[] extent = [(411.85056, 14.4979, 676.084), (491.6071, 16.760035, 728.4278)]
                    int[] faceVertexCounts = [4, 4, 4, 4, 4, 4]
                    int[] faceVertexIndices = [0, 2, 3, 1, 2, 4, 5, 3, 4, 6, 7, 5, 6, 8, 9, 7, 8, 10, 11, 9, 10, 12, 13, 11]
                    rel material:binding = </Island/Town/Roads/Ribbon/RoadMaterial>
                    point3f[] points = [(488.45798, 16.008709, 676.084), (491.6071, 14.943932, 681.19116), (475.6901, 16.4379, 683.9567), (478.8392, 15.332383, 689.0639), (462.92218, 16.504072, 691.8295), (466.0713, 15.327079, 696.9367), (450.15427, 16.760035, 699.7023), (453.30338, 15.543476, 704.80945), (437.38635, 15.61167, 707.5751), (440.53546, 15.61167, 712.68225), (424.61847, 15.549996, 715.4478), (427.76758, 14.4979, 720.555), (411.85056, 16.574675, 723.3206), (414.99966, 15.384638, 728.4278)]
                    texCoord2f[] primvars:st = [(0, 0), (1, 0), (0, 0.16663109), (1, 0.16663109), (0, 0.33320007), (1, 0.33320007), (0, 0.49978864), (1, 0.49978864), (0, 0.6664624), (1, 0.6664624), (0, 0.83313555), (1, 0.83313555), (0, 1), (1, 1)] (
                        interpolation = "vertex"
                    )
                    uniform token subdivisionScheme = "none"
                }

                def Mesh "Street_162" (
                    prepend apiSchemas = ["MaterialBindingAPI"]
                )
                {
                    float3[] extent = [(-174.04755, 75.965706, 543.0334), (-166.23187, 96.80537, 606.41364)]
                    int[] faceVertexCounts = [4, 4, 4, 4]
                    int[] faceVertexIndices = [0, 2, 3, 1, 2, 4, 5, 3, 4, 6, 7, 5, 6, 8, 9, 7]
                    rel material:binding = </Island/Town/Roads/Ribbon/RoadMaterial>
                    point3f[] points = [(-172.22939, 96.03492, 543.0334), (-166.23187, 96.80537, 543.20593), (-172.68393, 92.04283, 558.8353), (-166.6864, 92.515755, 559.0079), (-173.13846, 87.379654, 574.63727), (-167.14095, 87.74324, 574.80975), (-173.593, 82.34835, 590.43915), (-167.59549, 82.34225, 590.6117), (-174.04755, 76.95471, 606.2411), (-168.05002, 75.965706, 606.41364)]
                    texCoord2f[] primvars:st = [(0, 0), (1, 0), (0, 0.24658202), (1, 0.24658202), (0, 0.49559012), (1, 0.49559012), (0, 0.74621075), (1, 0.74621075), (0, 1), (1, 1)] (
                        interpolation = "vertex"
                    )
                    uniform token subdivisionScheme = "none"
                }

                def Mesh "Street_163" (
                    prepend apiSchemas = ["MaterialBindingAPI"]
                )
                {
                    float3[] extent = [(-171.55055, 74.54576, 603.3696), (-60.620014, 80.414154, 627.9336)]
                    int[] faceVertexCounts = [4, 4, 4, 4, 4, 4, 4]
                    int[] faceVertexIndices = [0, 2, 3, 1, 2, 4, 5, 3, 4, 6, 7, 5, 6, 8, 9, 7, 8, 10, 11, 9, 10, 12, 13, 11, 12, 14, 15, 13]
                    rel material:binding = </Island/Town/Roads/Ribbon/RoadMaterial>
                    point3f[] points = [(-60.620014, 77.12128, 622.0181), (-61.623543, 75.77532, 627.9336), (-76.323875, 80.414154, 619.354), (-77.3274, 78.73085, 625.26953), (-92.02773, 78.48432, 616.68994), (-93.03126, 76.905106, 622.60547), (-107.73159, 77.24264, 614.0259), (-108.735115, 74.54576, 619.9414), (-123.43545, 79.20564, 611.3618), (-124.43897, 77.20512, 617.2773), (-139.1393, 78.36169, 608.69775), (-140.14284, 76.52003, 614.6132), (-154.84315, 77.08466, 606.0337), (-155.8467, 77.08466, 611.94916), (-170.54701, 77.76188, 603.3696), (-171.55055, 75.690346, 609.2851)]
                    texCoord2f[] primvars:st = [(0, 0), (1, 0), (0, 0.14469218), (1, 0.14469218), (0, 0.28762197), (1, 0.28762197), (0, 0.43050337), (1, 0.43050337), (0, 0.57397157), (1, 0.57397157), (0, 0.7160673), (1, 0.7160673), (0, 0.8580336), (1, 0.8580336), (0, 1), (1, 1)] (
                        interpolation = "vertex"
                    )
                    uniform token subdivisionScheme = "none"
                }

                def Mesh "Street_164" (
                    prepend apiSchemas = ["MaterialBindingAPI"]
                )
                {
                    float3[] extent = [(-49.01552, 51.61259, 673.47626), (2.6848602, 57.436306, 693.35376)]
                    int[] faceVertexCounts = [4, 4, 4, 4]
                    int[] faceVertexIndices = [0, 2, 3, 1, 2, 4, 5, 3, 4, 6, 7, 5, 6, 8, 9, 7]
                    rel material:binding = </Island/Town/Roads/Ribbon/RoadMaterial>
                    point3f[] points = [(1.0583705, 54.86362, 673.47626), (2.6848602, 52.452034, 679.25165), (-11.460101, 57.436306, 677.00183), (-9.8336115, 56.007008, 682.77716), (-23.978573, 53.716213, 680.52734), (-22.352083, 52.65222, 686.3027), (-36.497044, 54.009464, 684.0529), (-34.870556, 51.61259, 689.82825), (-49.01552, 55.97923, 687.5784), (-47.389027, 53.98771, 693.35376)]
                    texCoord2f[] primvars:st = [(0, 0), (1, 0), (0, 0.25200915), (1, 0.25200915), (0, 0.5061134), (1, 0.5061134), (0, 0.75142825), (1, 0.75142825), (0, 1), (1, 1)] (
                        interpolation = "vertex"
                    )
                    uniform token subdivisionScheme = "none"
                }

                def Mesh "Street_165" (
                    prepend apiSchemas = ["MaterialBindingAPI"]
                )
                {
                    float3[] extent = [(-64.065056, 54.759, 624.3952), (-45.258995, 76.92285, 691.04675)]
                    int[] faceVertexCounts = [4, 4, 4, 4, 4]
                    int[] faceVertexIndices = [0, 2, 3, 1, 2, 4, 5, 3, 4, 6, 7, 5, 6, 8, 9, 7, 8, 10, 11, 9]
                    rel material:binding = </Island/Town/Roads/Ribbon/RoadMaterial>
                    point3f[] points = [(-64.065056, 76.92285, 625.55646), (-58.178505, 75.912186, 624.3952), (-61.48115, 72.85363, 638.65454), (-55.594604, 71.9484, 637.4933), (-58.89725, 68.61302, 651.75256), (-53.0107, 67.896576, 650.5913), (-56.31335, 64.12614, 664.85065), (-50.4268, 63.58287, 663.6894), (-53.72945, 59.506283, 677.94867), (-47.8429, 59.130592, 676.7874), (-51.145546, 55.06388, 691.04675), (-45.258995, 54.759, 689.8855)]
                    texCoord2f[] primvars:st = [(0, 0), (1, 0), (0, 0.1987264), (1, 0.1987264), (0, 0.39802542), (1, 0.39802542), (0, 0.59853715), (1, 0.59853715), (0, 0.7994886), (1, 0.7994886), (0, 1), (1, 1)] (
                        interpolation = "vertex"
                    )
                    uniform token subdivisionScheme = "none"
                }

                def Mesh "Street_166" (
                    prepend apiSchemas = ["MaterialBindingAPI"]
                )
                {
                    float3[] extent = [(-657.0139, 42.166748, -242.96463), (-569.135, 66.30169, -211.14954)]
                    int[] faceVertexCounts = [4, 4, 4, 4, 4, 4]
                    int[] faceVertexIndices = [0, 2, 3, 1, 2, 4, 5, 3, 4, 6, 7, 5, 6, 8, 9, 7, 8, 10, 11, 9, 10, 12, 13, 11]
                    rel material:binding = </Island/Town/Roads/Ribbon/RoadMaterial>
                    point3f[] points = [(-569.135, 65.84784, -216.89226), (-570.87317, 66.30169, -211.14954), (-583.4918, 61.545155, -221.23766), (-585.23, 62.00608, -215.49493), (-597.84863, 58.150692, -225.58304), (-599.5868, 58.546665, -219.84033), (-612.2054, 54.94099, -229.92844), (-613.94354, 55.1584, -224.18573), (-626.5622, 51.12415, -234.27383), (-628.30035, 51.190384, -228.53111), (-640.919, 46.679993, -238.61923), (-642.65717, 46.751053, -232.87651), (-655.27576, 42.166748, -242.96463), (-657.0139, 42.236847, -237.22191)]
                    texCoord2f[] primvars:st = [(0, 0), (1, 0), (0, 0.16750368), (1, 0.16750368), (0, 0.33265138), (1, 0.33265138), (0, 0.49750912), (1, 0.49750912), (0, 0.6638972), (1, 0.6638972), (0, 0.83184034), (1, 0.83184034), (0, 1), (1, 1)] (
                        interpolation = "vertex"
                    )
                    uniform token subdivisionScheme = "none"
                }

                def Mesh "Street_167" (
                    prepend apiSchemas = ["MaterialBindingAPI"]
                )
                {
                    float3[] extent = [(-596.9202, 67.63548, -139.90451), (-544.41455, 90.12238, -106.24858)]
                    int[] faceVertexCounts = [4, 4, 4, 4]
                    int[] faceVertexIndices = [0, 2, 3, 1, 2, 4, 5, 3, 4, 6, 7, 5, 6, 8, 9, 7]
                    rel material:binding = </Island/Town/Roads/Ribbon/RoadMaterial>
                    point3f[] points = [(-544.41455, 90.12238, -111.45084), (-547.40393, 89.982056, -106.24858), (-556.79364, 84.0173, -118.56426), (-559.783, 83.79582, -113.362), (-569.17267, 78.28397, -125.67768), (-572.16205, 77.922615, -120.47542), (-581.55176, 73.11814, -132.79109), (-584.54114, 72.55913, -127.58884), (-593.9308, 68.20445, -139.90451), (-596.9202, 67.63548, -134.70226)]
                    texCoord2f[] primvars:st = [(0, 0), (1, 0), (0, 0.25349894), (1, 0.25349894), (0, 0.5051184), (1, 0.5051184), (0, 0.7533415), (1, 0.7533415), (0, 1), (1, 1)] (
                        interpolation = "vertex"
                    )
                    uniform token subdivisionScheme = "none"
                }

                def Mesh "Street_168" (
                    prepend apiSchemas = ["MaterialBindingAPI"]
                )
                {
                    float3[] extent = [(-531.6943, 102.67533, -98.49139), (-443.17923, 118.33264, -69.54344)]
                    int[] faceVertexCounts = [4, 4, 4, 4, 4, 4]
                    int[] faceVertexIndices = [0, 2, 3, 1, 2, 4, 5, 3, 4, 6, 7, 5, 6, 8, 9, 7, 8, 10, 11, 9, 10, 12, 13, 11]
                    rel material:binding = </Island/Town/Roads/Ribbon/RoadMaterial>
                    point3f[] points = [(-530.151, 104.35328, -69.54344), (-531.6943, 102.67533, -75.34156), (-515.6557, 107.86671, -73.40175), (-517.19904, 106.061424, -79.19986), (-501.1604, 110.76366, -77.26005), (-502.7037, 109.22943, -83.05817), (-486.6651, 114.357796, -81.118355), (-488.20844, 112.982056, -86.91647), (-472.1698, 117.8249, -84.97666), (-473.71313, 115.98446, -90.77478), (-457.67453, 116.923965, -88.83497), (-459.21783, 116.923965, -94.63308), (-443.17923, 118.33264, -92.69327), (-444.72253, 118.33264, -98.49139)]
                    texCoord2f[] primvars:st = [(0, 0), (1, 0), (0, 0.1681447), (1, 0.1681447), (0, 0.3352024), (1, 0.3352024), (0, 0.5039561), (1, 0.5039561), (0, 0.6716057), (1, 0.6716057), (0, 0.83544254), (1, 0.83544254), (0, 1), (1, 1)] (
                        interpolation = "vertex"
                    )
                    uniform token subdivisionScheme = "none"
                }

                def Mesh "Street_169" (
                    prepend apiSchemas = ["MaterialBindingAPI"]
                )
                {
                    float3[] extent = [(-659.7564, 16.10779, 444.05786), (-640.74585, 26.64494, 533.9748)]
                    int[] faceVertexCounts = [4, 4, 4, 4, 4, 4]
                    int[] faceVertexIndices = [0, 2, 3, 1, 2, 4, 5, 3, 4, 6, 7, 5, 6, 8, 9, 7, 8, 10, 11, 9, 10, 12, 13, 11]
                    rel material:binding = </Island/Town/Roads/Ribbon/RoadMaterial>
                    point3f[] points = [(-659.7564, 25.24412, 444.92947), (-653.82007, 26.64494, 444.05786), (-657.5774, 24.215155, 459.77036), (-651.64105, 25.589514, 458.89874), (-655.3983, 23.31465, 474.61124), (-649.462, 24.578558, 473.73962), (-653.2193, 22.010141, 489.45212), (-647.28296, 23.128027, 488.5805), (-651.0403, 20.060152, 504.293), (-645.10394, 21.117617, 503.4214), (-648.86127, 18.130104, 519.1339), (-642.92487, 19.29556, 518.26227), (-646.6822, 16.333075, 533.9748), (-640.74585, 16.10779, 533.10315)]
                    texCoord2f[] primvars:st = [(0, 0), (1, 0), (0, 0.16604196), (1, 0.16604196), (0, 0.33202186), (1, 0.33202186), (0, 0.4983569), (1, 0.4983569), (0, 0.66545373), (1, 0.66545373), (0, 0.83239716), (1, 0.83239716), (0, 1), (1, 1)] (
                        interpolation = "vertex"
                    )
                    uniform token subdivisionScheme = "none"
                }

                def Mesh "Street_170" (
                    prepend apiSchemas = ["MaterialBindingAPI"]
                )
                {
                    float3[] extent = [(-746.49054, 10.040303, 430.63245), (-656.4255, 26.335737, 447.47165)]
                    int[] faceVertexCounts = [4, 4, 4, 4, 4, 4]
                    int[] faceVertexIndices = [0, 2, 3, 1, 2, 4, 5, 3, 4, 6, 7, 5, 6, 8, 9, 7, 8, 10, 11, 9, 10, 12, 13, 11]
                    rel material:binding = </Island/Town/Roads/Ribbon/RoadMaterial>
                    point3f[] points = [(-656.4255, 26.335737, 441.5157), (-657.151, 25.539888, 447.47165), (-671.31537, 23.412184, 439.7018), (-672.04095, 22.644747, 445.65778), (-686.2053, 20.86148, 437.88794), (-686.93085, 20.015314, 443.8439), (-701.0952, 18.22414, 436.07407), (-701.8208, 17.757822, 442.03003), (-715.98517, 15.695548, 434.2602), (-716.7107, 15.695548, 440.21616), (-730.87506, 13.329471, 432.44632), (-731.60065, 13.329471, 438.40228), (-745.765, 11.729807, 430.63245), (-746.49054, 10.040303, 436.5884)]
                    texCoord2f[] primvars:st = [(0, 0), (1, 0), (0, 0.16745558), (1, 0.16745558), (0, 0.3342905), (1, 0.3342905), (0, 0.50072324), (1, 0.50072324), (0, 0.66714907), (1, 0.66714907), (0, 0.8335742), (1, 0.8335742), (0, 1), (1, 1)] (
                        interpolation = "vertex"
                    )
                    uniform token subdivisionScheme = "none"
                }

                def Mesh "Street_171" (
                    prepend apiSchemas = ["MaterialBindingAPI"]
                )
                {
                    float3[] extent = [(-348.1082, 28.984451, -718.83746), (-258.71902, 36.730434, -695.0128)]
                    int[] faceVertexCounts = [4, 4, 4, 4, 4, 4]
                    int[] faceVertexIndices = [0, 2, 3, 1, 2, 4, 5, 3, 4, 6, 7, 5, 6, 8, 9, 7, 8, 10, 11, 9, 10, 12, 13, 11]
                    rel material:binding = </Island/Town/Roads/Ribbon/RoadMaterial>
                    point3f[] points = [(-259.91537, 35.01147, -718.83746), (-258.71902, 36.730434, -712.95795), (-274.61417, 34.37793, -715.84656), (-273.41785, 35.90752, -709.96704), (-289.313, 32.85724, -712.8557), (-288.11664, 34.3077, -706.9762), (-304.01178, 31.657866, -709.86487), (-302.81546, 33.16289, -703.98535), (-318.7106, 31.772882, -706.874), (-317.51425, 33.206715, -700.9945), (-333.4094, 30.92128, -703.8832), (-332.21304, 32.284126, -698.00366), (-348.1082, 28.984451, -700.89233), (-346.91187, 29.8916, -695.0128)]
                    texCoord2f[] primvars:st = [(0, 0), (1, 0), (0, 0.16628161), (1, 0.16628161), (0, 0.33325994), (1, 0.33325994), (0, 0.4998518), (1, 0.4998518), (0, 0.66593874), (1, 0.66593874), (0, 0.8323086), (1, 0.8323086), (0, 1), (1, 1)] (
                        interpolation = "vertex"
                    )
                    uniform token subdivisionScheme = "none"
                }

                def Mesh "Street_172" (
                    prepend apiSchemas = ["MaterialBindingAPI"]
                )
                {
                    float3[] extent = [(-262.21082, 15.916046, -803.49786), (-232.66826, 36.256676, -715.10583)]
                    int[] faceVertexCounts = [4, 4, 4, 4, 4, 4]
                    int[] faceVertexIndices = [0, 2, 3, 1, 2, 4, 5, 3, 4, 6, 7, 5, 6, 8, 9, 7, 8, 10, 11, 9, 10, 12, 13, 11]
                    rel material:binding = </Island/Town/Roads/Ribbon/RoadMaterial>
                    point3f[] points = [(-256.42358, 36.256676, -715.10583), (-262.21082, 35.45082, -716.6895), (-252.46437, 32.47146, -729.5739), (-258.2516, 31.729342, -731.1576), (-248.50516, 29.171013, -744.04193), (-254.29237, 28.2973, -745.6256), (-244.54593, 26.01424, -758.51), (-250.33315, 25.243294, -760.0937), (-240.5867, 22.789787, -772.978), (-246.37393, 22.166483, -774.5617), (-236.62749, 19.579483, -787.4461), (-242.4147, 18.990711, -789.0298), (-232.66826, 16.543076, -801.9141), (-238.45549, 15.916046, -803.49786)]
                    texCoord2f[] primvars:st = [(0, 0), (1, 0), (0, 0.16788085), (1, 0.16788085), (0, 0.33474052), (1, 0.33474052), (0, 0.50094116), (1, 0.50094116), (0, 0.66734684), (1, 0.66734684), (0, 0.8338342), (1, 0.8338342), (0, 1), (1, 1)] (
                        interpolation = "vertex"
                    )
                    uniform token subdivisionScheme = "none"
                }

                def Mesh "Street_173" (
                    prepend apiSchemas = ["MaterialBindingAPI"]
                )
                {
                    float3[] extent = [(-407.21756, 82.609184, -418.62173), (-379.0129, 93.91821, -381.66113)]
                    int[] faceVertexCounts = [4, 4, 4]
                    int[] faceVertexIndices = [0, 2, 3, 1, 2, 4, 5, 3, 4, 6, 7, 5]
                    rel material:binding = </Island/Town/Roads/Ribbon/RoadMaterial>
                    point3f[] points = [(-379.0129, 93.91821, -385.0819), (-383.94223, 92.8888, -381.66113), (-386.77133, 90.5319, -396.26184), (-391.70068, 89.66311, -392.8411), (-394.5298, 87.04351, -407.4418), (-399.45914, 86.51471, -404.02103), (-402.28824, 82.98987, -418.62173), (-407.21756, 82.609184, -415.20096)]
                    texCoord2f[] primvars:st = [(0, 0), (1, 0), (0, 0.33171093), (1, 0.33171093), (0, 0.66388345), (1, 0.66388345), (0, 1), (1, 1)] (
                        interpolation = "vertex"
                    )
                    uniform token subdivisionScheme = "none"
                }

                def Mesh "Street_174" (
                    prepend apiSchemas = ["MaterialBindingAPI"]
                )
                {
                    float3[] extent = [(-407.14667, 80.74827, -487.61667), (-350.3138, 85.42081, -415.1031)]
                    int[] faceVertexCounts = [4, 4, 4, 4, 4, 4]
                    int[] faceVertexIndices = [0, 2, 3, 1, 2, 4, 5, 3, 4, 6, 7, 5, 6, 8, 9, 7, 8, 10, 11, 9, 10, 12, 13, 11]
                    rel material:binding = </Island/Town/Roads/Ribbon/RoadMaterial>
                    point3f[] points = [(-355.10138, 83.661255, -487.61667), (-350.3138, 85.42081, -484.00012), (-363.77557, 83.285255, -476.13385), (-358.98804, 84.91968, -472.5173), (-372.4498, 80.961784, -464.651), (-367.66226, 83.05536, -461.03445), (-381.12402, 81.975006, -453.16815), (-376.3365, 81.975006, -449.5516), (-389.79825, 80.804886, -441.6853), (-385.01068, 83.09441, -438.06876), (-398.47247, 80.74827, -430.20248), (-393.6849, 82.77508, -426.58594), (-407.14667, 81.82129, -418.71964), (-402.35913, 83.77842, -415.1031)]
                    texCoord2f[] primvars:st = [(0, 0), (1, 0), (0, 0.16637732), (1, 0.16637732), (0, 0.33437902), (1, 0.33437902), (0, 0.5006787), (1, 0.5006787), (0, 0.66697866), (1, 0.66697866), (0, 0.83328366), (1, 0.83328366), (0, 1), (1, 1)] (
                        interpolation = "vertex"
                    )
                    uniform token subdivisionScheme = "none"
                }

                def Mesh "Street_175" (
                    prepend apiSchemas = ["MaterialBindingAPI"]
                )
                {
                    float3[] extent = [(-407.61215, 56.4586, -560.6819), (-362.71378, 78.19904, -501.40253)]
                    int[] faceVertexCounts = [4, 4, 4, 4, 4]
                    int[] faceVertexIndices = [0, 2, 3, 1, 2, 4, 5, 3, 4, 6, 7, 5, 6, 8, 9, 7, 8, 10, 11, 9]
                    rel material:binding = </Island/Town/Roads/Ribbon/RoadMaterial>
                    point3f[] points = [(-362.71378, 78.19904, -504.90033), (-367.58875, 77.91096, -501.40253), (-370.71844, 73.91764, -516.05664), (-375.5934, 73.57571, -512.55884), (-378.72314, 69.67655, -527.21295), (-383.5981, 69.24092, -523.71515), (-386.7278, 65.386024, -538.36926), (-391.60278, 64.89892, -534.87146), (-394.73248, 61.14138, -549.5256), (-399.60748, 60.62752, -546.0278), (-402.73718, 56.95822, -560.6819), (-407.61215, 56.4586, -557.1841)]
                    texCoord2f[] primvars:st = [(0, 0), (1, 0), (0, 0.20014758), (1, 0.20014758), (0, 0.4002171), (1, 0.4002171), (0, 0.6004073), (1, 0.6004073), (0, 0.8003942), (1, 0.8003942), (0, 1), (1, 1)] (
                        interpolation = "vertex"
                    )
                    uniform token subdivisionScheme = "none"
                }

                def Mesh "Street_176" (
                    prepend apiSchemas = ["MaterialBindingAPI"]
                )
                {
                    float3[] extent = [(-236.67387, 9.356138, -831.4988), (-169.28658, 16.879549, -799.9197)]
                    int[] faceVertexCounts = [4, 4, 4, 4, 4]
                    int[] faceVertexIndices = [0, 2, 3, 1, 2, 4, 5, 3, 4, 6, 7, 5, 6, 8, 9, 7, 8, 10, 11, 9]
                    rel material:binding = </Island/Town/Roads/Ribbon/RoadMaterial>
                    point3f[] points = [(-171.51057, 11.349831, -831.4988), (-169.28658, 13.004706, -825.92615), (-184.54324, 10.875628, -826.2975), (-182.31923, 10.875628, -820.72485), (-197.5759, 9.356138, -821.0962), (-195.3519, 9.547942, -815.52356), (-210.60855, 15.12557, -815.8949), (-208.38455, 16.1277, -810.32227), (-223.64122, 15.422278, -810.6936), (-221.4172, 16.656553, -805.121), (-236.67387, 15.578538, -805.4923), (-234.44987, 16.879549, -799.9197)]
                    texCoord2f[] primvars:st = [(0, 0), (1, 0), (0, 0.19699152), (1, 0.19699152), (0, 0.39398283), (1, 0.39398283), (0, 0.6075372), (1, 0.6075372), (0, 0.8037989), (1, 0.8037989), (0, 1), (1, 1)] (
                        interpolation = "vertex"
                    )
                    uniform token subdivisionScheme = "none"
                }

                def Mesh "Street_177" (
                    prepend apiSchemas = ["MaterialBindingAPI"]
                )
                {
                    float3[] extent = [(-195.53813, 9.034577, -829.45355), (-167.49155, 31.544176, -740.7606)]
                    int[] faceVertexCounts = [4, 4, 4, 4, 4, 4]
                    int[] faceVertexIndices = [0, 2, 3, 1, 2, 4, 5, 3, 4, 6, 7, 5, 6, 8, 9, 7, 8, 10, 11, 9, 10, 12, 13, 11]
                    rel material:binding = </Island/Town/Roads/Ribbon/RoadMaterial>
                    point3f[] points = [(-173.3056, 10.524627, -829.45355), (-167.49155, 13.339116, -827.9714), (-177.01102, 9.034577, -814.9184), (-171.19698, 13.003803, -813.4363), (-180.71645, 14.394732, -800.3833), (-174.90239, 14.394732, -798.9011), (-184.42186, 17.73296, -785.8482), (-178.60782, 17.73296, -784.366), (-188.12729, 21.071186, -771.31305), (-182.31323, 21.071186, -769.8309), (-191.8327, 25.672691, -756.77795), (-186.01866, 23.20165, -755.2958), (-195.53813, 31.544176, -742.2428), (-189.72408, 30.184374, -740.7606)]
                    texCoord2f[] primvars:st = [(0, 0), (1, 0), (0, 0.16193773), (1, 0.16193773), (0, 0.32739764), (1, 0.32739764), (0, 0.492857), (1, 0.492857), (0, 0.6583169), (1, 0.6583169), (0, 0.8237763), (1, 0.8237763), (0, 1), (1, 1)] (
                        interpolation = "vertex"
                    )
                    uniform token subdivisionScheme = "none"
                }

                def Mesh "Street_178" (
                    prepend apiSchemas = ["MaterialBindingAPI"]
                )
                {
                    float3[] extent = [(404.74127, 75.404, -467.2559), (472.46338, 83.090454, -399.214)]
                    int[] faceVertexCounts = [4, 4, 4, 4, 4, 4]
                    int[] faceVertexIndices = [0, 2, 3, 1, 2, 4, 5, 3, 4, 6, 7, 5, 6, 8, 9, 7, 8, 10, 11, 9, 10, 12, 13, 11]
                    rel material:binding = </Island/Town/Roads/Ribbon/RoadMaterial>
                    point3f[] points = [(404.74127, 77.44985, -463.0247), (408.99533, 75.404, -467.2559), (415.3193, 79.787384, -452.3896), (419.57333, 77.78078, -456.6208), (425.8973, 81.83757, -441.75446), (430.15134, 79.802605, -445.98566), (436.4753, 83.090454, -431.11935), (440.72937, 81.00644, -435.35056), (447.0533, 83.01617, -420.48422), (451.30737, 80.85055, -424.71542), (457.63132, 81.61072, -409.8491), (461.88538, 79.31518, -414.0803), (468.20932, 80.3801, -399.214), (472.46338, 80.3801, -403.4452)]
                    texCoord2f[] primvars:st = [(0, 0), (1, 0), (0, 0.16776352), (1, 0.16776352), (0, 0.33515292), (1, 0.33515292), (0, 0.50156146), (1, 0.50156146), (0, 0.6674163), (1, 0.6674163), (0, 0.8341492), (1, 0.8341492), (0, 1), (1, 1)] (
                        interpolation = "vertex"
                    )
                    uniform token subdivisionScheme = "none"
                }

                def Mesh "Street_179" (
                    prepend apiSchemas = ["MaterialBindingAPI"]
                )
                {
                    float3[] extent = [(265.81155, 12.204985, -804.3914), (302.91812, 27.839619, -717.97955)]
                    int[] faceVertexCounts = [4, 4, 4, 4, 4, 4]
                    int[] faceVertexIndices = [0, 2, 3, 1, 2, 4, 5, 3, 4, 6, 7, 5, 6, 8, 9, 7, 8, 10, 11, 9, 10, 12, 13, 11]
                    rel material:binding = </Island/Town/Roads/Ribbon/RoadMaterial>
                    point3f[] points = [(302.91812, 26.892443, -720.0786), (297.29727, 27.839619, -717.97955), (297.6705, 25.061619, -734.13074), (292.04965, 25.975283, -732.0317), (292.42288, 23.03559, -748.18286), (286.80203, 23.65509, -746.0838), (287.17526, 20.571768, -762.235), (281.5544, 21.110518, -760.136), (281.92764, 17.983599, -776.2872), (276.3068, 18.123043, -774.1881), (276.68002, 14.346365, -790.3393), (271.05917, 14.690497, -788.24023), (271.4324, 12.204985, -804.3914), (265.81155, 13.532891, -802.29236)]
                    texCoord2f[] primvars:st = [(0, 0), (1, 0), (0, 0.16555502), (1, 0.16555502), (0, 0.33165357), (1, 0.33165357), (0, 0.4982992), (1, 0.4982992), (0, 0.6653234), (1, 0.6653234), (0, 0.834812), (1, 0.834812), (0, 1), (1, 1)] (
                        interpolation = "vertex"
                    )
                    uniform token subdivisionScheme = "none"
                }

                def Mesh "Street_180" (
                    prepend apiSchemas = ["MaterialBindingAPI"]
                )
                {
                    float3[] extent = [(123.815704, 45.2496, -680.41876), (214.01302, 50.902, -669.1071)]
                    int[] faceVertexCounts = [4, 4, 4, 4, 4, 4]
                    int[] faceVertexIndices = [0, 2, 3, 1, 2, 4, 5, 3, 4, 6, 7, 5, 6, 8, 9, 7, 8, 10, 11, 9, 10, 12, 13, 11]
                    rel material:binding = </Island/Town/Roads/Ribbon/RoadMaterial>
                    point3f[] points = [(214.01302, 45.2496, -675.0966), (213.6582, 46.899555, -669.1071), (199.03926, 46.501553, -675.98364), (198.68445, 48.19376, -669.99414), (184.0655, 47.250324, -676.87067), (183.71071, 48.991554, -670.88116), (169.09177, 48.36777, -677.7577), (168.73695, 50.135517, -671.7682), (154.11801, 49.159237, -678.6447), (153.7632, 50.902, -672.6552), (139.14426, 47.599823, -679.53174), (138.78946, 49.433865, -673.54224), (124.17051, 48.298237, -680.41876), (123.815704, 48.298237, -674.42926)]
                    texCoord2f[] primvars:st = [(0, 0), (1, 0), (0, 0.16682988), (1, 0.16682988), (0, 0.3332818), (1, 0.3332818), (0, 0.49998578), (1, 0.49998578), (0, 0.6664386), (1, 0.6664386), (0, 0.8337685), (1, 0.8337685), (0, 1), (1, 1)] (
                        interpolation = "vertex"
                    )
                    uniform token subdivisionScheme = "none"
                }

                def Mesh "Street_181" (
                    prepend apiSchemas = ["MaterialBindingAPI"]
                )
                {
                    float3[] extent = [(-530.1608, 31.307108, 553.0693), (-469.43854, 34.012268, 627.23883)]
                    int[] faceVertexCounts = [4, 4, 4, 4, 4, 4]
                    int[] faceVertexIndices = [0, 2, 3, 1, 2, 4, 5, 3, 4, 6, 7, 5, 6, 8, 9, 7, 8, 10, 11, 9, 10, 12, 13, 11]
                    rel material:binding = </Island/Town/Roads/Ribbon/RoadMaterial>
                    point3f[] points = [(-469.43854, 32.072735, 623.5037), (-474.13416, 32.072735, 627.23883), (-478.7763, 32.072735, 611.76465), (-483.47192, 32.072735, 615.49976), (-488.11407, 32.838737, 600.0256), (-492.80972, 31.307108, 603.7607), (-497.45187, 33.509155, 588.2865), (-502.1475, 31.948977, 592.0216), (-506.78964, 34.012268, 576.5474), (-511.48526, 32.4895, 580.28253), (-516.12744, 33.85105, 564.80835), (-520.82306, 32.523674, 568.54346), (-525.4652, 33.25818, 553.0693), (-530.1608, 33.25818, 556.8044)]
                    texCoord2f[] primvars:st = [(0, 0), (1, 0), (0, 0.16662332), (1, 0.16662332), (0, 0.33324665), (1, 0.33324665), (0, 0.5000288), (1, 0.5000288), (0, 0.66675335), (1, 0.66675335), (0, 0.8333767), (1, 0.8333767), (0, 1), (1, 1)] (
                        interpolation = "vertex"
                    )
                    uniform token subdivisionScheme = "none"
                }

                def Mesh "Street_182" (
                    prepend apiSchemas = ["MaterialBindingAPI"]
                )
                {
                    float3[] extent = [(-448.1045, 61.76432, 465.83975), (-424.53238, 64.45301, 485.25867)]
                    int[] faceVertexCounts = [4, 4]
                    int[] faceVertexIndices = [0, 2, 3, 1, 2, 4, 5, 3]
                    rel material:binding = </Island/Town/Roads/Ribbon/RoadMaterial>
                    point3f[] points = [(-424.53238, 63.14282, 480.40472), (-428.0593, 63.14282, 485.25867), (-434.55496, 64.45301, 473.12222), (-438.08188, 62.025154, 477.9762), (-444.57758, 63.58026, 465.83975), (-448.1045, 61.76432, 470.6937)]
                    texCoord2f[] primvars:st = [(0, 0), (1, 0), (0, 0.49982587), (1, 0.49982587), (0, 1), (1, 1)] (
                        interpolation = "vertex"
                    )
                    uniform token subdivisionScheme = "none"
                }

                def Mesh "Street_183" (
                    prepend apiSchemas = ["MaterialBindingAPI"]
                )
                {
                    float3[] extent = [(-375.71793, 63.227165, 465.51016), (-320.9715, 88.97419, 523.22485)]
                    int[] faceVertexCounts = [4, 4, 4, 4, 4]
                    int[] faceVertexIndices = [0, 2, 3, 1, 2, 4, 5, 3, 4, 6, 7, 5, 6, 8, 9, 7, 8, 10, 11, 9]
                    rel material:binding = </Island/Town/Roads/Ribbon/RoadMaterial>
                    point3f[] points = [(-371.34552, 63.227165, 523.22485), (-375.71793, 63.227165, 519.1161), (-361.27072, 67.97265, 512.50366), (-365.64313, 67.97265, 508.3949), (-351.19592, 73.41055, 501.7825), (-355.56833, 73.41055, 497.6737), (-341.1211, 78.57292, 491.0613), (-345.4935, 78.57292, 486.9525), (-331.0463, 84.09594, 480.34012), (-335.4187, 84.09594, 476.23135), (-320.9715, 88.97419, 469.61896), (-325.3439, 88.97419, 465.51016)]
                    texCoord2f[] primvars:st = [(0, 0), (1, 0), (0, 0.19831493), (1, 0.19831493), (0, 0.39953393), (1, 0.39953393), (0, 0.59955513), (1, 0.59955513), (0, 0.80115557), (1, 0.80115557), (0, 1), (1, 1)] (
                        interpolation = "vertex"
                    )
                    uniform token subdivisionScheme = "none"
                }

                def Mesh "Street_184" (
                    prepend apiSchemas = ["MaterialBindingAPI"]
                )
                {
                    float3[] extent = [(290.0207, 32.573647, -689.77954), (300.76617, 42.528057, -629.07275)]
                    int[] faceVertexCounts = [4, 4, 4, 4]
                    int[] faceVertexIndices = [0, 2, 3, 1, 2, 4, 5, 3, 4, 6, 7, 5, 6, 8, 9, 7]
                    rel material:binding = </Island/Town/Roads/Ribbon/RoadMaterial>
                    point3f[] points = [(296.00198, 42.528057, -629.07275), (290.0207, 42.528057, -629.54584), (297.19305, 39.069153, -644.13116), (291.21173, 39.069153, -644.60425), (298.3841, 38.032066, -659.1896), (292.40277, 38.032066, -659.66266), (299.57513, 34.999413, -674.248), (293.5938, 36.102184, -674.72107), (300.76617, 32.573647, -689.3064), (294.78485, 33.238514, -689.77954)]
                    texCoord2f[] primvars:st = [(0, 0), (1, 0), (0, 0.25289267), (1, 0.25289267), (0, 0.49998453), (1, 0.49998453), (0, 0.749638), (1, 0.749638), (0, 1), (1, 1)] (
                        interpolation = "vertex"
                    )
                    uniform token subdivisionScheme = "none"
                }

                def Mesh "Street_185" (
                    prepend apiSchemas = ["MaterialBindingAPI"]
                )
                {
                    float3[] extent = [(296.6966, 31.76741, -692.3422), (335.43054, 33.552673, -672.64636)]
                    int[] faceVertexCounts = [4, 4, 4]
                    int[] faceVertexIndices = [0, 2, 3, 1, 2, 4, 5, 3, 4, 6, 7, 5]
                    rel material:binding = </Island/Town/Roads/Ribbon/RoadMaterial>
                    point3f[] points = [(335.43054, 31.76741, -678.24493), (333.27274, 33.15332, -672.64636), (323.2385, 32.613144, -682.94403), (321.0807, 32.613144, -677.34546), (311.04645, 32.77277, -687.6431), (308.88864, 32.77277, -682.0446), (298.8544, 32.330032, -692.3422), (296.6966, 33.552673, -686.7437)]
                    texCoord2f[] primvars:st = [(0, 0), (1, 0), (0, 0.33333358), (1, 0.33333358), (0, 0.66666645), (1, 0.66666645), (0, 1), (1, 1)] (
                        interpolation = "vertex"
                    )
                    uniform token subdivisionScheme = "none"
                }

                def Mesh "Street_186" (
                    prepend apiSchemas = ["MaterialBindingAPI"]
                )
                {
                    float3[] extent = [(332.23633, 13.913057, -741.0325), (400.2862, 32.611168, -673.31836)]
                    int[] faceVertexCounts = [4, 4, 4, 4, 4, 4]
                    int[] faceVertexIndices = [0, 2, 3, 1, 2, 4, 5, 3, 4, 6, 7, 5, 6, 8, 9, 7, 8, 10, 11, 9, 10, 12, 13, 11]
                    rel material:binding = </Island/Town/Roads/Ribbon/RoadMaterial>
                    point3f[] points = [(336.46695, 32.611168, -673.31836), (332.23633, 32.21189, -677.573), (347.1035, 29.195194, -683.89496), (342.87286, 29.013235, -688.14954), (357.74002, 25.873827, -694.4715), (353.5094, 25.773636, -698.72614), (368.37656, 22.647207, -705.0481), (364.14594, 22.568916, -709.30273), (379.01312, 19.55382, -715.6247), (374.78247, 19.437653, -719.8793), (389.64966, 16.685318, -726.20123), (385.419, 16.545612, -730.4559), (400.2862, 14.045987, -736.77783), (396.05557, 13.913057, -741.0325)]
                    texCoord2f[] primvars:st = [(0, 0), (1, 0), (0, 0.1672499), (1, 0.1672499), (0, 0.33436072), (1, 0.33436072), (0, 0.50132585), (1, 0.50132585), (0, 0.6680307), (1, 0.6680307), (0, 0.8342367), (1, 0.8342367), (0, 1), (1, 1)] (
                        interpolation = "vertex"
                    )
                    uniform token subdivisionScheme = "none"
                }

                def Mesh "Street_187" (
                    prepend apiSchemas = ["MaterialBindingAPI"]
                )
                {
                    float3[] extent = [(423.19983, 5.9338527, -784.0244), (430.90582, 9.873505, -749.4841)]
                    int[] faceVertexCounts = [4, 4, 4]
                    int[] faceVertexIndices = [0, 2, 3, 1, 2, 4, 5, 3, 4, 6, 7, 5]
                    rel material:binding = </Island/Town/Roads/Ribbon/RoadMaterial>
                    point3f[] points = [(430.90582, 9.436356, -749.784), (424.9133, 9.873505, -749.4841), (430.33466, 8.127264, -761.19745), (424.34216, 8.725329, -760.8976), (429.7635, 7.053137, -772.61096), (423.771, 7.5342417, -772.3111), (429.19235, 5.9338527, -784.0244), (423.19983, 6.313723, -783.72455)]
                    texCoord2f[] primvars:st = [(0, 0), (1, 0), (0, 0.33346274), (1, 0.33346274), (0, 0.6666973), (1, 0.6666973), (0, 1), (1, 1)] (
                        interpolation = "vertex"
                    )
                    uniform token subdivisionScheme = "none"
                }

                def Mesh "Street_188" (
                    prepend apiSchemas = ["MaterialBindingAPI"]
                )
                {
                    float3[] extent = [(280.25775, 30.984823, 687.657), (336.2825, 39.78343, 737.3751)]
                    int[] faceVertexCounts = [4, 4, 4, 4, 4]
                    int[] faceVertexIndices = [0, 2, 3, 1, 2, 4, 5, 3, 4, 6, 7, 5, 6, 8, 9, 7, 8, 10, 11, 9]
                    rel material:binding = </Island/Town/Roads/Ribbon/RoadMaterial>
                    point3f[] points = [(280.25775, 39.78343, 692.1895), (284.18924, 37.853634, 687.657), (290.67642, 34.17842, 701.2266), (294.60788, 30.984823, 696.6941), (301.09506, 32.626938, 710.26373), (305.02655, 32.626938, 705.73126), (311.5137, 32.626938, 719.30084), (315.4452, 32.626938, 714.7684), (321.93237, 32.626938, 728.338), (325.86386, 32.626938, 723.8055), (332.351, 32.626938, 737.3751), (336.2825, 32.626938, 732.84265)]
                    texCoord2f[] primvars:st = [(0, 0), (1, 0), (0, 0.2156947), (1, 0.2156947), (0, 0.41177073), (1, 0.41177073), (0, 0.6078471), (1, 0.6078471), (0, 0.8039231), (1, 0.8039231), (0, 1), (1, 1)] (
                        interpolation = "vertex"
                    )
                    uniform token subdivisionScheme = "none"
                }

                def Mesh "Street_189" (
                    prepend apiSchemas = ["MaterialBindingAPI"]
                )
                {
                    float3[] extent = [(333.96893, 15.426118, 722.8944), (413.77295, 21.793957, 738.0886)]
                    int[] faceVertexCounts = [4, 4, 4, 4, 4]
                    int[] faceVertexIndices = [0, 2, 3, 1, 2, 4, 5, 3, 4, 6, 7, 5, 6, 8, 9, 7, 8, 10, 11, 9]
                    rel material:binding = </Island/Town/Roads/Ribbon/RoadMaterial>
                    point3f[] points = [(413.07727, 16.525866, 722.8944), (413.77295, 15.426118, 728.85394), (397.25558, 17.782469, 724.7414), (397.9513, 16.563835, 730.7009), (381.43393, 18.382404, 726.5883), (382.1296, 17.002169, 732.54785), (365.61227, 19.749159, 728.43524), (366.30795, 18.785583, 734.3948), (349.7906, 21.793957, 730.28217), (350.48627, 20.48936, 736.2417), (333.96893, 21.146961, 732.1291), (334.6646, 21.146961, 738.0886)]
                    texCoord2f[] primvars:st = [(0, 0), (1, 0), (0, 0.19995965), (1, 0.19995965), (0, 0.39945683), (1, 0.39945683), (0, 0.5998224), (1, 0.5998224), (0, 0.80060667), (1, 0.80060667), (0, 1), (1, 1)] (
                        interpolation = "vertex"
                    )
                    uniform token subdivisionScheme = "none"
                }

                def Mesh "Street_190" (
                    prepend apiSchemas = ["MaterialBindingAPI"]
                )
                {
                    float3[] extent = [(362.5296, 38.730694, 645.84155), (372.4731, 40.532307, 655.1975)]
                    int[] faceVertexCounts = [4]
                    int[] faceVertexIndices = [0, 2, 3, 1]
                    rel material:binding = </Island/Town/Roads/Ribbon/RoadMaterial>
                    point3f[] points = [(365.7782, 38.865288, 655.1975), (362.5296, 40.532307, 650.1531), (372.4731, 38.730694, 650.88605), (369.22452, 40.330265, 645.84155)]
                    texCoord2f[] primvars:st = [(0, 0), (1, 0), (0, 1), (1, 1)] (
                        interpolation = "vertex"
                    )
                    uniform token subdivisionScheme = "none"
                }

                def Mesh "Street_191" (
                    prepend apiSchemas = ["MaterialBindingAPI"]
                )
                {
                    float3[] extent = [(368.2194, 15.965716, 646.91943), (416.05453, 39.710987, 727.31854)]
                    int[] faceVertexCounts = [4, 4, 4, 4, 4, 4]
                    int[] faceVertexIndices = [0, 2, 3, 1, 2, 4, 5, 3, 4, 6, 7, 5, 6, 8, 9, 7, 8, 10, 11, 9, 10, 12, 13, 11]
                    rel material:binding = </Island/Town/Roads/Ribbon/RoadMaterial>
                    point3f[] points = [(416.05453, 15.965716, 724.4299), (410.7957, 15.972986, 727.31854), (408.9585, 19.044168, 711.5115), (403.69965, 19.093428, 714.40015), (401.86243, 22.501856, 698.5931), (396.60358, 22.561771, 701.48175), (394.7664, 26.518559, 685.6747), (389.50754, 26.547472, 688.56335), (387.67035, 30.94643, 672.7563), (382.4115, 31.007761, 675.64496), (380.5743, 35.19892, 659.8379), (375.31543, 35.521965, 662.72656), (373.47824, 39.10273, 646.91943), (368.2194, 39.710987, 649.80817)]
                    texCoord2f[] primvars:st = [(0, 0), (1, 0), (0, 0.1645064), (1, 0.1645064), (0, 0.32987887), (1, 0.32987887), (0, 0.49668553), (1, 0.49668553), (0, 0.66483945), (1, 0.66483945), (0, 0.8329655), (1, 0.8329655), (0, 1), (1, 1)] (
                        interpolation = "vertex"
                    )
                    uniform token subdivisionScheme = "none"
                }

                def Mesh "Street_192" (
                    prepend apiSchemas = ["MaterialBindingAPI"]
                )
                {
                    float3[] extent = [(-746.1535, 24.340601, -243.36487), (-656.1358, 42.484573, -237.09328)]
                    int[] faceVertexCounts = [4, 4, 4, 4, 4, 4]
                    int[] faceVertexIndices = [0, 2, 3, 1, 2, 4, 5, 3, 4, 6, 7, 5, 6, 8, 9, 7, 8, 10, 11, 9, 10, 12, 13, 11]
                    rel material:binding = </Island/Town/Roads/Ribbon/RoadMaterial>
                    point3f[] points = [(-656.1358, 41.913643, -243.09326), (-656.15393, 42.484573, -237.09328), (-671.13574, 37.8988, -243.13852), (-671.1539, 38.847137, -237.13855), (-686.1357, 34.94766, -243.18379), (-686.15375, 36.370434, -237.18382), (-701.1356, 32.62152, -243.22906), (-701.1537, 33.52667, -237.2291), (-716.13556, 29.848682, -243.27434), (-716.1536, 30.594296, -237.27435), (-731.13544, 27.123491, -243.3196), (-731.15356, 27.832504, -237.31963), (-746.1354, 24.340601, -243.36487), (-746.1535, 24.79638, -237.3649)]
                    texCoord2f[] primvars:st = [(0, 0), (1, 0), (0, 0.16880384), (1, 0.16880384), (0, 0.33487687), (1, 0.33487687), (0, 0.50078356), (1, 0.50078356), (0, 0.66724867), (1, 0.66724867), (0, 0.83347374), (1, 0.83347374), (0, 1), (1, 1)] (
                        interpolation = "vertex"
                    )
                    uniform token subdivisionScheme = "none"
                }

                def Mesh "Street_193" (
                    prepend apiSchemas = ["MaterialBindingAPI"]
                )
                {
                    float3[] extent = [(-658.9742, 39.180286, -325.9706), (-623.3923, 43.68584, -239.09583)]
                    int[] faceVertexCounts = [4, 4, 4, 4, 4, 4]
                    int[] faceVertexIndices = [0, 2, 3, 1, 2, 4, 5, 3, 4, 6, 7, 5, 6, 8, 9, 7, 8, 10, 11, 9, 10, 12, 13, 11]
                    rel material:binding = </Island/Town/Roads/Ribbon/RoadMaterial>
                    point3f[] points = [(-653.31555, 43.07234, -239.09583), (-658.9742, 41.312866, -241.09071), (-648.3283, 43.334583, -253.24248), (-653.987, 41.635883, -255.23737), (-643.3411, 43.68584, -267.38913), (-648.99976, 42.265213, -269.384), (-638.3539, 42.649563, -281.53577), (-644.0126, 41.677498, -283.53067), (-633.3667, 41.044064, -295.68243), (-639.0253, 41.044064, -297.6773), (-628.37946, 40.679993, -309.82907), (-634.03815, 39.180286, -311.82397), (-623.3923, 40.192543, -323.97574), (-629.0509, 39.2102, -325.9706)]
                    texCoord2f[] primvars:st = [(0, 0), (1, 0), (0, 0.16647463), (1, 0.16647463), (0, 0.33301458), (1, 0.33301458), (0, 0.4996993), (1, 0.4996993), (0, 0.6666216), (1, 0.6666216), (0, 0.8335437), (1, 0.8335437), (0, 1), (1, 1)] (
                        interpolation = "vertex"
                    )
                    uniform token subdivisionScheme = "none"
                }

                def Mesh "Street_194" (
                    prepend apiSchemas = ["MaterialBindingAPI"]
                )
                {
                    float3[] extent = [(-646.2199, 10.954361, 531.8896), (-591.7267, 16.752289, 610.3654)]
                    int[] faceVertexCounts = [4, 4, 4, 4, 4, 4]
                    int[] faceVertexIndices = [0, 2, 3, 1, 2, 4, 5, 3, 4, 6, 7, 5, 6, 8, 9, 7, 8, 10, 11, 9, 10, 12, 13, 11]
                    rel material:binding = </Island/Town/Roads/Ribbon/RoadMaterial>
                    point3f[] points = [(-646.2199, 16.04807, 535.18835), (-641.2081, 16.741386, 531.8896), (-637.973, 16.261042, 547.71783), (-632.96124, 16.261042, 544.41907), (-629.72614, 15.5349655, 560.2474), (-624.7143, 16.752289, 556.9486), (-621.4792, 14.995696, 572.77686), (-616.4674, 16.081518, 569.4781), (-613.2323, 13.699447, 585.3064), (-608.2205, 14.645721, 582.0076), (-604.9854, 10.954361, 597.8359), (-599.97363, 11.201278, 594.5371), (-596.7385, 11.110146, 610.3654), (-591.7267, 11.110146, 607.06665)]
                    texCoord2f[] primvars:st = [(0, 0), (1, 0), (0, 0.1659617), (1, 0.1659617), (0, 0.33192247), (1, 0.33192247), (0, 0.498007), (1, 0.498007), (0, 0.6646283), (1, 0.6646283), (0, 0.83404565), (1, 0.83404565), (0, 1), (1, 1)] (
                        interpolation = "vertex"
                    )
                    uniform token subdivisionScheme = "none"
                }

                def Mesh "Street_195" (
                    prepend apiSchemas = ["MaterialBindingAPI"]
                )
                {
                    float3[] extent = [(-733.3979, 4.5744805, 530.5618), (-643.34436, 17.250055, 547.6054)]
                    int[] faceVertexCounts = [4, 4, 4, 4, 4, 4]
                    int[] faceVertexIndices = [0, 2, 3, 1, 2, 4, 5, 3, 4, 6, 7, 5, 6, 8, 9, 7, 8, 10, 11, 9, 10, 12, 13, 11]
                    rel material:binding = </Island/Town/Roads/Ribbon/RoadMaterial>
                    point3f[] points = [(-644.0837, 17.250055, 530.5618), (-643.34436, 15.095062, 536.5161), (-658.96936, 14.754862, 532.41003), (-658.2301, 14.191634, 538.3643), (-673.8551, 12.282109, 534.25824), (-673.1158, 11.684127, 540.2125), (-688.7408, 10.213121, 536.10645), (-688.00146, 9.5921545, 542.0607), (-703.62646, 8.302408, 537.95465), (-702.8872, 7.7863717, 543.90894), (-718.5122, 6.5199504, 539.8029), (-717.7729, 6.101673, 545.75714), (-733.3979, 4.9184356, 541.6511), (-732.65857, 4.5744805, 547.6054)]
                    texCoord2f[] primvars:st = [(0, 0), (1, 0), (0, 0.16660264), (1, 0.16660264), (0, 0.3341454), (1, 0.3341454), (0, 0.50097), (1, 0.50097), (0, 0.66748536), (1, 0.66748536), (0, 0.8338482), (1, 0.8338482), (0, 1), (1, 1)] (
                        interpolation = "vertex"
                    )
                    uniform token subdivisionScheme = "none"
                }

                def Mesh "Street_196" (
                    prepend apiSchemas = ["MaterialBindingAPI"]
                )
                {
                    float3[] extent = [(-421.64044, 27.334518, -700.3641), (-345.7255, 32.202377, -642.0053)]
                    int[] faceVertexCounts = [4, 4, 4, 4, 4, 4]
                    int[] faceVertexIndices = [0, 2, 3, 1, 2, 4, 5, 3, 4, 6, 7, 5, 6, 8, 9, 7, 8, 10, 11, 9, 10, 12, 13, 11]
                    rel material:binding = </Island/Town/Roads/Ribbon/RoadMaterial>
                    point3f[] points = [(-349.29456, 28.672483, -700.3641), (-345.7255, 30.200645, -695.541), (-361.3522, 27.334518, -691.44147), (-357.78314, 28.751541, -686.6184), (-373.40985, 30.09252, -682.51886), (-369.8408, 31.610554, -677.6958), (-385.4675, 30.107317, -673.59625), (-381.89844, 31.667675, -668.7732), (-397.52515, 29.902905, -664.67365), (-393.95612, 31.493484, -659.8506), (-409.5828, 30.555872, -655.75104), (-406.01376, 32.202377, -650.928), (-421.64044, 31.362583, -646.8284), (-418.0714, 31.362583, -642.0053)]
                    texCoord2f[] primvars:st = [(0, 0), (1, 0), (0, 0.16687304), (1, 0.16687304), (0, 0.33590353), (1, 0.33590353), (0, 0.50188506), (1, 0.50188506), (0, 0.6678787), (1, 0.6678787), (0, 0.8340197), (1, 0.8340197), (0, 1), (1, 1)] (
                        interpolation = "vertex"
                    )
                    uniform token subdivisionScheme = "none"
                }

                def Mesh "Street_197" (
                    prepend apiSchemas = ["MaterialBindingAPI"]
                )
                {
                    float3[] extent = [(-350.4627, 28.456554, -698.4832), (-328.63712, 55.21776, -608.8411)]
                    int[] faceVertexCounts = [4, 4, 4, 4, 4, 4]
                    int[] faceVertexIndices = [0, 2, 3, 1, 2, 4, 5, 3, 4, 6, 7, 5, 6, 8, 9, 7, 8, 10, 11, 9, 10, 12, 13, 11]
                    rel material:binding = </Island/Town/Roads/Ribbon/RoadMaterial>
                    point3f[] points = [(-350.4627, 28.456554, -697.4219), (-344.55734, 30.164124, -698.4832), (-347.80936, 29.516577, -682.65845), (-341.90396, 32.23788, -683.7198), (-345.15598, 34.678204, -667.89496), (-339.25058, 33.857414, -668.9563), (-342.5026, 40.48739, -653.13153), (-336.59723, 39.181496, -654.1929), (-339.84924, 45.301434, -638.36804), (-333.94385, 45.18788, -639.4294), (-337.19586, 49.94074, -623.6046), (-331.2905, 50.20141, -624.66595), (-334.5425, 54.71152, -608.8411), (-328.63712, 55.21776, -609.9025)]
                    texCoord2f[] primvars:st = [(0, 0), (1, 0), (0, 0.16008271), (1, 0.16008271), (0, 0.3230953), (1, 0.3230953), (0, 0.495213), (1, 0.495213), (0, 0.6647394), (1, 0.6647394), (0, 0.83204913), (1, 0.83204913), (0, 1), (1, 1)] (
                        interpolation = "vertex"
                    )
                    uniform token subdivisionScheme = "none"
                }

                def Mesh "Street_198" (
                    prepend apiSchemas = ["MaterialBindingAPI"]
                )
                {
                    float3[] extent = [(-237.84973, 5.2727027, -873.28217), (-175.05759, 16.75481, -800.76544)]
                    int[] faceVertexCounts = [4, 4, 4, 4, 4, 4]
                    int[] faceVertexIndices = [0, 2, 3, 1, 2, 4, 5, 3, 4, 6, 7, 5, 6, 8, 9, 7, 8, 10, 11, 9, 10, 12, 13, 11]
                    rel material:binding = </Island/Town/Roads/Ribbon/RoadMaterial>
                    point3f[] points = [(-233.27402, 16.75481, -800.76544), (-237.84973, 15.695785, -804.64655), (-223.57129, 15.147726, -812.2047), (-228.14699, 14.058184, -816.0858), (-213.86855, 13.662783, -823.644), (-218.44424, 12.912087, -827.5251), (-204.1658, 8.498691, -835.08325), (-208.74152, 9.647404, -838.96436), (-194.46307, 8.13097, -846.5225), (-199.03877, 8.13097, -850.4036), (-184.76033, 7.04909, -857.9618), (-189.33604, 7.04909, -861.8429), (-175.05759, 6.697921, -869.40106), (-179.6333, 5.2727027, -873.28217)]
                    texCoord2f[] primvars:st = [(0, 0), (1, 0), (0, 0.16613512), (1, 0.16613512), (0, 0.331873), (1, 0.331873), (0, 0.50321305), (1, 0.50321305), (0, 0.66880876), (1, 0.66880876), (0, 0.83440435), (1, 0.83440435), (0, 1), (1, 1)] (
                        interpolation = "vertex"
                    )
                    uniform token subdivisionScheme = "none"
                }

                def Mesh "Street_199" (
                    prepend apiSchemas = ["MaterialBindingAPI"]
                )
                {
                    float3[] extent = [(-422.81265, 44.32506, -644.9247), (-402.21796, 57.33565, -558.42523)]
                    int[] faceVertexCounts = [4, 4, 4, 4, 4, 4]
                    int[] faceVertexIndices = [0, 2, 3, 1, 2, 4, 5, 3, 4, 6, 7, 5, 6, 8, 9, 7, 8, 10, 11, 9, 10, 12, 13, 11]
                    rel material:binding = </Island/Town/Roads/Ribbon/RoadMaterial>
                    point3f[] points = [(-402.21796, 57.33565, -559.4408), (-408.13138, 56.088394, -558.42523), (-404.66483, 53.634712, -573.6881), (-410.57825, 52.578434, -572.67255), (-407.1117, 49.404125, -587.9354), (-413.02512, 48.626102, -586.91986), (-409.5586, 44.34268, -602.18274), (-415.47202, 44.32506, -601.1671), (-412.00546, 44.411213, -616.43005), (-417.91888, 44.411213, -615.4144), (-414.45233, 44.411213, -630.67737), (-420.36575, 44.411213, -629.66174), (-416.8992, 44.411213, -644.9247), (-422.81265, 44.411213, -643.90906)]
                    texCoord2f[] primvars:st = [(0, 0), (1, 0), (0, 0.16839823), (1, 0.16839823), (0, 0.33815363), (1, 0.33815363), (0, 0.5097843), (1, 0.5097843), (0, 0.6731895), (1, 0.6731895), (0, 0.83659476), (1, 0.83659476), (0, 1), (1, 1)] (
                        interpolation = "vertex"
                    )
                    uniform token subdivisionScheme = "none"
                }

                def Mesh "Street_200" (
                    prepend apiSchemas = ["MaterialBindingAPI"]
                )
                {
                    float3[] extent = [(-221.79904, 35.067158, -709.64026), (-171.10316, 44.153435, -691.9725)]
                    int[] faceVertexCounts = [4, 4, 4, 4]
                    int[] faceVertexIndices = [0, 2, 3, 1, 2, 4, 5, 3, 4, 6, 7, 5, 6, 8, 9, 7]
                    rel material:binding = </Island/Town/Roads/Ribbon/RoadMaterial>
                    point3f[] points = [(-171.10316, 35.067158, -697.8067), (-172.50371, 37.781937, -691.9725), (-183.427, 40.036144, -700.7651), (-184.82755, 42.719677, -694.93085), (-195.75084, 42.462677, -703.7235), (-197.15137, 44.153435, -697.8892), (-208.07466, 41.653072, -706.6819), (-209.4752, 43.175335, -700.84766), (-220.3985, 39.714825, -709.64026), (-221.79904, 41.30096, -703.806)]
                    texCoord2f[] primvars:st = [(0, 0), (1, 0), (0, 0.26184574), (1, 0.26184574), (0, 0.50868595), (1, 0.50868595), (0, 0.7532607), (1, 0.7532607), (0, 1), (1, 1)] (
                        interpolation = "vertex"
                    )
                    uniform token subdivisionScheme = "none"
                }

                def Mesh "Street_201" (
                    prepend apiSchemas = ["MaterialBindingAPI"]
                )
                {
                    float3[] extent = [(-223.42023, 30.88546, -743.4019), (-190.30965, 41.227608, -704.82294)]
                    int[] faceVertexCounts = [4, 4, 4]
                    int[] faceVertexIndices = [0, 2, 3, 1, 2, 4, 5, 3, 4, 6, 7, 5]
                    rel material:binding = </Island/Town/Roads/Ribbon/RoadMaterial>
                    point3f[] points = [(-194.95258, 31.057611, -743.4019), (-190.30965, 30.88546, -739.6015), (-204.44179, 34.46845, -731.8091), (-199.79886, 35.676613, -728.00867), (-213.93102, 37.15536, -720.21625), (-209.28809, 38.659595, -716.4158), (-223.42023, 39.820545, -708.62335), (-218.7773, 41.227608, -704.82294)]
                    texCoord2f[] primvars:st = [(0, 0), (1, 0), (0, 0.33790022), (1, 0.33790022), (0, 0.6693547), (1, 0.6693547), (0, 1), (1, 1)] (
                        interpolation = "vertex"
                    )
                    uniform token subdivisionScheme = "none"
                }

                def Mesh "Street_202" (
                    prepend apiSchemas = ["MaterialBindingAPI"]
                )
                {
                    float3[] extent = [(-193.4673, 24.394094, -744.3828), (-105.36169, 46.06128, -713.5348)]
                    int[] faceVertexCounts = [4, 4, 4, 4, 4, 4]
                    int[] faceVertexIndices = [0, 2, 3, 1, 2, 4, 5, 3, 4, 6, 7, 5, 6, 8, 9, 7, 8, 10, 11, 9, 10, 12, 13, 11]
                    rel material:binding = </Island/Town/Roads/Ribbon/RoadMaterial>
                    point3f[] points = [(-193.4673, 32.153934, -738.6206), (-191.7949, 29.663809, -744.3828), (-179.06177, 26.860085, -734.43964), (-177.38937, 24.394094, -740.20184), (-164.65622, 29.826454, -730.25867), (-162.98384, 29.826454, -736.0209), (-150.25069, 33.72978, -726.0777), (-148.5783, 34.15659, -731.8399), (-135.84515, 39.818985, -721.8967), (-134.17276, 38.63259, -727.65894), (-121.43961, 42.52097, -717.71576), (-119.76723, 41.389046, -723.47797), (-107.03407, 46.06128, -713.5348), (-105.36169, 44.651527, -719.297)]
                    texCoord2f[] primvars:st = [(0, 0), (1, 0), (0, 0.1700733), (1, 0.1700733), (0, 0.33650222), (1, 0.33650222), (0, 0.5029313), (1, 0.5029313), (0, 0.67263126), (1, 0.67263126), (0, 0.8355842), (1, 0.8355842), (0, 1), (1, 1)] (
                        interpolation = "vertex"
                    )
                    uniform token subdivisionScheme = "none"
                }

                def Mesh "Street_203" (
                    prepend apiSchemas = ["MaterialBindingAPI"]
                )
                {
                    float3[] extent = [(56.087822, 48.73404, -701.8263), (124.91171, 53.321087, -674.5681)]
                    int[] faceVertexCounts = [4, 4, 4, 4, 4]
                    int[] faceVertexIndices = [0, 2, 3, 1, 2, 4, 5, 3, 4, 6, 7, 5, 6, 8, 9, 7, 8, 10, 11, 9]
                    rel material:binding = </Island/Town/Roads/Ribbon/RoadMaterial>
                    point3f[] points = [(124.91171, 49.647484, -680.2799), (123.0745, 49.647484, -674.5681), (111.51438, 48.73404, -684.5892), (109.67717, 50.561565, -678.8774), (98.11704, 51.19546, -688.89844), (96.27983, 53.090755, -683.18665), (84.7197, 50.37126, -693.2077), (82.88249, 52.31831, -687.4959), (71.32237, 50.591137, -697.517), (69.48516, 52.669888, -691.80524), (57.925034, 51.244366, -701.8263), (56.087822, 53.321087, -696.1145)]
                    texCoord2f[] primvars:st = [(0, 0), (1, 0), (0, 0.19926035), (1, 0.19926035), (0, 0.40163907), (1, 0.40163907), (0, 0.6012259), (1, 0.6012259), (0, 0.8005271), (1, 0.8005271), (0, 1), (1, 1)] (
                        interpolation = "vertex"
                    )
                    uniform token subdivisionScheme = "none"
                }

                def Mesh "Street_204" (
                    prepend apiSchemas = ["MaterialBindingAPI"]
                )
                {
                    float3[] extent = [(80.85388, 69.60481, -615.2949), (117.227554, 74.49494, -602.0667)]
                    int[] faceVertexCounts = [4, 4, 4]
                    int[] faceVertexIndices = [0, 2, 3, 1, 2, 4, 5, 3, 4, 6, 7, 5]
                    rel material:binding = </Island/Town/Roads/Ribbon/RoadMaterial>
                    point3f[] points = [(80.85388, 74.49494, -609.4222), (82.083, 73.17305, -615.2949), (92.56873, 72.495674, -606.97034), (93.79785, 72.495674, -612.8431), (104.283585, 72.6397, -604.51855), (105.5127, 69.60481, -610.3913), (115.998436, 73.37839, -602.0667), (117.227554, 71.11895, -607.93945)]
                    texCoord2f[] primvars:st = [(0, 0), (1, 0), (0, 0.333594), (1, 0.333594), (0, 0.66718817), (1, 0.66718817), (0, 1), (1, 1)] (
                        interpolation = "vertex"
                    )
                    uniform token subdivisionScheme = "none"
                }

                def Mesh "Street_205" (
                    prepend apiSchemas = ["MaterialBindingAPI"]
                )
                {
                    float3[] extent = [(113.628456, 58.62007, -677.72815), (126.97765, 72.84784, -604.6989)]
                    int[] faceVertexCounts = [4, 4, 4, 4, 4]
                    int[] faceVertexIndices = [0, 2, 3, 1, 2, 4, 5, 3, 4, 6, 7, 5, 6, 8, 9, 7, 8, 10, 11, 9]
                    rel material:binding = </Island/Town/Roads/Ribbon/RoadMaterial>
                    point3f[] points = [(121.00857, 59.583385, -677.72815), (126.97765, 59.583385, -677.1199), (119.53255, 59.583385, -663.24396), (125.50163, 59.583385, -662.6357), (118.05652, 59.583385, -648.75977), (124.025604, 59.583385, -648.1515), (116.5805, 58.62007, -634.2756), (122.54958, 60.59856, -633.6673), (115.10448, 65.99042, -619.7914), (121.07356, 66.830315, -619.1831), (113.628456, 72.84784, -605.30725), (119.59754, 72.42849, -604.6989)]
                    texCoord2f[] primvars:st = [(0, 0), (1, 0), (0, 0.192989), (1, 0.192989), (0, 0.385978), (1, 0.385978), (0, 0.57896703), (1, 0.57896703), (0, 0.7929708), (1, 0.7929708), (0, 1), (1, 1)] (
                        interpolation = "vertex"
                    )
                    uniform token subdivisionScheme = "none"
                }

                def Mesh "Street_206" (
                    prepend apiSchemas = ["MaterialBindingAPI"]
                )
                {
                    float3[] extent = [(-595.50867, 27.135542, 491.178), (-525.7607, 31.983582, 557.12494)]
                    int[] faceVertexCounts = [4, 4, 4, 4, 4, 4]
                    int[] faceVertexIndices = [0, 2, 3, 1, 2, 4, 5, 3, 4, 6, 7, 5, 6, 8, 9, 7, 8, 10, 11, 9, 10, 12, 13, 11]
                    rel material:binding = </Island/Town/Roads/Ribbon/RoadMaterial>
                    point3f[] points = [(-525.7607, 29.143265, 552.7487), (-529.86536, 29.143265, 557.12494), (-536.70123, 30.617142, 542.48694), (-540.8059, 27.847075, 546.86316), (-547.6418, 28.530468, 532.22516), (-551.74646, 27.135542, 536.6014), (-558.58234, 31.704111, 521.9634), (-562.687, 30.397303, 526.3396), (-569.5229, 31.983582, 511.70157), (-573.62756, 30.605913, 516.0778), (-580.46344, 29.087185, 501.4398), (-584.5681, 27.480495, 505.816), (-591.404, 28.248625, 491.178), (-595.50867, 28.248625, 495.55423)]
                    texCoord2f[] primvars:st = [(0, 0), (1, 0), (0, 0.16525227), (1, 0.16525227), (0, 0.33134034), (1, 0.33134034), (0, 0.5008726), (1, 0.5008726), (0, 0.6661421), (1, 0.6661421), (0, 0.83474725), (1, 0.83474725), (0, 1), (1, 1)] (
                        interpolation = "vertex"
                    )
                    uniform token subdivisionScheme = "none"
                }

                def Mesh "Street_207" (
                    prepend apiSchemas = ["MaterialBindingAPI"]
                )
                {
                    float3[] extent = [(-529.6478, 26.075855, 497.519), (-454.7734, 49.275085, 557.31036)]
                    int[] faceVertexCounts = [4, 4, 4, 4, 4, 4]
                    int[] faceVertexIndices = [0, 2, 3, 1, 2, 4, 5, 3, 4, 6, 7, 5, 6, 8, 9, 7, 8, 10, 11, 9, 10, 12, 13, 11]
                    rel material:binding = </Island/Town/Roads/Ribbon/RoadMaterial>
                    point3f[] points = [(-525.9782, 26.075855, 557.31036), (-529.6478, 26.075855, 552.56335), (-514.1107, 28.506912, 548.1363), (-517.78033, 28.506912, 543.3893), (-502.2433, 32.53085, 538.9622), (-505.9129, 32.53085, 534.2152), (-490.37582, 36.54157, 529.78815), (-494.04544, 36.54157, 525.0412), (-478.50836, 40.53827, 520.61414), (-482.17798, 40.53827, 515.8671), (-466.64087, 45.017155, 511.44006), (-470.31052, 45.017155, 506.69305), (-454.7734, 49.275085, 502.266), (-458.44305, 49.275085, 497.519)]
                    texCoord2f[] primvars:st = [(0, 0), (1, 0), (0, 0.16335334), (1, 0.16335334), (0, 0.33030465), (1, 0.33030465), (0, 0.4972192), (1, 0.4972192), (0, 0.6640949), (1, 0.6640949), (0, 0.8323795), (1, 0.8323795), (0, 1), (1, 1)] (
                        interpolation = "vertex"
                    )
                    uniform token subdivisionScheme = "none"
                }

                def Mesh "Street_208" (
                    prepend apiSchemas = ["MaterialBindingAPI"]
                )
                {
                    float3[] extent = [(-448.7658, 62.406578, 399.5676), (-395.15552, 82.33886, 470.0332)]
                    int[] faceVertexCounts = [4, 4, 4, 4, 4]
                    int[] faceVertexIndices = [0, 2, 3, 1, 2, 4, 5, 3, 4, 6, 7, 5, 6, 8, 9, 7, 8, 10, 11, 9]
                    rel material:binding = </Island/Town/Roads/Ribbon/RoadMaterial>
                    point3f[] points = [(-443.91623, 62.9433, 470.0332), (-448.7658, 62.406578, 466.50024), (-434.1641, 67.71536, 456.64667), (-439.01367, 66.8439, 453.1137), (-424.41196, 71.64113, 443.26013), (-429.26154, 70.05876, 439.72717), (-414.65982, 74.92967, 429.8736), (-419.50937, 72.95742, 426.34064), (-404.90765, 78.174644, 416.48706), (-409.75723, 77.01628, 412.9541), (-395.15552, 82.33886, 403.10052), (-400.0051, 82.21317, 399.5676)]
                    texCoord2f[] primvars:st = [(0, 0), (1, 0), (0, 0.2021388), (1, 0.2021388), (0, 0.4014692), (1, 0.4014692), (0, 0.5991933), (1, 0.5991933), (0, 0.7978012), (1, 0.7978012), (0, 1), (1, 1)] (
                        interpolation = "vertex"
                    )
                    uniform token subdivisionScheme = "none"
                }

                def Mesh "Street_209" (
                    prepend apiSchemas = ["MaterialBindingAPI"]
                )
                {
                    float3[] extent = [(424.9133, 9.436356, -749.784), (433.69052, 14.232802, -693.83704)]
                    int[] faceVertexCounts = [4, 4, 4, 4]
                    int[] faceVertexIndices = [0, 2, 3, 1, 2, 4, 5, 3, 4, 6, 7, 5, 6, 8, 9, 7]
                    rel material:binding = </Island/Town/Roads/Ribbon/RoadMaterial>
                    point3f[] points = [(433.69052, 13.673257, -694.1369), (427.698, 13.673257, -693.83704), (432.99432, 13.673257, -708.0487), (427.00183, 13.673257, -707.7488), (432.29816, 12.820179, -721.96045), (426.30566, 14.232802, -721.6606), (431.602, 11.688927, -735.8722), (425.6095, 12.1232395, -735.5723), (430.90582, 9.436356, -749.784), (424.9133, 9.873505, -749.4841)]
                    texCoord2f[] primvars:st = [(0, 0), (1, 0), (0, 0.24868119), (1, 0.24868119), (0, 0.49736238), (1, 0.49736238), (0, 0.74798924), (1, 0.74798924), (0, 1), (1, 1)] (
                        interpolation = "vertex"
                    )
                    uniform token subdivisionScheme = "none"
                }

                def Mesh "Street_210" (
                    prepend apiSchemas = ["MaterialBindingAPI"]
                )
                {
                    float3[] extent = [(397.15277, 9.373613, -752.456), (428.92764, 14.261975, -736.0832)]
                    int[] faceVertexCounts = [4, 4]
                    int[] faceVertexIndices = [0, 2, 3, 1, 2, 4, 5, 3]
                    rel material:binding = </Island/Town/Roads/Ribbon/RoadMaterial>
                    point3f[] points = [(399.18896, 14.261975, -736.0832), (397.15277, 13.707974, -741.7271), (414.05832, 11.885895, -741.44763), (412.02213, 11.487998, -747.09155), (428.92764, 10.022783, -746.8121), (426.89148, 9.373613, -752.456)]
                    texCoord2f[] primvars:st = [(0, 0), (1, 0), (0, 0.50057685), (1, 0.50057685), (0, 1), (1, 1)] (
                        interpolation = "vertex"
                    )
                    uniform token subdivisionScheme = "none"
                }

                def Mesh "Street_211" (
                    prepend apiSchemas = ["MaterialBindingAPI"]
                )
                {
                    float3[] extent = [(-829.0862, 11.396002, -243.08762), (-744.8848, 25.09892, -199.85284)]
                    int[] faceVertexCounts = [4, 4, 4, 4, 4, 4]
                    int[] faceVertexIndices = [0, 2, 3, 1, 2, 4, 5, 3, 4, 6, 7, 5, 6, 8, 9, 7, 8, 10, 11, 9, 10, 12, 13, 11]
                    rel material:binding = </Island/Town/Roads/Ribbon/RoadMaterial>
                    point3f[] points = [(-747.4041, 24.103167, -243.08762), (-744.8848, 25.09892, -237.64215), (-761.01776, 20.156252, -236.7894), (-758.4985, 18.585026, -231.34393), (-774.6315, 18.565975, -230.49118), (-772.1122, 18.565975, -225.04572), (-788.2452, 16.691555, -224.19296), (-785.7259, 18.256145, -218.7475), (-801.8588, 15.756477, -217.89474), (-799.33954, 16.559423, -212.44928), (-815.47253, 13.601715, -211.59653), (-812.95325, 14.207652, -206.15106), (-829.0862, 11.396002, -205.29831), (-826.5669, 11.874483, -199.85284)]
                    texCoord2f[] primvars:st = [(0, 0), (1, 0), (0, 0.17352654), (1, 0.17352654), (0, 0.33809355), (1, 0.33809355), (0, 0.5026605), (1, 0.5026605), (0, 0.6677367), (1, 0.6677367), (0, 0.83386296), (1, 0.83386296), (0, 1), (1, 1)] (
                        interpolation = "vertex"
                    )
                    uniform token subdivisionScheme = "none"
                }

                def Mesh "Street_212" (
                    prepend apiSchemas = ["MaterialBindingAPI"]
                )
                {
                    float3[] extent = [(-628.36426, 39.097557, -391.35406), (-561.0874, 43.77195, -322.87344)]
                    int[] faceVertexCounts = [4, 4, 4, 4, 4, 4]
                    int[] faceVertexIndices = [0, 2, 3, 1, 2, 4, 5, 3, 4, 6, 7, 5, 6, 8, 9, 7, 8, 10, 11, 9, 10, 12, 13, 11]
                    rel material:binding = </Island/Town/Roads/Ribbon/RoadMaterial>
                    point3f[] points = [(-624.07886, 40.31348, -322.87344), (-628.36426, 39.097557, -327.07288), (-613.58026, 40.201004, -333.58698), (-617.8657, 40.201004, -337.7864), (-603.0817, 41.179966, -344.3005), (-607.3671, 40.207115, -348.49994), (-592.5831, 42.559814, -355.01404), (-596.8685, 41.472443, -359.21347), (-582.08453, 43.642643, -365.72757), (-586.36993, 42.30684, -369.927), (-571.58594, 43.77195, -376.4411), (-575.8714, 42.218384, -380.64053), (-561.0874, 43.033546, -387.15463), (-565.3728, 43.033546, -391.35406)]
                    texCoord2f[] primvars:st = [(0, 0), (1, 0), (0, 0.16655803), (1, 0.16655803), (0, 0.33311653), (1, 0.33311653), (0, 0.50024545), (1, 0.50024545), (0, 0.6670549), (1, 0.6670549), (0, 0.83352834), (1, 0.83352834), (0, 1), (1, 1)] (
                        interpolation = "vertex"
                    )
                    uniform token subdivisionScheme = "none"
                }

                def Mesh "Street_213" (
                    prepend apiSchemas = ["MaterialBindingAPI"]
                )
                {
                    float3[] extent = [(-596.473, 10.615435, 606.7208), (-532.1377, 14.624482, 677.92303)]
                    int[] faceVertexCounts = [4, 4, 4, 4, 4, 4]
                    int[] faceVertexIndices = [0, 2, 3, 1, 2, 4, 5, 3, 4, 6, 7, 5, 6, 8, 9, 7, 8, 10, 11, 9, 10, 12, 13, 11]
                    rel material:binding = </Island/Town/Roads/Ribbon/RoadMaterial>
                    point3f[] points = [(-596.473, 14.038606, 610.7112), (-591.9922, 14.038606, 606.7208), (-586.49725, 13.455165, 621.91315), (-582.0165, 14.624482, 617.92285), (-576.5215, 13.075273, 633.1151), (-572.0407, 14.233022, 629.1248), (-566.5457, 12.666216, 644.3171), (-562.06494, 13.80243, 640.3268), (-556.56995, 12.3344555, 655.51904), (-552.0892, 13.449513, 651.52875), (-546.59424, 11.809952, 666.72107), (-542.1134, 12.906407, 662.7307), (-536.61847, 10.615435, 677.92303), (-532.1377, 11.592876, 673.93274)]
                    texCoord2f[] primvars:st = [(0, 0), (1, 0), (0, 0.16652505), (1, 0.16652505), (0, 0.33310583), (1, 0.33310583), (0, 0.49969614), (1, 0.49969614), (0, 0.66626537), (1, 0.66626537), (0, 0.8328962), (1, 0.8328962), (0, 1), (1, 1)] (
                        interpolation = "vertex"
                    )
                    uniform token subdivisionScheme = "none"
                }

                def Mesh "Street_214" (
                    prepend apiSchemas = ["MaterialBindingAPI"]
                )
                {
                    float3[] extent = [(-672.8754, 2.0175817, 606.1462), (-592.6847, 9.986627, 657.72253)]
                    int[] faceVertexCounts = [4, 4, 4, 4, 4, 4]
                    int[] faceVertexIndices = [0, 2, 3, 1, 2, 4, 5, 3, 4, 6, 7, 5, 6, 8, 9, 7, 8, 10, 11, 9, 10, 12, 13, 11]
                    rel material:binding = </Island/Town/Roads/Ribbon/RoadMaterial>
                    point3f[] points = [(-595.7805, 9.986627, 606.1462), (-592.6847, 9.986627, 611.2858), (-608.62964, 6.038041, 613.8856), (-605.5339, 6.038041, 619.02527), (-621.4788, 3.688485, 621.62506), (-618.38306, 3.688485, 626.7647), (-634.32794, 3.688485, 629.3645), (-631.2322, 3.688485, 634.5042), (-647.1771, 4.411334, 637.10394), (-644.08136, 2.9244254, 642.24365), (-660.0263, 3.444296, 644.84344), (-656.93054, 2.629481, 649.9831), (-672.8754, 2.252543, 652.5829), (-669.77966, 2.0175817, 657.72253)]
                    texCoord2f[] primvars:st = [(0, 0), (1, 0), (0, 0.17095268), (1, 0.17095268), (0, 0.33828858), (1, 0.33828858), (0, 0.50360924), (1, 0.50360924), (0, 0.6689303), (1, 0.6689303), (0, 0.8343684), (1, 0.8343684), (0, 1), (1, 1)] (
                        interpolation = "vertex"
                    )
                    uniform token subdivisionScheme = "none"
                }

                def Mesh "Street_215" (
                    prepend apiSchemas = ["MaterialBindingAPI"]
                )
                {
                    float3[] extent = [(-500.6132, 26.306791, -647.0616), (-418.43976, 32.736813, -599.2869)]
                    int[] faceVertexCounts = [4, 4, 4, 4, 4, 4]
                    int[] faceVertexIndices = [0, 2, 3, 1, 2, 4, 5, 3, 4, 6, 7, 5, 6, 8, 9, 7, 8, 10, 11, 9, 10, 12, 13, 11]
                    rel material:binding = </Island/Town/Roads/Ribbon/RoadMaterial>
                    point3f[] points = [(-421.2721, 31.408155, -647.0616), (-418.43976, 31.408155, -641.77216), (-434.4956, 30.531786, -639.9807), (-431.66327, 32.343536, -634.6913), (-447.71912, 31.136208, -632.89984), (-444.88678, 32.736813, -627.6104), (-460.94263, 30.763428, -625.819), (-458.1103, 32.173588, -620.52954), (-474.16614, 29.900331, -618.7381), (-471.3338, 31.087427, -613.44867), (-487.38968, 27.969652, -611.6572), (-484.5573, 28.891485, -606.3678), (-500.6132, 26.306791, -604.57635), (-497.78082, 27.90027, -599.2869)]
                    texCoord2f[] primvars:st = [(0, 0), (1, 0), (0, 0.16621044), (1, 0.16621044), (0, 0.33252218), (1, 0.33252218), (0, 0.49881297), (1, 0.49881297), (0, 0.66537195), (1, 0.66537195), (0, 0.8331627), (1, 0.8331627), (0, 1), (1, 1)] (
                        interpolation = "vertex"
                    )
                    uniform token subdivisionScheme = "none"
                }

                def Mesh "Street_216" (
                    prepend apiSchemas = ["MaterialBindingAPI"]
                )
                {
                    float3[] extent = [(-422.2137, 42.77613, -646.27185), (-361.84927, 60.46166, -571.8286)]
                    int[] faceVertexCounts = [4, 4, 4, 4, 4, 4]
                    int[] faceVertexIndices = [0, 2, 3, 1, 2, 4, 5, 3, 4, 6, 7, 5, 6, 8, 9, 7, 8, 10, 11, 9, 10, 12, 13, 11]
                    rel material:binding = </Island/Town/Roads/Ribbon/RoadMaterial>
                    point3f[] points = [(-422.2137, 44.010075, -642.5619), (-417.49814, 44.010075, -646.27185), (-412.9389, 44.010075, -630.773), (-408.22333, 44.010075, -634.483), (-403.66406, 44.010075, -618.98413), (-398.94852, 44.010075, -622.6941), (-394.38925, 42.77613, -607.19525), (-389.6737, 44.809704, -610.90515), (-385.11444, 49.44572, -595.4064), (-380.3989, 49.44572, -599.1163), (-375.83963, 53.89402, -583.6175), (-371.12408, 55.42264, -587.3274), (-366.56482, 58.438797, -571.8286), (-361.84927, 60.46166, -575.5385)]
                    texCoord2f[] primvars:st = [(0, 0), (1, 0), (0, 0.16184291), (1, 0.16184291), (0, 0.32368582), (1, 0.32368582), (0, 0.48552874), (1, 0.48552874), (0, 0.6576703), (1, 0.6576703), (0, 0.82981205), (1, 0.82981205), (0, 1), (1, 1)] (
                        interpolation = "vertex"
                    )
                    uniform token subdivisionScheme = "none"
                }

                def Mesh "Street_217" (
                    prepend apiSchemas = ["MaterialBindingAPI"]
                )
                {
                    float3[] extent = [(-367.58875, 77.91096, -504.90033), (-350.2701, 84.797844, -484.0595)]
                    int[] faceVertexCounts = [4, 4]
                    int[] faceVertexIndices = [0, 2, 3, 1, 2, 4, 5, 3]
                    rel material:binding = </Island/Town/Roads/Ribbon/RoadMaterial>
                    point3f[] points = [(-350.2701, 84.797844, -487.5573), (-355.14508, 84.25677, -484.0595), (-356.49194, 81.59855, -496.22882), (-361.3669, 81.23, -492.73102), (-362.71378, 78.19904, -504.90033), (-367.58875, 77.91096, -501.40253)]
                    texCoord2f[] primvars:st = [(0, 0), (1, 0), (0, 0.4983761), (1, 0.4983761), (0, 1), (1, 1)] (
                        interpolation = "vertex"
                    )
                    uniform token subdivisionScheme = "none"
                }

                def Mesh "Street_218" (
                    prepend apiSchemas = ["MaterialBindingAPI"]
                )
                {
                    float3[] extent = [(-368.01187, 64.99269, -565.28876), (-342.9433, 78.90677, -502.2476)]
                    int[] faceVertexCounts = [4, 4, 4, 4]
                    int[] faceVertexIndices = [0, 2, 3, 1, 2, 4, 5, 3, 4, 6, 7, 5, 6, 8, 9, 7]
                    rel material:binding = </Island/Town/Roads/Ribbon/RoadMaterial>
                    point3f[] points = [(-348.66452, 65.34846, -565.28876), (-342.9433, 66.616455, -563.4811), (-353.50134, 64.99269, -549.98035), (-347.78012, 68.39548, -548.17267), (-358.3382, 68.311806, -534.672), (-352.61697, 67.60983, -532.8643), (-363.17502, 74.75451, -519.36365), (-357.4538, 75.979034, -517.55597), (-368.01187, 77.201675, -504.05527), (-362.29065, 78.90677, -502.2476)]
                    texCoord2f[] primvars:st = [(0, 0), (1, 0), (0, 0.2429273), (1, 0.2429273), (0, 0.48632884), (1, 0.48632884), (0, 0.75416964), (1, 0.75416964), (0, 1), (1, 1)] (
                        interpolation = "vertex"
                    )
                    uniform token subdivisionScheme = "none"
                }

                def Mesh "Street_219" (
                    prepend apiSchemas = ["MaterialBindingAPI"]
                )
                {
                    float3[] extent = [(-86.59869, 43.141064, -728.51), (-38.255432, 62.03654, -671.9662)]
                    int[] faceVertexCounts = [4, 4, 4, 4, 4]
                    int[] faceVertexIndices = [0, 2, 3, 1, 2, 4, 5, 3, 4, 6, 7, 5, 6, 8, 9, 7, 8, 10, 11, 9]
                    rel material:binding = </Island/Town/Roads/Ribbon/RoadMaterial>
                    point3f[] points = [(-81.98065, 62.03654, -671.9662), (-86.59869, 60.36023, -675.7968), (-73.2356, 59.129528, -682.5088), (-77.853645, 57.711826, -686.3394), (-64.49056, 55.575027, -693.05145), (-69.1086, 54.338272, -696.8821), (-55.745518, 51.10267, -703.5941), (-60.363556, 50.2914, -707.42474), (-47.000473, 46.968155, -714.1367), (-51.61851, 45.565975, -717.96735), (-38.255432, 45.20107, -724.6794), (-42.87347, 43.141064, -728.51)]
                    texCoord2f[] primvars:st = [(0, 0), (1, 0), (0, 0.19761445), (1, 0.19761445), (0, 0.39735088), (1, 0.39735088), (0, 0.6001712), (1, 0.6001712), (0, 0.8045659), (1, 0.8045659), (0, 1), (1, 1)] (
                        interpolation = "vertex"
                    )
                    uniform token subdivisionScheme = "none"
                }

                def Mesh "Street_220" (
                    prepend apiSchemas = ["MaterialBindingAPI"]
                )
                {
                    float3[] extent = [(-106.65764, 43.189396, -729.55927), (-40.10469, 47.2655, -713.45135)]
                    int[] faceVertexCounts = [4, 4, 4, 4]
                    int[] faceVertexIndices = [0, 2, 3, 1, 2, 4, 5, 3, 4, 6, 7, 5, 6, 8, 9, 7]
                    rel material:binding = </Island/Town/Roads/Ribbon/RoadMaterial>
                    point3f[] points = [(-105.73812, 46.273163, -713.45135), (-106.65764, 44.478603, -719.3805), (-89.329765, 47.2655, -715.99603), (-90.24928, 45.306934, -721.9252), (-72.92141, 47.06771, -718.5407), (-73.84093, 45.11101, -724.46985), (-56.51305, 45.077248, -721.08545), (-57.432568, 43.189396, -727.0145), (-40.10469, 45.238983, -723.6301), (-41.024208, 43.203293, -729.55927)]
                    texCoord2f[] primvars:st = [(0, 0), (1, 0), (0, 0.24984169), (1, 0.24984169), (0, 0.49932703), (1, 0.49932703), (0, 0.7505275), (1, 0.7505275), (0, 1), (1, 1)] (
                        interpolation = "vertex"
                    )
                    uniform token subdivisionScheme = "none"
                }

                def Mesh "Street_221" (
                    prepend apiSchemas = ["MaterialBindingAPI"]
                )
                {
                    float3[] extent = [(-115.954094, 52.03787, -684.2317), (-83.5894, 62.030216, -670.96436)]
                    int[] faceVertexCounts = [4, 4]
                    int[] faceVertexIndices = [0, 2, 3, 1, 2, 4, 5, 3]
                    rel material:binding = </Island/Town/Roads/Ribbon/RoadMaterial>
                    point3f[] points = [(-83.5894, 60.376728, -676.7986), (-84.98994, 62.030216, -670.96436), (-99.07148, 56.702812, -680.51514), (-100.472015, 57.745373, -674.6809), (-114.55355, 52.03787, -684.2317), (-115.954094, 53.489, -678.39746)]
                    texCoord2f[] primvars:st = [(0, 0), (1, 0), (0, 0.49771622), (1, 0.49771622), (0, 1), (1, 1)] (
                        interpolation = "vertex"
                    )
                    uniform token subdivisionScheme = "none"
                }

                def Mesh "Street_222" (
                    prepend apiSchemas = ["MaterialBindingAPI"]
                )
                {
                    float3[] extent = [(-118.15871, 44.738068, -717.16534), (-103.293, 53.31614, -680.5651)]
                    int[] faceVertexCounts = [4, 4, 4]
                    int[] faceVertexIndices = [0, 2, 3, 1, 2, 4, 5, 3, 4, 6, 7, 5]
                    rel material:binding = </Island/Town/Roads/Ribbon/RoadMaterial>
                    point3f[] points = [(-109.10276, 44.738068, -717.16534), (-103.293, 45.950386, -715.66644), (-112.121414, 47.272705, -705.4649), (-106.311646, 48.839153, -703.966), (-115.14006, 49.522537, -693.76447), (-109.33029, 51.244064, -692.26556), (-118.15871, 52.14936, -682.064), (-112.348946, 53.31614, -680.5651)]
                    texCoord2f[] primvars:st = [(0, 0), (1, 0), (0, 0.33465245), (1, 0.33465245), (0, 0.6670587), (1, 0.6670587), (0, 1), (1, 1)] (
                        interpolation = "vertex"
                    )
                    uniform token subdivisionScheme = "none"
                }

                def Mesh "Street_223" (
                    prepend apiSchemas = ["MaterialBindingAPI"]
                )
                {
                    float3[] extent = [(-658.4034, 26.620638, 355.00568), (-640.8062, 40.99932, 435.6665)]
                    int[] faceVertexCounts = [4, 4, 4, 4, 4]
                    int[] faceVertexIndices = [0, 2, 3, 1, 2, 4, 5, 3, 4, 6, 7, 5, 6, 8, 9, 7, 8, 10, 11, 9]
                    rel material:binding = </Island/Town/Roads/Ribbon/RoadMaterial>
                    point3f[] points = [(-646.74316, 39.890144, 355.00568), (-640.8062, 40.99932, 355.87326), (-649.07526, 35.6953, 370.96436), (-643.1383, 34.797344, 371.8319), (-651.4073, 33.047886, 386.923), (-645.47034, 33.047886, 387.79056), (-653.7393, 29.652027, 402.88165), (-647.80237, 31.788599, 403.7492), (-656.07135, 28.734684, 418.8403), (-650.1344, 30.046446, 419.70786), (-658.4034, 26.620638, 434.79895), (-652.4665, 27.872084, 435.6665)]
                    texCoord2f[] primvars:st = [(0, 0), (1, 0), (0, 0.20665139), (1, 0.20665139), (0, 0.4052942), (1, 0.4052942), (0, 0.60393715), (1, 0.60393715), (0, 0.8014899), (1, 0.8014899), (0, 1), (1, 1)] (
                        interpolation = "vertex"
                    )
                    uniform token subdivisionScheme = "none"
                }

                def Mesh "Street_224" (
                    prepend apiSchemas = ["MaterialBindingAPI"]
                )
                {
                    float3[] extent = [(-657.4873, 26.544159, 433.04462), (-591.404, 31.93167, 495.55423)]
                    int[] faceVertexCounts = [4, 4, 4, 4, 4, 4]
                    int[] faceVertexIndices = [0, 2, 3, 1, 2, 4, 5, 3, 4, 6, 7, 5, 6, 8, 9, 7, 8, 10, 11, 9, 10, 12, 13, 11]
                    rel material:binding = </Island/Town/Roads/Ribbon/RoadMaterial>
                    point3f[] points = [(-591.404, 31.21807, 491.178), (-595.50867, 31.21807, 495.55423), (-601.73376, 31.93167, 481.4891), (-605.83844, 30.477665, 485.86533), (-612.06354, 31.620031, 471.8002), (-616.1682, 30.174997, 476.17642), (-622.39325, 31.397625, 462.11133), (-626.498, 29.968218, 466.48755), (-632.723, 30.639555, 452.42242), (-636.82776, 29.16013, 456.79865), (-643.0528, 29.324234, 442.73352), (-647.15753, 27.852049, 447.10974), (-653.38257, 27.940208, 433.04462), (-657.4873, 26.544159, 437.42084)]
                    texCoord2f[] primvars:st = [(0, 0), (1, 0), (0, 0.1663696), (1, 0.1663696), (0, 0.33278355), (1, 0.33278355), (0, 0.4991722), (1, 0.4991722), (0, 0.6657988), (1, 0.6657988), (0, 0.8328807), (1, 0.8328807), (0, 1), (1, 1)] (
                        interpolation = "vertex"
                    )
                    uniform token subdivisionScheme = "none"
                }

                def Mesh "Street_225" (
                    prepend apiSchemas = ["MaterialBindingAPI"]
                )
                {
                    float3[] extent = [(-595.6879, 26.58378, 424.41327), (-531.0751, 46.960014, 495.3711)]
                    int[] faceVertexCounts = [4, 4, 4, 4, 4, 4]
                    int[] faceVertexIndices = [0, 2, 3, 1, 2, 4, 5, 3, 4, 6, 7, 5, 6, 8, 9, 7, 8, 10, 11, 9, 10, 12, 13, 11]
                    rel material:binding = </Island/Town/Roads/Ribbon/RoadMaterial>
                    point3f[] points = [(-591.22473, 26.58378, 495.3711), (-595.6879, 26.58378, 491.3611), (-581.19977, 30.203117, 484.21313), (-585.66296, 30.203117, 480.20316), (-571.17487, 33.77698, 473.05515), (-575.638, 33.77698, 469.04517), (-561.1499, 36.640186, 461.8972), (-565.6131, 36.640186, 457.8872), (-551.12494, 39.72342, 450.7392), (-555.58813, 39.72342, 446.72922), (-541.1, 42.860584, 439.58124), (-545.5632, 42.860584, 435.57126), (-531.0751, 46.960014, 428.42325), (-535.5382, 46.960014, 424.41327)]
                    texCoord2f[] primvars:st = [(0, 0), (1, 0), (0, 0.16716057), (1, 0.16716057), (0, 0.33420604), (1, 0.33420604), (0, 0.49963704), (1, 0.49963704), (0, 0.6655308), (1, 0.6655308), (0, 0.83154386), (1, 0.83154386), (0, 1), (1, 1)] (
                        interpolation = "vertex"
                    )
                    uniform token subdivisionScheme = "none"
                }

                def Mesh "Street_226" (
                    prepend apiSchemas = ["MaterialBindingAPI"]
                )
                {
                    float3[] extent = [(-428.0593, 62.919395, 480.40472), (-371.76828, 68.44462, 523.5975)]
                    int[] faceVertexCounts = [4, 4, 4, 4]
                    int[] faceVertexIndices = [0, 2, 3, 1, 2, 4, 5, 3, 4, 6, 7, 5, 6, 8, 9, 7]
                    rel material:binding = </Island/Town/Roads/Ribbon/RoadMaterial>
                    point3f[] points = [(-371.76828, 66.967064, 518.7435), (-375.2952, 66.967064, 523.5975), (-384.9593, 67.966, 509.1588), (-388.4862, 65.99532, 514.01276), (-398.15033, 68.44462, 499.57413), (-401.67725, 66.69836, 504.42807), (-411.34134, 63.67086, 489.9894), (-414.86826, 62.919395, 494.84338), (-424.53238, 63.279606, 480.40472), (-428.0593, 63.279606, 485.25867)]
                    texCoord2f[] primvars:st = [(0, 0), (1, 0), (0, 0.24783985), (1, 0.24783985), (0, 0.4958538), (1, 0.4958538), (0, 0.7521598), (1, 0.7521598), (0, 1), (1, 1)] (
                        interpolation = "vertex"
                    )
                    uniform token subdivisionScheme = "none"
                }

                def Mesh "Street_227" (
                    prepend apiSchemas = ["MaterialBindingAPI"]
                )
                {
                    float3[] extent = [(-458.07968, 49.275085, 480.21735), (-424.8244, 58.792114, 502.50687)]
                    int[] faceVertexCounts = [4, 4, 4]
                    int[] faceVertexIndices = [0, 2, 3, 1, 2, 4, 5, 3, 4, 6, 7, 5]
                    rel material:binding = </Island/Town/Roads/Ribbon/RoadMaterial>
                    point3f[] points = [(-455.13678, 49.275085, 502.50687), (-458.07968, 49.275085, 497.27814), (-445.03265, 52.295803, 496.81992), (-447.97556, 52.295803, 491.59122), (-434.92853, 55.623905, 491.133), (-437.8714, 55.623905, 485.90427), (-424.8244, 58.792114, 485.44604), (-427.76727, 58.792114, 480.21735)]
                    texCoord2f[] primvars:st = [(0, 0), (1, 0), (0, 0.33223227), (1, 0.33223227), (0, 0.6667139), (1, 0.6667139), (0, 1), (1, 1)] (
                        interpolation = "vertex"
                    )
                    uniform token subdivisionScheme = "none"
                }

                def Mesh "Street_228" (
                    prepend apiSchemas = ["MaterialBindingAPI"]
                )
                {
                    float3[] extent = [(-535.38196, 50.94327, 424.2519), (-454.53293, 54.667427, 502.05887)]
                    int[] faceVertexCounts = [4, 4, 4, 4, 4, 4, 4]
                    int[] faceVertexIndices = [0, 2, 3, 1, 2, 4, 5, 3, 4, 6, 7, 5, 6, 8, 9, 7, 8, 10, 11, 9, 10, 12, 13, 11, 12, 14, 15, 13]
                    rel material:binding = </Island/Town/Roads/Ribbon/RoadMaterial>
                    point3f[] points = [(-454.53293, 53.85408, 497.72614), (-458.68353, 53.85408, 502.05887), (-465.48984, 54.667427, 487.22983), (-469.64044, 53.08006, 491.56256), (-476.44678, 53.165226, 476.7335), (-480.59735, 51.811337, 481.06622), (-487.4037, 52.823627, 466.23718), (-491.5543, 50.94327, 470.56992), (-498.3606, 52.98951, 455.74084), (-502.5112, 51.445614, 460.07358), (-509.3175, 53.359486, 445.24454), (-513.4681, 51.778263, 449.57727), (-520.2744, 53.28585, 434.74823), (-524.42505, 51.571434, 439.08093), (-531.2313, 52.44063, 424.2519), (-535.38196, 52.44063, 428.58463)]
                    texCoord2f[] primvars:st = [(0, 0), (1, 0), (0, 0.14275214), (1, 0.14275214), (0, 0.28601506), (1, 0.28601506), (0, 0.4289148), (1, 0.4289148), (0, 0.5717003), (1, 0.5717003), (0, 0.71449155), (1, 0.71449155), (0, 0.85724807), (1, 0.85724807), (0, 1), (1, 1)] (
                        interpolation = "vertex"
                    )
                    uniform token subdivisionScheme = "none"
                }

                def Mesh "Street_229" (
                    prepend apiSchemas = ["MaterialBindingAPI"]
                )
                {
                    float3[] extent = [(-556.44476, 58.234806, 324.51022), (-487.54514, 68.228096, 392.2755)]
                    int[] faceVertexCounts = [4, 4, 4, 4, 4, 4]
                    int[] faceVertexIndices = [0, 2, 3, 1, 2, 4, 5, 3, 4, 6, 7, 5, 6, 8, 9, 7, 8, 10, 11, 9, 10, 12, 13, 11]
                    rel material:binding = </Island/Town/Roads/Ribbon/RoadMaterial>
                    point3f[] points = [(-487.54514, 65.238945, 387.99286), (-491.7474, 65.238945, 392.2755), (-498.32803, 66.210014, 377.4124), (-502.5303, 64.3371, 381.69507), (-509.11093, 67.26081, 366.83197), (-513.3132, 65.9164, 371.11462), (-519.89386, 68.228096, 356.25153), (-524.09607, 66.84296, 360.53418), (-530.67676, 67.600845, 345.67108), (-534.87897, 66.05863, 349.95374), (-541.45966, 66.25088, 335.09064), (-545.66187, 64.53751, 339.3733), (-552.24255, 59.656433, 324.51022), (-556.44476, 58.234806, 328.79288)]
                    texCoord2f[] primvars:st = [(0, 0), (1, 0), (0, 0.16386814), (1, 0.16386814), (0, 0.328378), (1, 0.328378), (0, 0.49257234), (1, 0.49257234), (0, 0.65661913), (1, 0.65661913), (0, 0.82117957), (1, 0.82117957), (0, 1), (1, 1)] (
                        interpolation = "vertex"
                    )
                    uniform token subdivisionScheme = "none"
                }

                def Mesh "Street_230" (
                    prepend apiSchemas = ["MaterialBindingAPI"]
                )
                {
                    float3[] extent = [(-566.0594, 40.99103, -475.1317), (-530.4775, 43.676926, -388.25693)]
                    int[] faceVertexCounts = [4, 4, 4, 4, 4, 4]
                    int[] faceVertexIndices = [0, 2, 3, 1, 2, 4, 5, 3, 4, 6, 7, 5, 6, 8, 9, 7, 8, 10, 11, 9, 10, 12, 13, 11]
                    rel material:binding = </Island/Town/Roads/Ribbon/RoadMaterial>
                    point3f[] points = [(-560.40076, 42.820557, -388.25693), (-566.0594, 42.820557, -390.2518), (-555.4135, 42.820557, -402.40356), (-561.0722, 42.820557, -404.39844), (-550.42633, 43.676926, -416.5502), (-556.08496, 41.985023, -418.5451), (-545.4391, 42.912132, -430.69687), (-551.0978, 41.216545, -432.69174), (-540.4519, 42.659718, -444.8435), (-546.11053, 40.99103, -446.8384), (-535.46466, 42.645123, -458.99017), (-541.12335, 41.09084, -460.98505), (-530.4775, 42.685947, -473.1368), (-536.1361, 41.28075, -475.1317)]
                    texCoord2f[] primvars:st = [(0, 0), (1, 0), (0, 0.16662593), (1, 0.16662593), (0, 0.33325198), (1, 0.33325198), (0, 0.5000957), (1, 0.5000957), (0, 0.66674215), (1, 0.66674215), (0, 0.8333686), (1, 0.8333686), (0, 1), (1, 1)] (
                        interpolation = "vertex"
                    )
                    uniform token subdivisionScheme = "none"
                }

                def Mesh "Street_231" (
                    prepend apiSchemas = ["MaterialBindingAPI"]
                )
                {
                    float3[] extent = [(-631.5255, 24.77657, -452.36392), (-561.2001, 37.459488, -387.0455)]
                    int[] faceVertexCounts = [4, 4, 4, 4, 4, 4]
                    int[] faceVertexIndices = [0, 2, 3, 1, 2, 4, 5, 3, 4, 6, 7, 5, 6, 8, 9, 7, 8, 10, 11, 9, 10, 12, 13, 11]
                    rel material:binding = </Island/Town/Roads/Ribbon/RoadMaterial>
                    point3f[] points = [(-561.2001, 37.459488, -391.4632), (-565.26013, 37.459488, -387.0455), (-572.24426, 32.75593, -401.6133), (-576.3043, 32.75593, -397.19562), (-583.2885, 30.774128, -411.76346), (-587.3486, 30.774128, -407.34576), (-594.33276, 29.791386, -421.91357), (-598.3928, 29.791386, -417.49588), (-605.377, 28.140406, -432.0637), (-609.437, 28.140406, -427.646), (-616.4212, 28.26585, -442.2138), (-620.48126, 25.699772, -437.7961), (-627.46545, 25.562906, -452.36392), (-631.5255, 24.77657, -447.94623)]
                    texCoord2f[] primvars:st = [(0, 0), (1, 0), (0, 0.17249937), (1, 0.17249937), (0, 0.33852717), (1, 0.33852717), (0, 0.50347745), (1, 0.50347745), (0, 0.6690689), (1, 0.6690689), (0, 0.8338843), (1, 0.8338843), (0, 1), (1, 1)] (
                        interpolation = "vertex"
                    )
                    uniform token subdivisionScheme = "none"
                }

                def Mesh "Street_232" (
                    prepend apiSchemas = ["MaterialBindingAPI"]
                )
                {
                    float3[] extent = [(-536.30566, 10.316149, 673.6291), (-463.4868, 12.107036, 736.0541)]
                    int[] faceVertexCounts = [4, 4, 4, 4, 4, 4]
                    int[] faceVertexIndices = [0, 2, 3, 1, 2, 4, 5, 3, 4, 6, 7, 5, 6, 8, 9, 7, 8, 10, 11, 9, 10, 12, 13, 11]
                    rel material:binding = </Island/Town/Roads/Ribbon/RoadMaterial>
                    point3f[] points = [(-536.30566, 10.548139, 678.2267), (-532.4505, 11.656524, 673.6291), (-524.8117, 11.272407, 687.86456), (-520.95654, 11.272407, 683.26697), (-513.31775, 10.920511, 697.50244), (-509.4626, 12.012458, 692.9049), (-501.8238, 10.316149, 707.1404), (-497.96863, 11.393349, 702.5428), (-490.32983, 10.977107, 716.77826), (-486.47467, 12.075346, 712.18066), (-478.83588, 11.021834, 726.41614), (-474.98074, 12.107036, 721.81854), (-467.34195, 10.778041, 736.0541), (-463.4868, 11.847918, 731.4565)]
                    texCoord2f[] primvars:st = [(0, 0), (1, 0), (0, 0.16662003), (1, 0.16662003), (0, 0.33323935), (1, 0.33323935), (0, 0.49998042), (1, 0.49998042), (0, 0.66675943), (1, 0.66675943), (0, 0.833368), (1, 0.833368), (0, 1), (1, 1)] (
                        interpolation = "vertex"
                    )
                    uniform token subdivisionScheme = "none"
                }

                def Mesh "Street_233" (
                    prepend apiSchemas = ["MaterialBindingAPI"]
                )
                {
                    float3[] extent = [(-565.1352, 23.377737, -604.0591), (-497.08182, 28.252916, -536.3486)]
                    int[] faceVertexCounts = [4, 4, 4, 4, 4, 4]
                    int[] faceVertexIndices = [0, 2, 3, 1, 2, 4, 5, 3, 4, 6, 7, 5, 6, 8, 9, 7, 8, 10, 11, 9, 10, 12, 13, 11]
                    rel material:binding = </Island/Town/Roads/Ribbon/RoadMaterial>
                    point3f[] points = [(-501.3122, 26.407, -604.0591), (-497.08182, 27.818007, -599.8042), (-511.94937, 26.87219, -593.48315), (-507.719, 28.252916, -589.2283), (-522.58655, 26.376135, -582.9072), (-518.35614, 27.703365, -578.65234), (-533.2237, 26.404799, -572.33124), (-528.99335, 26.404799, -568.07635), (-543.8609, 25.133385, -561.7553), (-539.6305, 26.426771, -557.5004), (-554.49805, 23.377737, -551.1794), (-550.26764, 24.46823, -546.9245), (-565.1352, 25.569052, -540.6034), (-560.90485, 26.924768, -536.3486)]
                    texCoord2f[] primvars:st = [(0, 0), (1, 0), (0, 0.16617364), (1, 0.16617364), (0, 0.3323783), (1, 0.3323783), (0, 0.49862424), (1, 0.49862424), (0, 0.6648692), (1, 0.6648692), (0, 0.8321033), (1, 0.8321033), (0, 1), (1, 1)] (
                        interpolation = "vertex"
                    )
                    uniform token subdivisionScheme = "none"
                }

                def Mesh "Street_234" (
                    prepend apiSchemas = ["MaterialBindingAPI"]
                )
                {
                    float3[] extent = [(-476.95453, 40.515865, -551.0529), (-457.6638, 49.36519, -519.4433)]
                    int[] faceVertexCounts = [4, 4]
                    int[] faceVertexIndices = [0, 2, 3, 1, 2, 4, 5, 3]
                    rel material:binding = </Island/Town/Roads/Ribbon/RoadMaterial>
                    point3f[] points = [(-476.95453, 40.515865, -548.4645), (-471.5416, 41.167652, -551.0529), (-470.01562, 44.4623, -533.9539), (-464.6027, 45.78484, -536.54236), (-463.07672, 45.475586, -519.4433), (-457.6638, 49.36519, -522.0318)]
                    texCoord2f[] primvars:st = [(0, 0), (1, 0), (0, 0.5070407), (1, 0.5070407), (0, 1), (1, 1)] (
                        interpolation = "vertex"
                    )
                    uniform token subdivisionScheme = "none"
                }

                def Mesh "Street_235" (
                    prepend apiSchemas = ["MaterialBindingAPI"]
                )
                {
                    float3[] extent = [(-348.66452, 54.289135, -610.27563), (-328.72922, 66.616455, -563.4811)]
                    int[] faceVertexCounts = [4, 4, 4]
                    int[] faceVertexIndices = [0, 2, 3, 1, 2, 4, 5, 3, 4, 6, 7, 5]
                    rel material:binding = </Island/Town/Roads/Ribbon/RoadMaterial>
                    point3f[] points = [(-334.4504, 54.289135, -610.27563), (-328.72922, 55.674534, -608.46796), (-339.18845, 57.988884, -595.28), (-333.46722, 59.595898, -593.47235), (-343.92648, 61.810406, -580.28436), (-338.20526, 63.230354, -578.4767), (-348.66452, 65.34846, -565.28876), (-342.9433, 66.616455, -563.4811)]
                    texCoord2f[] primvars:st = [(0, 0), (1, 0), (0, 0.33385918), (1, 0.33385918), (0, 0.6674518), (1, 0.6674518), (0, 1), (1, 1)] (
                        interpolation = "vertex"
                    )
                    uniform token subdivisionScheme = "none"
                }

                def Mesh "Street_236" (
                    prepend apiSchemas = ["MaterialBindingAPI"]
                )
                {
                    float3[] extent = [(-365.55997, 59.06158, -576.36115), (-344.45096, 66.47627, -561.7073)]
                    int[] faceVertexCounts = [4, 4]
                    int[] faceVertexIndices = [0, 2, 3, 1, 2, 4, 5, 3]
                    rel material:binding = </Island/Town/Roads/Ribbon/RoadMaterial>
                    point3f[] points = [(-365.55997, 59.06158, -571.006), (-362.8541, 60.096478, -576.36115), (-356.3584, 63.629772, -566.3566), (-353.65253, 62.98118, -571.71185), (-347.15683, 66.47627, -561.7073), (-344.45096, 65.469955, -567.0625)]
                    texCoord2f[] primvars:st = [(0, 0), (1, 0), (0, 0.5067793), (1, 0.5067793), (0, 1), (1, 1)] (
                        interpolation = "vertex"
                    )
                    uniform token subdivisionScheme = "none"
                }

                def Mesh "Street_237" (
                    prepend apiSchemas = ["MaterialBindingAPI"]
                )
                {
                    float3[] extent = [(-492.2702, 59.762623, 388.67987), (-443.7171, 67.89252, 469.72104)]
                    int[] faceVertexCounts = [4, 4, 4, 4, 4, 4]
                    int[] faceVertexIndices = [0, 2, 3, 1, 2, 4, 5, 3, 4, 6, 7, 5, 6, 8, 9, 7, 8, 10, 11, 9, 10, 12, 13, 11]
                    rel material:binding = </Island/Town/Roads/Ribbon/RoadMaterial>
                    point3f[] points = [(-443.7171, 63.610264, 466.8124), (-448.96494, 61.748104, 469.72104), (-450.93463, 61.985107, 453.7903), (-456.1825, 59.762623, 456.69894), (-458.1522, 64.314476, 440.76822), (-463.40002, 62.679756, 443.67685), (-465.36972, 65.408195, 427.74612), (-470.61755, 63.69391, 430.6548), (-472.58728, 66.64773, 414.72406), (-477.8351, 65.04661, 417.6327), (-479.8048, 67.89252, 401.70197), (-485.05264, 66.15158, 404.6106), (-487.02234, 67.04327, 388.67987), (-492.2702, 67.04327, 391.5885)]
                    texCoord2f[] primvars:st = [(0, 0), (1, 0), (0, 0.1668928), (1, 0.1668928), (0, 0.3350225), (1, 0.3350225), (0, 0.5012975), (1, 0.5012975), (0, 0.667771), (1, 0.667771), (0, 0.8341519), (1, 0.8341519), (0, 1), (1, 1)] (
                        interpolation = "vertex"
                    )
                    uniform token subdivisionScheme = "none"
                }

                def Mesh "Street_238" (
                    prepend apiSchemas = ["MaterialBindingAPI"]
                )
                {
                    float3[] extent = [(-535.22406, 46.960014, 387.82693), (-487.72882, 60.45122, 428.72552)]
                    int[] faceVertexCounts = [4, 4, 4, 4]
                    int[] faceVertexIndices = [0, 2, 3, 1, 2, 4, 5, 3, 4, 6, 7, 5, 6, 8, 9, 7]
                    rel material:binding = </Island/Town/Roads/Ribbon/RoadMaterial>
                    point3f[] points = [(-531.3892, 46.960014, 428.72552), (-535.22406, 46.960014, 424.11102), (-520.4741, 50.25523, 419.65448), (-524.309, 50.25523, 415.03998), (-509.55902, 53.748215, 410.58347), (-513.3939, 53.748215, 405.96896), (-498.64392, 57.083145, 401.51245), (-502.47882, 57.083145, 396.89795), (-487.72882, 60.45122, 392.44144), (-491.56372, 60.45122, 387.82693)]
                    texCoord2f[] primvars:st = [(0, 0), (1, 0), (0, 0.24969323), (1, 0.24969323), (0, 0.50017405), (1, 0.50017405), (0, 0.75002176), (1, 0.75002176), (0, 1), (1, 1)] (
                        interpolation = "vertex"
                    )
                    uniform token subdivisionScheme = "none"
                }

                def Mesh "Street_239" (
                    prepend apiSchemas = ["MaterialBindingAPI"]
                )
                {
                    float3[] extent = [(-534.6075, 53.260845, 423.71497), (-445.0402, 63.516823, 470.97)]
                    int[] faceVertexCounts = [4, 4, 4, 4, 4, 4]
                    int[] faceVertexIndices = [0, 2, 3, 1, 2, 4, 5, 3, 4, 6, 7, 5, 6, 8, 9, 7, 8, 10, 11, 9, 10, 12, 13, 11]
                    rel material:binding = </Island/Town/Roads/Ribbon/RoadMaterial>
                    point3f[] points = [(-534.6075, 53.881176, 429.12155), (-532.0058, 53.881176, 423.71497), (-520.1132, 53.260845, 436.0963), (-517.51154, 54.40399, 430.6897), (-505.61896, 54.40968, 443.07104), (-503.01724, 56.05255, 437.66446), (-491.12466, 55.489136, 450.04578), (-488.52298, 57.05721, 444.6392), (-476.6304, 56.86931, 457.02054), (-474.02872, 58.84327, 451.61395), (-462.13614, 58.03741, 463.99527), (-459.53445, 58.490284, 458.58868), (-447.64188, 61.821995, 470.97), (-445.0402, 63.516823, 465.56342)]
                    texCoord2f[] primvars:st = [(0, 0), (1, 0), (0, 0.16537632), (1, 0.16537632), (0, 0.3313307), (1, 0.3313307), (0, 0.49704915), (1, 0.49704915), (0, 0.6632154), (1, 0.6632154), (0, 0.82866865), (1, 0.82866865), (0, 1), (1, 1)] (
                        interpolation = "vertex"
                    )
                    uniform token subdivisionScheme = "none"
                }

                def Mesh "Street_240" (
                    prepend apiSchemas = ["MaterialBindingAPI"]
                )
                {
                    float3[] extent = [(-599.7887, 55.682285, 278.58105), (-591.8375, 59.611237, 286.3454)]
                    int[] faceVertexCounts = [4]
                    int[] faceVertexIndices = [0, 2, 3, 1]
                    rel material:binding = </Island/Town/Roads/Ribbon/RoadMaterial>
                    point3f[] points = [(-596.85156, 59.611237, 278.58105), (-591.8375, 57.781464, 281.8764), (-599.7887, 56.827297, 283.05008), (-594.77466, 55.682285, 286.3454)]
                    texCoord2f[] primvars:st = [(0, 0), (1, 0), (0, 1), (1, 1)] (
                        interpolation = "vertex"
                    )
                    uniform token subdivisionScheme = "none"
                }

                def Mesh "Street_241" (
                    prepend apiSchemas = ["MaterialBindingAPI"]
                )
                {
                    float3[] extent = [(-599.37823, 54.82084, 282.55197), (-552.2471, 63.505516, 328.7973)]
                    int[] faceVertexCounts = [4, 4, 4, 4]
                    int[] faceVertexIndices = [0, 2, 3, 1, 2, 4, 5, 3, 4, 6, 7, 5, 6, 8, 9, 7]
                    rel material:binding = </Island/Town/Roads/Ribbon/RoadMaterial>
                    point3f[] points = [(-552.2471, 59.65455, 324.50577), (-556.44025, 58.237743, 328.7973), (-562.98157, 63.209732, 314.0173), (-567.17474, 60.82093, 318.30887), (-573.71606, 63.505516, 303.52887), (-577.90924, 61.468193, 307.8204), (-584.45056, 61.53666, 293.0404), (-588.64374, 59.99505, 297.33197), (-595.18506, 57.245983, 282.55197), (-599.37823, 54.82084, 286.8435)]
                    texCoord2f[] primvars:st = [(0, 0), (1, 0), (0, 0.25096956), (1, 0.25096956), (0, 0.49624315), (1, 0.49624315), (0, 0.7431848), (1, 0.7431848), (0, 1), (1, 1)] (
                        interpolation = "vertex"
                    )
                    uniform token subdivisionScheme = "none"
                }

                def Mesh "Street_242" (
                    prepend apiSchemas = ["MaterialBindingAPI"]
                )
                {
                    float3[] extent = [(-556.5072, 58.253513, 264.7423), (-494.70786, 88.43932, 328.72977)]
                    int[] faceVertexCounts = [4, 4, 4, 4, 4]
                    int[] faceVertexIndices = [0, 2, 3, 1, 2, 4, 5, 3, 4, 6, 7, 5, 6, 8, 9, 7, 8, 10, 11, 9]
                    rel material:binding = </Island/Town/Roads/Ribbon/RoadMaterial>
                    point3f[] points = [(-552.1801, 60.363815, 328.72977), (-556.5072, 58.253513, 324.5733), (-540.68567, 64.05686, 316.76358), (-545.01276, 64.70447, 312.6071), (-529.1912, 69.29786, 304.7974), (-533.5183, 71.93609, 300.6409), (-517.6968, 75.93403, 292.8312), (-522.0238, 78.07642, 288.6747), (-506.2023, 81.20208, 280.86502), (-510.52936, 83.37633, 276.70853), (-494.70786, 87.17023, 268.8988), (-499.0349, 88.43932, 264.7423)]
                    texCoord2f[] primvars:st = [(0, 0), (1, 0), (0, 0.19716038), (1, 0.19716038), (0, 0.3991534), (1, 0.3991534), (0, 0.60369974), (1, 0.60369974), (0, 0.802251), (1, 0.802251), (0, 1), (1, 1)] (
                        interpolation = "vertex"
                    )
                    uniform token subdivisionScheme = "none"
                }

                def Mesh "Street_243" (
                    prepend apiSchemas = ["MaterialBindingAPI"]
                )
                {
                    float3[] extent = [(-501.90347, 26.945955, -603.2259), (-471.5416, 41.167652, -548.4645)]
                    int[] faceVertexCounts = [4, 4, 4, 4]
                    int[] faceVertexIndices = [0, 2, 3, 1, 2, 4, 5, 3, 4, 6, 7, 5, 6, 8, 9, 7]
                    rel material:binding = </Island/Town/Roads/Ribbon/RoadMaterial>
                    point3f[] points = [(-501.90347, 27.173746, -600.63745), (-496.49054, 26.945955, -603.2259), (-495.66623, 30.519419, -587.5942), (-490.2533, 30.701931, -590.1826), (-489.42902, 33.706383, -574.55096), (-484.01605, 34.069256, -577.1394), (-483.19177, 36.95506, -561.5077), (-477.77884, 37.448246, -564.0961), (-476.95453, 40.515865, -548.4645), (-471.5416, 41.167652, -551.0529)]
                    texCoord2f[] primvars:st = [(0, 0), (1, 0), (0, 0.25042343), (1, 0.25042343), (0, 0.49969536), (1, 0.49969536), (0, 0.74920297), (1, 0.74920297), (0, 1), (1, 1)] (
                        interpolation = "vertex"
                    )
                    uniform token subdivisionScheme = "none"
                }

                def Mesh "Street_244" (
                    prepend apiSchemas = ["MaterialBindingAPI"]
                )
                {
                    float3[] extent = [(-535.6712, 37.133972, -551.60516), (-471.88364, 43.01816, -472.28778)]
                    int[] faceVertexCounts = [4, 4, 4, 4, 4, 4]
                    int[] faceVertexIndices = [0, 2, 3, 1, 2, 4, 5, 3, 4, 6, 7, 5, 6, 8, 9, 7, 8, 10, 11, 9, 10, 12, 13, 11]
                    rel material:binding = </Island/Town/Roads/Ribbon/RoadMaterial>
                    point3f[] points = [(-530.9424, 42.67334, -472.28778), (-535.6712, 41.300457, -475.98074), (-521.09924, 43.01816, -484.89185), (-525.8281, 41.63692, -488.5848), (-511.25613, 41.313774, -497.4959), (-515.985, 39.95156, -501.1889), (-501.41302, 41.474113, -510.09998), (-506.14185, 39.747868, -513.79297), (-491.5699, 39.28872, -522.70404), (-496.29874, 39.28872, -526.39703), (-481.72678, 38.600853, -535.3081), (-486.4556, 37.133972, -539.0011), (-471.88364, 41.72807, -547.91223), (-476.6125, 39.99445, -551.60516)]
                    texCoord2f[] primvars:st = [(0, 0), (1, 0), (0, 0.16590579), (1, 0.16590579), (0, 0.33267277), (1, 0.33267277), (0, 0.4985399), (1, 0.4985399), (0, 0.6649869), (1, 0.6649869), (0, 0.8314341), (1, 0.8314341), (0, 1), (1, 1)] (
                        interpolation = "vertex"
                    )
                    uniform token subdivisionScheme = "none"
                }

                def Mesh "Street_245" (
                    prepend apiSchemas = ["MaterialBindingAPI"]
                )
                {
                    float3[] extent = [(-460.45154, 58.83777, -459.18323), (-425.7462, 69.48501, -445.26776)]
                    int[] faceVertexCounts = [4, 4, 4]
                    int[] faceVertexIndices = [0, 2, 3, 1, 2, 4, 5, 3, 4, 6, 7, 5]
                    rel material:binding = </Island/Town/Roads/Ribbon/RoadMaterial>
                    point3f[] points = [(-460.45154, 60.257935, -453.35272), (-459.0355, 58.83777, -459.18323), (-449.3551, 63.169815, -450.6577), (-447.93906, 61.66459, -456.48822), (-438.25867, 66.223076, -447.96274), (-436.84262, 65.01963, -453.79324), (-427.16223, 69.48501, -445.26776), (-425.7462, 68.72119, -451.09827)]
                    texCoord2f[] primvars:st = [(0, 0), (1, 0), (0, 0.33100465), (1, 0.33100465), (0, 0.663808), (1, 0.663808), (0, 1), (1, 1)] (
                        interpolation = "vertex"
                    )
                    uniform token subdivisionScheme = "none"
                }

                def Mesh "Street_246" (
                    prepend apiSchemas = ["MaterialBindingAPI"]
                )
                {
                    float3[] extent = [(-666.5879, 12.065601, -534.4988), (-626.72217, 25.794449, -449.0111)]
                    int[] faceVertexCounts = [4, 4, 4, 4, 4, 4]
                    int[] faceVertexIndices = [0, 2, 3, 1, 2, 4, 5, 3, 4, 6, 7, 5, 6, 8, 9, 7, 8, 10, 11, 9, 10, 12, 13, 11]
                    rel material:binding = </Island/Town/Roads/Ribbon/RoadMaterial>
                    point3f[] points = [(-626.72217, 25.794449, -451.29904), (-632.2688, 24.581903, -449.0111), (-632.442, 22.462782, -465.16568), (-637.98865, 22.263443, -462.87772), (-638.16187, 18.852554, -479.0323), (-643.7085, 18.476023, -476.74435), (-643.8817, 17.556465, -492.89893), (-649.42834, 16.172462, -490.611), (-649.60156, 16.066233, -506.76556), (-655.1482, 15.159136, -504.4776), (-655.3214, 14.407371, -520.6322), (-660.86804, 13.72294, -518.34424), (-661.04126, 12.616387, -534.4988), (-666.5879, 12.065601, -532.2109)]
                    texCoord2f[] primvars:st = [(0, 0), (1, 0), (0, 0.16771401), (1, 0.16771401), (0, 0.33789515), (1, 0.33789515), (0, 0.50352514), (1, 0.50352514), (0, 0.6687309), (1, 0.6687309), (0, 0.8342552), (1, 0.8342552), (0, 1), (1, 1)] (
                        interpolation = "vertex"
                    )
                    uniform token subdivisionScheme = "none"
                }

                def Mesh "Street_247" (
                    prepend apiSchemas = ["MaterialBindingAPI"]
                )
                {
                    float3[] extent = [(-631.8924, 23.739265, -540.28), (-560.6231, 27.940859, -448.351)]
                    int[] faceVertexCounts = [4, 4, 4, 4, 4, 4, 4]
                    int[] faceVertexIndices = [0, 2, 3, 1, 2, 4, 5, 3, 4, 6, 7, 5, 6, 8, 9, 7, 8, 10, 11, 9, 10, 12, 13, 11, 12, 14, 15, 13]
                    rel material:binding = </Island/Town/Roads/Ribbon/RoadMaterial>
                    point3f[] points = [(-627.0986, 25.908539, -448.351), (-631.8924, 24.68791, -451.95914), (-617.60205, 25.12443, -460.96826), (-622.39594, 23.739265, -464.57642), (-608.1055, 26.149298, -473.58554), (-612.8994, 24.97518, -477.1937), (-598.6091, 27.542608, -486.20282), (-603.40295, 26.270897, -489.81097), (-589.11255, 27.940859, -498.8201), (-593.90643, 26.599451, -502.42825), (-579.6161, 27.88858, -511.43738), (-584.41, 26.505394, -515.04553), (-570.11957, 27.6282, -524.0546), (-574.91345, 26.23139, -527.6628), (-560.6231, 26.897081, -536.67194), (-565.417, 25.591843, -540.28)]
                    texCoord2f[] primvars:st = [(0, 0), (1, 0), (0, 0.14290869), (1, 0.14290869), (0, 0.285955), (1, 0.285955), (0, 0.42914057), (1, 0.42914057), (0, 0.57184434), (1, 0.57184434), (0, 0.71451193), (1, 0.71451193), (0, 0.8571981), (1, 0.8571981), (0, 1), (1, 1)] (
                        interpolation = "vertex"
                    )
                    uniform token subdivisionScheme = "none"
                }

                def Mesh "Street_248" (
                    prepend apiSchemas = ["MaterialBindingAPI"]
                )
                {
                    float3[] extent = [(-466.18982, 10.299167, 730.85724), (-377.69763, 15.447354, 759.9174)]
                    int[] faceVertexCounts = [4, 4, 4, 4, 4, 4]
                    int[] faceVertexIndices = [0, 2, 3, 1, 2, 4, 5, 3, 4, 6, 7, 5, 6, 8, 9, 7, 8, 10, 11, 9, 10, 12, 13, 11]
                    rel material:binding = </Island/Town/Roads/Ribbon/RoadMaterial>
                    point3f[] points = [(-466.18982, 10.802283, 736.6533), (-464.6389, 11.822651, 730.85724), (-451.69962, 11.454133, 740.53064), (-450.14868, 12.5710125, 734.73456), (-437.2094, 10.797183, 744.408), (-435.65848, 12.185214, 738.61194), (-422.7192, 10.299167, 748.28534), (-421.16827, 10.948677, 742.48926), (-408.229, 12.026565, 752.1627), (-406.67804, 12.026565, 746.36664), (-393.73877, 12.98921, 756.04004), (-392.18784, 13.634922, 750.24396), (-379.24857, 14.26185, 759.9174), (-377.69763, 15.447354, 754.12134)]
                    texCoord2f[] primvars:st = [(0, 0), (1, 0), (0, 0.16641797), (1, 0.16641797), (0, 0.33275035), (1, 0.33275035), (0, 0.49919802), (1, 0.49919802), (0, 0.6660449), (1, 0.6660449), (0, 0.832892), (1, 0.832892), (0, 1), (1, 1)] (
                        interpolation = "vertex"
                    )
                    uniform token subdivisionScheme = "none"
                }

                def Mesh "Street_249" (
                    prepend apiSchemas = ["MaterialBindingAPI"]
                )
                {
                    float3[] extent = [(-526.54486, 1.018595, 731.7932), (-463.1449, 11.374945, 803.8009)]
                    int[] faceVertexCounts = [4, 4, 4, 4, 4, 4]
                    int[] faceVertexIndices = [0, 2, 3, 1, 2, 4, 5, 3, 4, 6, 7, 5, 6, 8, 9, 7, 8, 10, 11, 9, 10, 12, 13, 11]
                    rel material:binding = </Island/Town/Roads/Ribbon/RoadMaterial>
                    point3f[] points = [(-467.6838, 11.374945, 731.7932), (-463.1449, 11.232609, 735.7173), (-477.494, 8.862421, 743.1405), (-472.95508, 8.751246, 747.0646), (-487.30417, 6.6710873, 754.48773), (-482.76526, 6.5850043, 758.4118), (-497.11435, 4.787995, 765.835), (-492.57544, 4.7224445, 769.7591), (-506.9245, 3.2098207, 777.1823), (-502.3856, 3.1553924, 781.1064), (-516.7347, 1.9583842, 788.52954), (-512.1958, 1.9106555, 792.4536), (-526.54486, 1.055007, 799.87683), (-522.006, 1.018595, 803.8009)]
                    texCoord2f[] primvars:st = [(0, 0), (1, 0), (0, 0.1677661), (1, 0.1677661), (0, 0.3349841), (1, 0.3349841), (0, 0.50175804), (1, 0.50175804), (0, 0.6681558), (1, 0.6681558), (0, 0.834214), (1, 0.834214), (0, 1), (1, 1)] (
                        interpolation = "vertex"
                    )
                    uniform token subdivisionScheme = "none"
                }

                def Mesh "Street_250" (
                    prepend apiSchemas = ["MaterialBindingAPI"]
                )
                {
                    float3[] extent = [(-626.92535, 8.910562, -606.03455), (-560.8367, 26.310183, -536.4186)]
                    int[] faceVertexCounts = [4, 4, 4, 4, 4, 4]
                    int[] faceVertexIndices = [0, 2, 3, 1, 2, 4, 5, 3, 4, 6, 7, 5, 6, 8, 9, 7, 8, 10, 11, 9, 10, 12, 13, 11]
                    rel material:binding = </Island/Town/Roads/Ribbon/RoadMaterial>
                    point3f[] points = [(-560.8367, 26.096956, -540.5334), (-565.20337, 26.310183, -536.4186), (-571.12366, 22.825882, -551.45026), (-575.49036, 23.019354, -547.33545), (-581.41064, 19.736002, -562.3671), (-585.7774, 20.03012, -558.2523), (-591.69763, 16.76515, -573.28394), (-596.0644, 17.238482, -569.1692), (-601.9846, 13.964562, -584.2008), (-606.3514, 14.576703, -580.08606), (-612.2716, 11.316954, -595.1177), (-616.63837, 12.042918, -591.00287), (-622.5586, 8.910562, -606.03455), (-626.92535, 9.728364, -601.91974)]
                    texCoord2f[] primvars:st = [(0, 0), (1, 0), (0, 0.16762774), (1, 0.16762774), (0, 0.3347085), (1, 0.3347085), (0, 0.50144815), (1, 0.50144815), (0, 0.6679557), (1, 0.6679557), (0, 0.83419234), (1, 0.83419234), (0, 1), (1, 1)] (
                        interpolation = "vertex"
                    )
                    uniform token subdivisionScheme = "none"
                }

                def Mesh "Street_251" (
                    prepend apiSchemas = ["MaterialBindingAPI"]
                )
                {
                    float3[] extent = [(-534.01483, 41.828804, -477.0495), (-459.0355, 60.257935, -453.35272)]
                    int[] faceVertexCounts = [4, 4, 4, 4, 4]
                    int[] faceVertexIndices = [0, 2, 3, 1, 2, 4, 5, 3, 4, 6, 7, 5, 6, 8, 9, 7, 8, 10, 11, 9]
                    rel material:binding = </Island/Town/Roads/Ribbon/RoadMaterial>
                    point3f[] points = [(-534.01483, 42.08483, -471.219), (-532.59875, 41.828804, -477.0495), (-519.3022, 45.749203, -467.64575), (-517.8861, 45.28458, -473.47626), (-504.5895, 49.590794, -464.07248), (-503.17346, 48.832703, -469.90298), (-489.87686, 53.292877, -460.49924), (-488.46082, 52.29144, -466.32974), (-475.1642, 56.749073, -456.92596), (-473.74814, 55.553493, -462.75647), (-460.45154, 60.257935, -453.35272), (-459.0355, 58.83777, -459.18323)]
                    texCoord2f[] primvars:st = [(0, 0), (1, 0), (0, 0.2000713), (1, 0.2000713), (0, 0.40058076), (1, 0.40058076), (0, 0.6007404), (1, 0.6007404), (0, 0.8002975), (1, 0.8002975), (0, 1), (1, 1)] (
                        interpolation = "vertex"
                    )
                    uniform token subdivisionScheme = "none"
                }

                def Mesh "Street_252" (
                    prepend apiSchemas = ["MaterialBindingAPI"]
                )
                {
                    float3[] extent = [(-463.37012, 45.668373, -520.7667), (-456.74365, 60.105946, -456.2388)]
                    int[] faceVertexCounts = [4, 4, 4, 4]
                    int[] faceVertexIndices = [0, 2, 3, 1, 2, 4, 5, 3, 4, 6, 7, 5, 6, 8, 9, 7]
                    rel material:binding = </Island/Town/Roads/Ribbon/RoadMaterial>
                    point3f[] points = [(-463.37012, 45.668373, -520.7084), (-457.3704, 49.413918, -520.7667), (-463.21344, 50.39191, -504.59097), (-457.2137, 50.39191, -504.64932), (-463.05673, 53.490765, -488.4736), (-457.05704, 52.90258, -488.53192), (-462.90005, 55.177643, -472.3562), (-456.90033, 57.074566, -472.41452), (-462.74338, 59.09404, -456.2388), (-456.74365, 60.105946, -456.29712)]
                    texCoord2f[] primvars:st = [(0, 0), (1, 0), (0, 0.24966498), (1, 0.24966498), (0, 0.49932995), (1, 0.49932995), (0, 0.74865335), (1, 0.74865335), (0, 1), (1, 1)] (
                        interpolation = "vertex"
                    )
                    uniform token subdivisionScheme = "none"
                }

                def Mesh "Street_253" (
                    prepend apiSchemas = ["MaterialBindingAPI"]
                )
                {
                    float3[] extent = [(-666.8115, 4.989857, -623.39856), (-656.7595, 12.741698, -533.21954)]
                    int[] faceVertexCounts = [4, 4, 4, 4, 4, 4]
                    int[] faceVertexIndices = [0, 2, 3, 1, 2, 4, 5, 3, 4, 6, 7, 5, 6, 8, 9, 7, 8, 10, 11, 9, 10, 12, 13, 11]
                    rel material:binding = </Island/Town/Roads/Ribbon/RoadMaterial>
                    point3f[] points = [(-660.8176, 12.741698, -533.21954), (-666.8115, 11.945444, -533.4901), (-660.1413, 11.517994, -548.2043), (-666.1352, 10.811662, -548.47485), (-659.4649, 9.976113, -563.189), (-665.4588, 9.343065, -563.4596), (-658.7886, 8.711714, -578.17377), (-664.7825, 7.9624605, -578.44434), (-658.11224, 7.7655244, -593.15857), (-664.10614, 7.0483108, -593.4291), (-657.4359, 6.7248626, -608.1433), (-663.4298, 6.1221156, -608.4138), (-656.7595, 5.4406033, -623.12805), (-662.7534, 4.989857, -623.39856)]
                    texCoord2f[] primvars:st = [(0, 0), (1, 0), (0, 0.16664353), (1, 0.16664353), (0, 0.33362213), (1, 0.33362213), (0, 0.50039965), (1, 0.50039965), (0, 0.66684324), (1, 0.66684324), (0, 0.83333266), (1, 0.83333266), (0, 1), (1, 1)] (
                        interpolation = "vertex"
                    )
                    uniform token subdivisionScheme = "none"
                }

                def Mesh "Street_254" (
                    prepend apiSchemas = ["MaterialBindingAPI"]
                )
                {
                    float3[] extent = [(-748.70593, 6.7688904, -536.1481), (-662.7201, 12.689497, -497.72742)]
                    int[] faceVertexCounts = [4, 4, 4, 4, 4, 4]
                    int[] faceVertexIndices = [0, 2, 3, 1, 2, 4, 5, 3, 4, 6, 7, 5, 6, 8, 9, 7, 8, 10, 11, 9, 10, 12, 13, 11]
                    rel material:binding = </Island/Town/Roads/Ribbon/RoadMaterial>
                    point3f[] points = [(-664.90906, 11.993705, -536.1481), (-662.7201, 12.689497, -530.5616), (-678.8752, 10.639275, -530.6757), (-676.6862, 11.186823, -525.08923), (-692.8413, 8.661064, -525.2033), (-690.6524, 8.594266, -519.6169), (-706.8075, 6.7688904, -519.73096), (-704.6185, 8.122023, -514.14453), (-720.7736, 6.93638, -514.2586), (-718.58466, 7.523041, -508.67215), (-734.73975, 7.2344584, -508.78625), (-732.55084, 7.2344584, -503.19977), (-748.70593, 7.2344584, -503.31387), (-746.51697, 7.2344584, -497.72742)]
                    texCoord2f[] primvars:st = [(0, 0), (1, 0), (0, 0.1668817), (1, 0.1668817), (0, 0.3349418), (1, 0.3349418), (0, 0.5015959), (1, 0.5015959), (0, 0.6677396), (1, 0.6677396), (0, 0.8338701), (1, 0.8338701), (0, 1), (1, 1)] (
                        interpolation = "vertex"
                    )
                    uniform token subdivisionScheme = "none"
                }

                def Mesh "Street_255" (
                    prepend apiSchemas = ["MaterialBindingAPI"]
                )
                {
                    float3[] extent = [(-333.22455, 16.314137, 727.74286), (-321.0715, 26.118397, 770.3632)]
                    int[] faceVertexCounts = [4, 4, 4]
                    int[] faceVertexIndices = [0, 2, 3, 1, 2, 4, 5, 3, 4, 6, 7, 5]
                    rel material:binding = </Island/Town/Roads/Ribbon/RoadMaterial>
                    point3f[] points = [(-327.006, 25.509878, 727.74286), (-321.0715, 26.118397, 728.6271), (-329.07886, 22.337059, 741.6549), (-323.14435, 22.894382, 742.5391), (-331.1517, 19.233738, 755.56696), (-325.21722, 19.736004, 756.4512), (-333.22455, 16.314137, 769.479), (-327.29007, 16.706013, 770.3632)]
                    texCoord2f[] primvars:st = [(0, 0), (1, 0), (0, 0.33383957), (1, 0.33383957), (0, 0.66733986), (1, 0.66733986), (0, 1), (1, 1)] (
                        interpolation = "vertex"
                    )
                    uniform token subdivisionScheme = "none"
                }

                def Mesh "Street_256" (
                    prepend apiSchemas = ["MaterialBindingAPI"]
                )
                {
                    float3[] extent = [(-379.24857, 14.26185, 754.12134), (-329.48184, 17.169743, 772.81915)]
                    int[] faceVertexCounts = [4, 4, 4]
                    int[] faceVertexIndices = [0, 2, 3, 1, 2, 4, 5, 3, 4, 6, 7, 5]
                    rel material:binding = </Island/Town/Roads/Ribbon/RoadMaterial>
                    point3f[] points = [(-379.24857, 14.26185, 759.9174), (-377.69763, 15.447354, 754.12134), (-363.17664, 14.57351, 764.21796), (-361.6257, 15.860088, 758.4219), (-347.1047, 14.944734, 768.51855), (-345.55377, 16.221897, 762.7225), (-331.03278, 15.916031, 772.81915), (-329.48184, 17.169743, 767.0231)]
                    texCoord2f[] primvars:st = [(0, 0), (1, 0), (0, 0.33317292), (1, 0.33317292), (0, 0.6663509), (1, 0.6663509), (0, 1), (1, 1)] (
                        interpolation = "vertex"
                    )
                    uniform token subdivisionScheme = "none"
                }

                def Mesh "Street_257" (
                    prepend apiSchemas = ["MaterialBindingAPI"]
                )
                {
                    float3[] extent = [(-406.37115, 2.1688054, 756.1855), (-375.5913, 14.945781, 844.3066)]
                    int[] faceVertexCounts = [4, 4, 4, 4, 4, 4]
                    int[] faceVertexIndices = [0, 2, 3, 1, 2, 4, 5, 3, 4, 6, 7, 5, 6, 8, 9, 7, 8, 10, 11, 9, 10, 12, 13, 11]
                    rel material:binding = </Island/Town/Roads/Ribbon/RoadMaterial>
                    point3f[] points = [(-381.3549, 14.724252, 756.1855), (-375.5913, 14.945781, 757.8532), (-385.52426, 11.922667, 770.59436), (-379.7607, 12.005888, 772.26215), (-389.69363, 9.348161, 785.00323), (-383.93008, 9.349081, 786.671), (-393.86304, 7.070709, 799.4122), (-388.09946, 7.0463214, 801.0799), (-398.0324, 5.0979366, 813.82104), (-392.26886, 5.088759, 815.48883), (-402.20178, 3.470943, 828.23), (-396.43823, 3.4652565, 829.8977), (-406.37115, 2.1718764, 842.63885), (-400.6076, 2.1688054, 844.3066)]
                    texCoord2f[] primvars:st = [(0, 0), (1, 0), (0, 0.16793716), (1, 0.16793716), (0, 0.3353696), (1, 0.3353696), (0, 0.50222033), (1, 0.50222033), (0, 0.6685521), (1, 0.6685521), (0, 0.83445066), (1, 0.83445066), (0, 1), (1, 1)] (
                        interpolation = "vertex"
                    )
                    uniform token subdivisionScheme = "none"
                }
            }
        }
    }
}

