#usda 1.0

def "Island"
{
    def Scope "Village"
    {
        def Xform "Blocks"
        {
            def Xform "Block_0" (
                instanceable = true
                prepend references = @assetLibrary.usda@</Assets/VillageBlock>
            )
            {
                double xformOp:rotateY = 0
                double3 xformOp:translate = (716.2227602052754, 14.183801298448122, -449.02974573699174)
                token[] xformOpOrder = ["xformOp:translate", "xformOp:rotateY"]
            }

            def Xform "Block_1" (
                instanceable = true
                prepend references = @assetLibrary.usda@</Assets/VillageBlock>
            )
            {
                double xformOp:rotateY = 41
                double3 xformOp:translate = (689.1376404508617, 24.766644974198048, 334.04311012217516)
                token[] xformOpOrder = ["xformOp:translate", "xformOp:rotateY"]
            }

            def Xform "Block_2" (
                instanceable = true
                prepend references = @assetLibrary.usda@</Assets/VillageBlock>
            )
            {
                double xformOp:rotateY = 82
                double3 xformOp:translate = (463.22624752783054, 105.7569222641805, -266.14793534476644)
                token[] xformOpOrder = ["xformOp:translate", "xformOp:rotateY"]
            }

            def Xform "Block_3" (
                instanceable = true
                prepend references = @assetLibrary.usda@</Assets/VillageBlock>
            )
            {
                double xformOp:rotateY = 123
                double3 xformOp:translate = (507.81772525183715, 88.41504422419878, -282.7527934370299)
                token[] xformOpOrder = ["xformOp:translate", "xformOp:rotateY"]
            }

            def Xform "Block_4" (
                instanceable = true
                prepend references = @assetLibrary.usda@</Assets/VillageBlock>
            )
            {
                double xformOp:rotateY = 164
                double3 xformOp:translate = (494.71889225211646, 108.69876166723807, -94.99562577400276)
                token[] xformOpOrder = ["xformOp:translate", "xformOp:rotateY"]
            }

            def Xform "Block_5" (
                instanceable = true
                prepend references = @assetLibrary.usda@</Assets/VillageBlock>
            )
            {
                double xformOp:rotateY = 205
                double3 xformOp:translate = (753.7062344685902, 18.968960314905612, -310.4443633719741)
                token[] xformOpOrder = ["xformOp:translate", "xformOp:rotateY"]
            }

            def Xform "Block_6" (
                instanceable = true
                prepend references = @assetLibrary.usda@</Assets/VillageBlock>
            )
            {
                double xformOp:rotateY = 246
                double3 xformOp:translate = (908.3728178957563, 0.04146797437647213, -365.1912822724421)
                token[] xformOpOrder = ["xformOp:translate", "xformOp:rotateY"]
            }

            def Xform "Block_7" (
                instanceable = true
                prepend references = @assetLibrary.usda@</Assets/VillageBlock>
            )
            {
                double xformOp:rotateY = 287
                double3 xformOp:translate = (701.9848270768506, 18.99432848575906, -422.6648171083494)
                token[] xformOpOrder = ["xformOp:translate", "xformOp:rotateY"]
            }

            def Xform "Block_8" (
                instanceable = true
                prepend references = @assetLibrary.usda@</Assets/VillageBlock>
            )
            {
                double xformOp:rotateY = 328
                double3 xformOp:translate = (521.2925474942449, 102.41043001894741, 56.90900651606603)
                token[] xformOpOrder = ["xformOp:translate", "xformOp:rotateY"]
            }

            def Xform "Block_9" (
                instanceable = true
                prepend references = @assetLibrary.usda@</Assets/VillageBlock>
            )
            {
                double xformOp:rotateY = 9
                double3 xformOp:translate = (570.2007043814663, 75.33378488040067, -239.99404329943027)
                token[] xformOpOrder = ["xformOp:translate", "xformOp:rotateY"]
            }

            def Xform "Block_10" (
                instanceable = true
                prepend references = @assetLibrary.usda@</Assets/VillageBlock>
            )
            {
                double xformOp:rotateY = 50
                double3 xformOp:translate = (911.0461836654874, 0.5305621198274422, 310.34079506450735)
                token[] xformOpOrder = ["xformOp:translate", "xformOp:rotateY"]
            }

            def Xform "Block_11" (
                instanceable = true
                prepend references = @assetLibrary.usda@</Assets/VillageBlock>
            )
            {
                double xformOp:rotateY = 91
                double3 xformOp:translate = (547.6980729752343, 74.2218726191923, 227.86140490770458)
                token[] xformOpOrder = ["xformOp:translate", "xformOp:rotateY"]
            }

            def Xform "Block_12" (
                instanceable = true
                prepend references = @assetLibrary.usda@</Assets/VillageBlock>
            )
            {
                double xformOp:rotateY = 132
                double3 xformOp:translate = (549.4933978719564, 58.085319684979666, 323.8125634901659)
                token[] xformOpOrder = ["xformOp:translate", "xformOp:rotateY"]
            }

            def Xform "Block_13" (
                instanceable = true
                prepend references = @assetLibrary.usda@</Assets/VillageBlock>
            )
            {
                double xformOp:rotateY = 173
                double3 xformOp:translate = (800.5616361161532, 5.228536358526482, -419.0727406620595)
                token[] xformOpOrder = ["xformOp:translate", "xformOp:rotateY"]
            }

            def Xform "Block_14" (
                instanceable = true
                prepend references = @assetLibrary.usda@</Assets/VillageBlock>
            )
            {
                double xformOp:rotateY = 214
                double3 xformOp:translate = (789.2582352829919, 9.511646210160757, 356.7590763170046)
                token[] xformOpOrder = ["xformOp:translate", "xformOp:rotateY"]
            }

            def Xform "Block_15" (
                instanceable = true
                prepend references = @assetLibrary.usda@</Assets/VillageBlock>
            )
            {
                double xformOp:rotateY = 255
                double3 xformOp:translate = (708.0086553421319, 13.50117338701272, 450.74738416096193)
                token[] xformOpOrder = ["xformOp:translate", "xformOp:rotateY"]
            }

            def Xform "Block_16" (
                instanceable = true
                prepend references = @assetLibrary.usda@</Assets/VillageBlock>
            )
            {
                double xformOp:rotateY = 296
                double3 xformOp:translate = (902.6601643388733, 0.019852159355864374, -396.4957798081649)
                token[] xformOpOrder = ["xformOp:translate", "xformOp:rotateY"]
            }

            def Xform "Block_17" (
                instanceable = true
                prepend references = @assetLibrary.usda@</Assets/VillageBlock>
            )
            {
                double xformOp:rotateY = 337
                double3 xformOp:translate = (730.8183341132808, 9.085227984356163, 446.3721681954843)
                token[] xformOpOrder = ["xformOp:translate", "xformOp:rotateY"]
            }

            def Xform "Block_18" (
                instanceable = true
                prepend references = @assetLibrary.usda@</Assets/VillageBlock>
            )
            {
                double xformOp:rotateY = 18
                double3 xformOp:translate = (574.803110610637, 76.81971276529148, -208.12956362811684)
                token[] xformOpOrder = ["xformOp:translate", "xformOp:rotateY"]
            }

            def Xform "Block_19" (
                instanceable = true
                prepend references = @assetLibrary.usda@</Assets/VillageBlock>
            )
            {
                double xformOp:rotateY = 59
                double3 xformOp:translate = (576.4202932177429, 68.76845065238057, 195.0159393271685)
                token[] xformOpOrder = ["xformOp:translate", "xformOp:rotateY"]
            }

            def Xform "Block_20" (
                instanceable = true
                prepend references = @assetLibrary.usda@</Assets/VillageBlock>
            )
            {
                double xformOp:rotateY = 100
                double3 xformOp:translate = (583.3658669084373, 69.86911973944595, 148.87203076593636)
                token[] xformOpOrder = ["xformOp:translate", "xformOp:rotateY"]
            }

            def Xform "Block_21" (
                instanceable = true
                prepend references = @assetLibrary.usda@</Assets/VillageBlock>
            )
            {
                double xformOp:rotateY = 141
                double3 xformOp:translate = (893.1384447110689, 0.4164456849685212, -354.6042733340177)
                token[] xformOpOrder = ["xformOp:translate", "xformOp:rotateY"]
            }

            def Xform "Block_22" (
                instanceable = true
                prepend references = @assetLibrary.usda@</Assets/VillageBlock>
            )
            {
                double xformOp:rotateY = 182
                double3 xformOp:translate = (579.0019326184266, 63.71037667707292, -309.6783280084181)
                token[] xformOpOrder = ["xformOp:translate", "xformOp:rotateY"]
            }

            def Xform "Block_23" (
                instanceable = true
                prepend references = @assetLibrary.usda@</Assets/VillageBlock>
            )
            {
                double xformOp:rotateY = 223
                double3 xformOp:translate = (523.607666546073, 77.68435478186582, 241.2641062582977)
                token[] xformOpOrder = ["xformOp:translate", "xformOp:rotateY"]
            }
        }

        def Xform "Market"
        {
            def Xform "Stall_0" (
                instanceable = true
                prepend references = @assetLibrary.usda@</Assets/MarketProp>
            )
            {
                double xformOp:rotateY = 0
                double3 xformOp:translate = (476.17426369475055, 116.14806313208408, 0.24384511650935972)
                token[] xformOpOrder = ["xformOp:translate", "xformOp:rotateY"]
            }

            def Xform "Stall_1" (
                instanceable = true
                prepend references = @assetLibrary.usda@</Assets/MarketProp>
            )
            {
                double xformOp:rotateY = 53
                double3 xformOp:translate = (532.5664607972601, 93.79556051458752, 113.76512030609472)
                token[] xformOpOrder = ["xformOp:translate", "xformOp:rotateY"]
            }

            def Xform "Stall_2" (
                instanceable = true
                prepend references = @assetLibrary.usda@</Assets/MarketProp>
            )
            {
                double xformOp:rotateY = 106
                double3 xformOp:translate = (834.1602931764583, 4.963369438809824, 335.3844687683875)
                token[] xformOpOrder = ["xformOp:translate", "xformOp:rotateY"]
            }

            def Xform "Stall_3" (
                instanceable = true
                prepend references = @assetLibrary.usda@</Assets/MarketProp>
            )
            {
                double xformOp:rotateY = 159
                double3 xformOp:translate = (663.4438536080547, 41.927762875300175, -265.7205715573753)
                token[] xformOpOrder = ["xformOp:translate", "xformOp:rotateY"]
            }

            def Xform "Stall_4" (
                instanceable = true
                prepend references = @assetLibrary.usda@</Assets/MarketProp>
            )
            {
                double xformOp:rotateY = 212
                double3 xformOp:translate = (615.4040686439838, 59.104949150739166, 200.28026673971158)
                token[] xformOpOrder = ["xformOp:translate", "xformOp:rotateY"]
            }

            def Xform "Stall_5" (
                instanceable = true
                prepend references = @assetLibrary.usda@</Assets/MarketProp>
            )
            {
                double xformOp:rotateY = 265
                double3 xformOp:translate = (885.0054409947029, 0.7245509542864215, 353.62389173769526)
                token[] xformOpOrder = ["xformOp:translate", "xformOp:rotateY"]
            }

            def Xform "Stall_6" (
                instanceable = true
                prepend references = @assetLibrary.usda@</Assets/MarketProp>
            )
            {
                double xformOp:rotateY = 318
                double3 xformOp:translate = (812.6454896564853, 9.180944522611554, -311.2309483487972)
                token[] xformOpOrder = ["xformOp:translate", "xformOp:rotateY"]
            }

            def Xform "Stall_7" (
                instanceable = true
                prepend references = @assetLibrary.usda@</Assets/MarketProp>
            )
            {
                double xformOp:rotateY = 11
                double3 xformOp:translate = (607.8866393851384, 59.87354291123769, -240.6154466048785)
                token[] xformOpOrder = ["xformOp:translate", "xformOp:rotateY"]
            }

            def Xform "Stall_8" (
                instanceable = true
                prepend references = @assetLibrary.usda@</Assets/MarketProp>
            )
            {
                double xformOp:rotateY = 64
                double3 xformOp:translate = (564.6042007230792, 89.15750774496121, 20.107396089781755)
                token[] xformOpOrder = ["xformOp:translate", "xformOp:rotateY"]
            }

            def Xform "Stall_9" (
                instanceable = true
                prepend references = @assetLibrary.usda@</Assets/MarketProp>
            )
            {
                double xformOp:rotateY = 117
                double3 xformOp:translate = (510.29979872933905, 105.08072804472769, -10.257472845596002)
                token[] xformOpOrder = ["xformOp:translate", "xformOp:rotateY"]
            }

            def Xform "Stall_10" (
                instanceable = true
                prepend references = @assetLibrary.usda@</Assets/MarketProp>
            )
            {
                double xformOp:rotateY = 170
                double3 xformOp:translate = (525.4764565764558, 88.10687959955783, 176.10479518981222)
                token[] xformOpOrder = ["xformOp:translate", "xformOp:rotateY"]
            }

            def Xform "Stall_11" (
                instanceable = true
                prepend references = @assetLibrary.usda@</Assets/MarketProp>
            )
            {
                double xformOp:rotateY = 223
                double3 xformOp:translate = (928.6240619751198, 0.356990572096187, 275.01454456012124)
                token[] xformOpOrder = ["xformOp:translate", "xformOp:rotateY"]
            }

            def Xform "Stall_12" (
                instanceable = true
                prepend references = @assetLibrary.usda@</Assets/MarketProp>
            )
            {
                double xformOp:rotateY = 276
                double3 xformOp:translate = (500.65104393685004, 109.03311534024814, 56.35431649972923)
                token[] xformOpOrder = ["xformOp:translate", "xformOp:rotateY"]
            }

            def Xform "Stall_13" (
                instanceable = true
                prepend references = @assetLibrary.usda@</Assets/MarketProp>
            )
            {
                double xformOp:rotateY = 329
                double3 xformOp:translate = (593.652277499524, 71.96062784499462, -213.80895828129601)
                token[] xformOpOrder = ["xformOp:translate", "xformOp:rotateY"]
            }

            def Xform "Stall_14" (
                instanceable = true
                prepend references = @assetLibrary.usda@</Assets/MarketProp>
            )
            {
                double xformOp:rotateY = 22
                double3 xformOp:translate = (555.8128373141988, 89.59007584623552, -119.53308976922251)
                token[] xformOpOrder = ["xformOp:translate", "xformOp:rotateY"]
            }

            def Xform "Stall_15" (
                instanceable = true
                prepend references = @assetLibrary.usda@</Assets/MarketProp>
            )
            {
                double xformOp:rotateY = 75
                double3 xformOp:translate = (807.410725738692, 7.239303808451848, -361.25090245596533)
                token[] xformOpOrder = ["xformOp:translate", "xformOp:rotateY"]
            }

            def Xform "Stall_16" (
                instanceable = true
                prepend references = @assetLibrary.usda@</Assets/MarketProp>
            )
            {
                double xformOp:rotateY = 128
                double3 xformOp:translate = (581.4445824687517, 82.71371273124598, -151.9717999213112)
                token[] xformOpOrder = ["xformOp:translate", "xformOp:rotateY"]
            }

            def Xform "Stall_17" (
                instanceable = true
                prepend references = @assetLibrary.usda@</Assets/MarketProp>
            )
            {
                double xformOp:rotateY = 181
                double3 xformOp:translate = (824.9464691243081, 7.55076654387951, -314.23781905473874)
                token[] xformOpOrder = ["xformOp:translate", "xformOp:rotateY"]
            }

            def Xform "Stall_18" (
                instanceable = true
                prepend references = @assetLibrary.usda@</Assets/MarketProp>
            )
            {
                double xformOp:rotateY = 234
                double3 xformOp:translate = (546.1570009401714, 94.90973694607692, -29.14431917486047)
                token[] xformOpOrder = ["xformOp:translate", "xformOp:rotateY"]
            }

            def Xform "Stall_19" (
                instanceable = true
                prepend references = @assetLibrary.usda@</Assets/MarketProp>
            )
            {
                double xformOp:rotateY = 287
                double3 xformOp:translate = (503.2734446631677, 109.65879528225251, 32.07031785418113)
                token[] xformOpOrder = ["xformOp:translate", "xformOp:rotateY"]
            }

            def Xform "Stall_20" (
                instanceable = true
                prepend references = @assetLibrary.usda@</Assets/MarketProp>
            )
            {
                double xformOp:rotateY = 340
                double3 xformOp:translate = (686.4520577800095, 27.880564101218184, 319.5275021468798)
                token[] xformOpOrder = ["xformOp:translate", "xformOp:rotateY"]
            }

            def Xform "Stall_21" (
                instanceable = true
                prepend references = @assetLibrary.usda@</Assets/MarketProp>
            )
            {
                double xformOp:rotateY = 33
                double3 xformOp:translate = (707.1470968037866, 31.734493834238414, 258.0071607478753)
                token[] xformOpOrder = ["xformOp:translate", "xformOp:rotateY"]
            }

            def Xform "Stall_22" (
                instanceable = true
                prepend references = @assetLibrary.usda@</Assets/MarketProp>
            )
            {
                double xformOp:rotateY = 86
                double3 xformOp:translate = (822.6110816048139, 5.413430439260495, -325.650511276486)
                token[] xformOpOrder = ["xformOp:translate", "xformOp:rotateY"]
            }

            def Xform "Stall_23" (
                instanceable = true
                prepend references = @assetLibrary.usda@</Assets/MarketProp>
            )
            {
                double xformOp:rotateY = 139
                double3 xformOp:translate = (807.9806945404569, 6.7962037652050435, -371.8773704095267)
                token[] xformOpOrder = ["xformOp:translate", "xformOp:rotateY"]
            }

            def Xform "Stall_24" (
                instanceable = true
                prepend references = @assetLibrary.usda@</Assets/MarketProp>
            )
            {
                double xformOp:rotateY = 192
                double3 xformOp:translate = (872.229955382478, 0.7319657086337246, -352.6190917429343)
                token[] xformOpOrder = ["xformOp:translate", "xformOp:rotateY"]
            }

            def Xform "Stall_25" (
                instanceable = true
                prepend references = @assetLibrary.usda@</Assets/MarketProp>
            )
            {
                double xformOp:rotateY = 245
                double3 xformOp:translate = (685.2796087588446, 32.490725813328076, 297.68261360391494)
                token[] xformOpOrder = ["xformOp:translate", "xformOp:rotateY"]
            }

            def Xform "Stall_26" (
                instanceable = true
                prepend references = @assetLibrary.usda@</Assets/MarketProp>
            )
            {
                double xformOp:rotateY = 298
                double3 xformOp:translate = (618.109905743855, 56.28353653511479, 236.7827030340616)
                token[] xformOpOrder = ["xformOp:translate", "xformOp:rotateY"]
            }

            def Xform "Stall_27" (
                instanceable = true
                prepend references = @assetLibrary.usda@</Assets/MarketProp>
            )
            {
                double xformOp:rotateY = 351
                double3 xformOp:translate = (734.7714255893013, 21.47164739349521, -292.6405545556526)
                token[] xformOpOrder = ["xformOp:translate", "xformOp:rotateY"]
            }

            def Xform "Stall_28" (
                instanceable = true
                prepend references = @assetLibrary.usda@</Assets/MarketProp>
            )
            {
                double xformOp:rotateY = 44
                double3 xformOp:translate = (913.4964487918908, 0.5183665542486001, -310.94392461971734)
                token[] xformOpOrder = ["xformOp:translate", "xformOp:rotateY"]
            }

            def Xform "Stall_29" (
                instanceable = true
                prepend references = @assetLibrary.usda@</Assets/MarketProp>
            )
            {
                double xformOp:rotateY = 97
                double3 xformOp:translate = (740.1412004570631, 17.829848975804286, -354.9386776491639)
                token[] xformOpOrder = ["xformOp:translate", "xformOp:rotateY"]
            }

            def Xform "Stall_30" (
                instanceable = true
                prepend references = @assetLibrary.usda@</Assets/MarketProp>
            )
            {
                double xformOp:rotateY = 150
                double3 xformOp:translate = (573.2405199318027, 74.32603758461413, 183.17344104083728)
                token[] xformOpOrder = ["xformOp:translate", "xformOp:rotateY"]
            }

            def Xform "Stall_31" (
                instanceable = true
                prepend references = @assetLibrary.usda@</Assets/MarketProp>
            )
            {
                double xformOp:rotateY = 203
                double3 xformOp:translate = (781.857101339255, 12.486359135861907, -333.8230943869549)
                token[] xformOpOrder = ["xformOp:translate", "xformOp:rotateY"]
            }

            def Xform "Stall_32" (
                instanceable = true
                prepend references = @assetLibrary.usda@</Assets/MarketProp>
            )
            {
                double xformOp:rotateY = 256
                double3 xformOp:translate = (607.7770002523462, 59.13966636207235, 156.98541389029458)
                token[] xformOpOrder = ["xformOp:translate", "xformOp:rotateY"]
            }

            def Xform "Stall_33" (
                instanceable = true
                prepend references = @assetLibrary.usda@</Assets/MarketProp>
            )
            {
                double xformOp:rotateY = 309
                double3 xformOp:translate = (820.0592518234091, 7.296034721540811, 320.57719304607195)
                token[] xformOpOrder = ["xformOp:translate", "xformOp:rotateY"]
            }

            def Xform "Stall_34" (
                instanceable = true
                prepend references = @assetLibrary.usda@</Assets/MarketProp>
            )
            {
                double xformOp:rotateY = 2
                double3 xformOp:translate = (703.3517440721104, 24.25231934530484, 329.94415406467647)
                token[] xformOpOrder = ["xformOp:translate", "xformOp:rotateY"]
            }

            def Xform "Stall_35" (
                instanceable = true
                prepend references = @assetLibrary.usda@</Assets/MarketProp>
            )
            {
                double xformOp:rotateY = 55
                double3 xformOp:translate = (791.0283848476319, 12.97905836512577, -301.99560243741803)
                token[] xformOpOrder = ["xformOp:translate", "xformOp:rotateY"]
            }

            def Xform "Stall_36" (
                instanceable = true
                prepend references = @assetLibrary.usda@</Assets/MarketProp>
            )
            {
                double xformOp:rotateY = 108
                double3 xformOp:translate = (593.8465440890932, 55.874875187149186, 261.85900934007617)
                token[] xformOpOrder = ["xformOp:translate", "xformOp:rotateY"]
            }

            def Xform "Stall_37" (
                instanceable = true
                prepend references = @assetLibrary.usda@</Assets/MarketProp>
            )
            {
                double xformOp:rotateY = 161
                double3 xformOp:translate = (896.3698146820943, 1.7475650772362201, 285.86414479461536)
                token[] xformOpOrder = ["xformOp:translate", "xformOp:rotateY"]
            }

            def Xform "Stall_38" (
                instanceable = true
                prepend references = @assetLibrary.usda@</Assets/MarketProp>
            )
            {
                double xformOp:rotateY = 214
                double3 xformOp:translate = (800.6329520356603, 9.388803383492451, -335.5525676365806)
                token[] xformOpOrder = ["xformOp:translate", "xformOp:rotateY"]
            }

            def Xform "Stall_39" (
                instanceable = true
                prepend references = @assetLibrary.usda@</Assets/MarketProp>
            )
            {
                double xformOp:rotateY = 267
                double3 xformOp:translate = (923.2177364798292, 0.5889573053443139, -278.1921535559588)
                token[] xformOpOrder = ["xformOp:translate", "xformOp:rotateY"]
            }

            def Xform "Stall_40" (
                instanceable = true
                prepend references = @assetLibrary.usda@</Assets/MarketProp>
            )
            {
                double xformOp:rotateY = 320
                double3 xformOp:translate = (742.1153710362769, 17.76261275061689, -353.25368477399894)
                token[] xformOpOrder = ["xformOp:translate", "xformOp:rotateY"]
            }

            def Xform "Stall_41" (
                instanceable = true
                prepend references = @assetLibrary.usda@</Assets/MarketProp>
            )
            {
                double xformOp:rotateY = 13
                double3 xformOp:translate = (615.2018025695152, 49.96186049416629, 267.5275981882051)
                token[] xformOpOrder = ["xformOp:translate", "xformOp:rotateY"]
            }

            def Xform "Stall_42" (
                instanceable = true
                prepend references = @assetLibrary.usda@</Assets/MarketProp>
            )
            {
                double xformOp:rotateY = 66
                double3 xformOp:translate = (734.3566195164002, 28.338692560622366, -264.6534691715169)
                token[] xformOpOrder = ["xformOp:translate", "xformOp:rotateY"]
            }

            def Xform "Stall_43" (
                instanceable = true
                prepend references = @assetLibrary.usda@</Assets/MarketProp>
            )
            {
                double xformOp:rotateY = 119
                double3 xformOp:translate = (561.5585877759086, 89.13142410835849, -38.82260063787669)
                token[] xformOpOrder = ["xformOp:translate", "xformOp:rotateY"]
            }

            def Xform "Stall_44" (
                instanceable = true
                prepend references = @assetLibrary.usda@</Assets/MarketProp>
            )
            {
                double xformOp:rotateY = 172
                double3 xformOp:translate = (551.1252777445496, 94.99993566564999, -0.9231472240998798)
                token[] xformOpOrder = ["xformOp:translate", "xformOp:rotateY"]
            }

            def Xform "Stall_45" (
                instanceable = true
                prepend references = @assetLibrary.usda@</Assets/MarketProp>
            )
            {
                double xformOp:rotateY = 225
                double3 xformOp:translate = (900.8791636316739, 1.3801877638417297, -299.550954414453)
                token[] xformOpOrder = ["xformOp:translate", "xformOp:rotateY"]
            }

            def Xform "Stall_46" (
                instanceable = true
                prepend references = @assetLibrary.usda@</Assets/MarketProp>
            )
            {
                double xformOp:rotateY = 278
                double3 xformOp:translate = (783.600851925943, 13.75008948803809, 300.30595834658186)
                token[] xformOpOrder = ["xformOp:translate", "xformOp:rotateY"]
            }

            def Xform "Stall_47" (
                instanceable = true
                prepend references = @assetLibrary.usda@</Assets/MarketProp>
            )
            {
                double xformOp:rotateY = 331
                double3 xformOp:translate = (786.0252355337363, 14.528283289298948, 291.8433142834797)
                token[] xformOpOrder = ["xformOp:translate", "xformOp:rotateY"]
            }

            def Xform "Stall_48" (
                instanceable = true
                prepend references = @assetLibrary.usda@</Assets/MarketProp>
            )
            {
                double xformOp:rotateY = 24
                double3 xformOp:translate = (600.6774857769758, 76.40848600531862, -155.66675072713792)
                token[] xformOpOrder = ["xformOp:translate", "xformOp:rotateY"]
            }

            def Xform "Stall_49" (
                instanceable = true
                prepend references = @assetLibrary.usda@</Assets/MarketProp>
            )
            {
                double xformOp:rotateY = 77
                double3 xformOp:translate = (900.8009208695448, 0.6955481710524043, -329.45103939416686)
                token[] xformOpOrder = ["xformOp:translate", "xformOp:rotateY"]
            }

            def Xform "Stall_50" (
                instanceable = true
                prepend references = @assetLibrary.usda@</Assets/MarketProp>
            )
            {
                double xformOp:rotateY = 130
                double3 xformOp:translate = (880.3884312361939, 2.644599573254413, -304.92459520017115)
                token[] xformOpOrder = ["xformOp:translate", "xformOp:rotateY"]
            }

            def Xform "Stall_51" (
                instanceable = true
                prepend references = @assetLibrary.usda@</Assets/MarketProp>
            )
            {
                double xformOp:rotateY = 183
                double3 xformOp:translate = (893.0183476713141, 1.2178198396615072, 316.29411250595297)
                token[] xformOpOrder = ["xformOp:translate", "xformOp:rotateY"]
            }

            def Xform "Stall_52" (
                instanceable = true
                prepend references = @assetLibrary.usda@</Assets/MarketProp>
            )
            {
                double xformOp:rotateY = 236
                double3 xformOp:translate = (676.8177922264501, 40.02724245765198, 245.6239033506973)
                token[] xformOpOrder = ["xformOp:translate", "xformOp:rotateY"]
            }

            def Xform "Stall_53" (
                instanceable = true
                prepend references = @assetLibrary.usda@</Assets/MarketProp>
            )
            {
                double xformOp:rotateY = 289
                double3 xformOp:translate = (524.2383727153681, 101.58804939905468, -77.72708131054769)
                token[] xformOpOrder = ["xformOp:translate", "xformOp:rotateY"]
            }

            def Xform "Stall_54" (
                instanceable = true
                prepend references = @assetLibrary.usda@</Assets/MarketProp>
            )
            {
                double xformOp:rotateY = 342
                double3 xformOp:translate = (559.1629918322931, 89.67488079396858, -141.71605356151542)
                token[] xformOpOrder = ["xformOp:translate", "xformOp:rotateY"]
            }

            def Xform "Stall_55" (
                instanceable = true
                prepend references = @assetLibrary.usda@</Assets/MarketProp>
            )
            {
                double xformOp:rotateY = 35
                double3 xformOp:translate = (713.637776647937, 33.69861768446721, -261.5769948859617)
                token[] xformOpOrder = ["xformOp:translate", "xformOp:rotateY"]
            }

            def Xform "Stall_56" (
                instanceable = true
                prepend references = @assetLibrary.usda@</Assets/MarketProp>
            )
            {
                double xformOp:rotateY = 88
                double3 xformOp:translate = (560.0205038366876, 85.5918202548084, 121.13785360292235)
                token[] xformOpOrder = ["xformOp:translate", "xformOp:rotateY"]
            }

            def Xform "Stall_57" (
                instanceable = true
                prepend references = @assetLibrary.usda@</Assets/MarketProp>
            )
            {
                double xformOp:rotateY = 141
                double3 xformOp:translate = (679.2950123940054, 44.44096062905305, -244.43659579258974)
                token[] xformOpOrder = ["xformOp:translate", "xformOp:rotateY"]
            }

            def Xform "Stall_58" (
                instanceable = true
                prepend references = @assetLibrary.usda@</Assets/MarketProp>
            )
            {
                double xformOp:rotateY = 194
                double3 xformOp:translate = (497.0532632696518, 111.76613425991792, 27.36900577952848)
                token[] xformOpOrder = ["xformOp:translate", "xformOp:rotateY"]
            }

            def Xform "Stall_59" (
                instanceable = true
                prepend references = @assetLibrary.usda@</Assets/MarketProp>
            )
            {
                double xformOp:rotateY = 247
                double3 xformOp:translate = (573.7102137459656, 84.01634926489547, 109.41697290915856)
                token[] xformOpOrder = ["xformOp:translate", "xformOp:rotateY"]
            }
        }

        def Scope "Docks"
        {
            def Xform "Dock_0" (
                instanceable = true
                prepend references = @assetLibrary.usda@</Assets/Dock>
            )
            {
                float xformOp:rotateY = 0
                double3 xformOp:translate = (1015, 0.5, 0)
                uniform token[] xformOpOrder = ["xformOp:translate", "xformOp:rotateY"]
            }

            def Xform "Dock_1" (
                instanceable = true
                prepend references = @assetLibrary.usda@</Assets/Dock>
            )
            {
                float xformOp:rotateY = 60
                double3 xformOp:translate = (932.5, 0.5, 142.89419162443238)
                uniform token[] xformOpOrder = ["xformOp:translate", "xformOp:rotateY"]
            }

            def Xform "Dock_2" (
                instanceable = true
                prepend references = @assetLibrary.usda@</Assets/Dock>
            )
            {
                float xformOp:rotateY = 120
                double3 xformOp:translate = (767.5, 0.5, 142.89419162443238)
                uniform token[] xformOpOrder = ["xformOp:translate", "xformOp:rotateY"]
            }

            def Xform "Dock_3" (
                instanceable = true
                prepend references = @assetLibrary.usda@</Assets/Dock>
            )
            {
                float xformOp:rotateY = 180
                double3 xformOp:translate = (685, 0.5, 2.0206672185931328e-14)
                uniform token[] xformOpOrder = ["xformOp:translate", "xformOp:rotateY"]
            }

            def Xform "Dock_4" (
                instanceable = true
                prepend references = @assetLibrary.usda@</Assets/Dock>
            )
            {
                float xformOp:rotateY = 240
                double3 xformOp:translate = (767.4999999999999, 0.5, -142.89419162443232)
                uniform token[] xformOpOrder = ["xformOp:translate", "xformOp:rotateY"]
            }

            def Xform "Dock_5" (
                instanceable = true
                prepend references = @assetLibrary.usda@</Assets/Dock>
            )
            {
                float xformOp:rotateY = 300
                double3 xformOp:translate = (932.5, 0.5, -142.89419162443238)
                uniform token[] xformOpOrder = ["xformOp:translate", "xformOp:rotateY"]
            }
        }

        def Scope "Boats"
        {
            def Xform "Boat_0" (
                instanceable = true
                prepend references = @assetLibrary.usda@</Assets/Boat>
            )
            {
                float xformOp:rotateY.timeSamples = {
                    0: 0,
                    1: 0.6540313,
                    2: 1.305262,
                    3: 1.9509032,
                    4: 2.5881906,
                    5: 3.2143946,
                    6: 3.8268344,
                    7: 4.422887,
                    8: 5,
                    9: 5.555702,
                    10: 6.087614,
                    11: 6.593458,
                    12: 7.071068,
                    13: 7.5183983,
                    14: 7.933533,
                    15: 8.314696,
                    16: 8.6602545,
                    17: 8.968727,
                    18: 9.238795,
                    19: 9.469301,
                    20: 9.659258,
                    21: 9.807853,
                    22: 9.914449,
                    23: 9.978589,
                    24: 10,
                    25: 9.978589,
                    26: 9.914449,
                    27: 9.807853,
                    28: 9.659258,
                    29: 9.469301,
                    30: 9.238795,
                    31: 8.968727,
                    32: 8.6602545,
                    33: 8.314696,
                    34: 7.933533,
                    35: 7.5183983,
                    36: 7.071068,
                    37: 6.593458,
                    38: 6.087614,
                    39: 5.555702,
                    40: 5,
                    41: 4.422887,
                    42: 3.8268344,
                    43: 3.2143946,
                    44: 2.5881906,
                    45: 1.9509032,
                    46: 1.305262,
                    47: 0.6540313,
                    48: 1.2246468e-15,
                    49: 359.34598,
                    50: 358.69473,
                    51: 358.0491,
                    52: 357.4118,
                    53: 356.7856,
                    54: 356.17316,
                    55: 355.57712,
                    56: 355,
                    57: 354.4443,
                    58: 353.91238,
                    59: 353.40656,
                    60: 352.92892,
                    61: 352.4816,
                    62: 352.06647,
                    63: 351.6853,
                    64: 351.33975,
                    65: 351.03128,
                    66: 350.7612,
                    67: 350.5307,
                    68: 350.34073,
                    69: 350.19214,
                    70: 350.08554,
                    71: 350.02142,
                    72: 350,
                    73: 350.02142,
                    74: 350.08554,
                    75: 350.19214,
                    76: 350.34073,
                    77: 350.5307,
                    78: 350.7612,
                    79: 351.03128,
                    80: 351.33975,
                    81: 351.6853,
                    82: 352.06647,
                    83: 352.4816,
                    84: 352.92892,
                    85: 353.40656,
                    86: 353.91238,
                    87: 354.4443,
                    88: 355,
                    89: 355.57712,
                    90: 356.17316,
                    91: 356.7856,
                    92: 357.4118,
                    93: 358.0491,
                    94: 358.69473,
                    95: 359.34598,
                }
                double3 xformOp:translate.timeSamples = {
                    0: (946.034770159645, 0.4, -156.41680307108865),
                    1: (946.0838487838777, 0.41962093876904294, -156.41680307108865),
                    2: (946.1328748534902, 0.4391578576660155, -156.41680307108865),
                    3: (946.1817958701392, 0.4585270966048385, -156.41680307108865),
                    4: (946.230559447975, 0.47764571353075624, -156.41680307108865),
                    5: (946.2791133697368, 0.4964318395909485, -156.41680307108865),
                    6: (946.3274056426692, 0.5148050297095269, -156.41680307108865),
                    7: (946.3753845541966, 0.5326866070657004, -156.41680307108865),
                    8: (946.4229987272987, 0.55, -156.41680307108865),
                    9: (946.4701971755267, 0.5666710699058807, -156.41680307108865),
                    10: (946.5169293575997, 0.5826284287026162, -156.41680307108865),
                    11: (946.5631452315268, 0.5978037445300206, -156.41680307108865),
                    12: (946.6087953081926, 0.6121320343559642, -156.41680307108865),
                    13: (946.6538307043515, 0.6255519422436933, -156.41680307108865),
                    14: (946.6982031949734, 0.6380060020873706, -156.41680307108865),
                    15: (946.7418652648839, 0.6494408836907636, -156.41680307108865),
                    16: (946.784770159645, 0.6598076211353316, -156.41680307108865),
                    17: (946.8268719356205, 0.6690618224598065, -156.41680307108865),
                    18: (946.8681255091743, 0.677163859753386, -156.41680307108865),
                    19: (946.9084867049467, 0.6840790388485316, -156.41680307108865),
                    20: (946.947912303158, 0.6897777478867205, -156.41680307108865),
                    21: (946.9863600858904, 0.6942355841209691, -156.41680307108865),
                    22: (947.0237888822951, 0.6974334584121431, -156.41680307108865),
                    23: (947.0601586126793, 0.699357676971581, -156.41680307108865),
                    24: (947.0954303314247, 0.7, -156.41680307108865),
                    25: (947.1295662686917, 0.699357676971581, -156.41680307108865),
                    26: (947.1625298708634, 0.6974334584121431, -156.41680307108865),
                    27: (947.1942858396891, 0.6942355841209691, -156.41680307108865),
                    28: (947.2248001700818, 0.6897777478867205, -156.41680307108865),
                    29: (947.2540401865324, 0.6840790388485317, -156.41680307108865),
                    30: (947.2819745780988, 0.677163859753386, -156.41680307108865),
                    31: (947.3085734319349, 0.6690618224598065, -156.41680307108865),
                    32: (947.3338082653216, 0.6598076211353316, -156.41680307108865),
                    33: (947.3576520561675, 0.6494408836907636, -156.41680307108865),
                    34: (947.3800792719439, 0.6380060020873706, -156.41680307108865),
                    35: (947.4010658970267, 0.6255519422436933, -156.41680307108865),
                    36: (947.4205894584119, 0.6121320343559643, -156.41680307108865),
                    37: (947.438629049781, 0.5978037445300207, -156.41680307108865),
                    38: (947.4551653538877, 0.5826284287026162, -156.41680307108865),
                    39: (947.4701806632432, 0.5666710699058808, -156.41680307108865),
                    40: (947.4836588990786, 0.55, -156.41680307108865),
                    41: (947.495585628561, 0.5326866070657006, -156.41680307108865),
                    42: (947.5059480802498, 0.514805029709527, -156.41680307108865),
                    43: (947.5147351577723, 0.49643183959094855, -156.41680307108865),
                    44: (947.5219374517056, 0.47764571353075636, -156.41680307108865),
                    45: (947.5275472496533, 0.4585270966048385, -156.41680307108865),
                    46: (947.5315585445029, 0.4391578576660156, -156.41680307108865),
                    47: (947.5339670408595, 0.41962093876904294, -156.41680307108865),
                    48: (947.534770159645, 0.4000000000000001, -156.41680307108865),
                    49: (947.5339670408595, 0.38037906123095716, -156.41680307108865),
                    50: (947.5315585445029, 0.3608421423339845, -156.41680307108865),
                    51: (947.5275472496533, 0.3414729033951617, -156.41680307108865),
                    52: (947.5219374517056, 0.3223542864692438, -156.41680307108865),
                    53: (947.5147351577723, 0.30356816040905155, -156.41680307108865),
                    54: (947.5059480802498, 0.28519497029047314, -156.41680307108865),
                    55: (947.495585628561, 0.26731339293429957, -156.41680307108865),
                    56: (947.4836588990786, 0.2500000000000001, -156.41680307108865),
                    57: (947.4701806632432, 0.23332893009411945, -156.41680307108865),
                    58: (947.4551653538877, 0.21737157129738383, -156.41680307108865),
                    59: (947.438629049781, 0.20219625546997938, -156.41680307108865),
                    60: (947.4205894584119, 0.18786796564403588, -156.41680307108865),
                    61: (947.4010658970267, 0.17444805775630684, -156.41680307108865),
                    62: (947.3800792719439, 0.16199399791262956, -156.41680307108865),
                    63: (947.3576520561675, 0.15055911630923646, -156.41680307108865),
                    64: (947.3338082653216, 0.1401923788646685, -156.41680307108865),
                    65: (947.3085734319349, 0.13093817754019355, -156.41680307108865),
                    66: (947.2819745780988, 0.12283614024661399, -156.41680307108865),
                    67: (947.2540401865324, 0.11592096115146838, -156.41680307108865),
                    68: (947.2248001700818, 0.11022225211327952, -156.41680307108865),
                    69: (947.1942858396891, 0.10576441587903096, -156.41680307108865),
                    70: (947.1625298708634, 0.10256654158785694, -156.41680307108865),
                    71: (947.1295662686917, 0.10064232302841897, -156.41680307108865),
                    72: (947.0954303314247, 0.10000000000000003, -156.41680307108865),
                    73: (947.0601586126793, 0.10064232302841897, -156.41680307108865),
                    74: (947.0237888822951, 0.10256654158785689, -156.41680307108865),
                    75: (946.9863600858904, 0.1057644158790309, -156.41680307108865),
                    76: (946.947912303158, 0.11022225211327952, -156.41680307108865),
                    77: (946.9084867049467, 0.11592096115146833, -156.41680307108865),
                    78: (946.8681255091743, 0.12283614024661393, -156.41680307108865),
                    79: (946.8268719356205, 0.1309381775401935, -156.41680307108865),
                    80: (946.784770159645, 0.14019237886466845, -156.41680307108865),
                    81: (946.7418652648839, 0.1505591163092364, -156.41680307108865),
                    82: (946.6982031949734, 0.1619939979126293, -156.41680307108865),
                    83: (946.6538307043515, 0.1744480577563069, -156.41680307108865),
                    84: (946.6087953081926, 0.1878679656440357, -156.41680307108865),
                    85: (946.5631452315268, 0.2021962554699794, -156.41680307108865),
                    86: (946.5169293575997, 0.21737157129738377, -156.41680307108865),
                    87: (946.4701971755267, 0.23332893009411915, -156.41680307108865),
                    88: (946.4229987272987, 0.2499999999999999, -156.41680307108865),
                    89: (946.3753845541966, 0.26731339293429957, -156.41680307108865),
                    90: (946.3274056426692, 0.28519497029047314, -156.41680307108865),
                    91: (946.2791133697368, 0.30356816040905144, -156.41680307108865),
                    92: (946.230559447975, 0.3223542864692436, -156.41680307108865),
                    93: (946.1817958701392, 0.3414729033951614, -156.41680307108865),
                    94: (946.1328748534902, 0.36084214233398454, -156.41680307108865),
                    95: (946.0838487838777, 0.38037906123095716, -156.41680307108865),
                }
                uniform token[] xformOpOrder = ["xformOp:translate", "xformOp:rotateY"]
            }

            def Xform "Boat_1" (
                instanceable = true
                prepend references = @assetLibrary.usda@</Assets/Boat>
            )
            {
                float xformOp:rotateY.timeSamples = {
                    0: 29,
                    1: 29.654032,
                    2: 30.305262,
                    3: 30.950903,
                    4: 31.58819,
                    5: 32.214394,
                    6: 32.826836,
                    7: 33.422886,
                    8: 34,
                    9: 34.555702,
                    10: 35.087616,
                    11: 35.593456,
                    12: 36.071068,
                    13: 36.5184,
                    14: 36.933533,
                    15: 37.314697,
                    16: 37.660255,
                    17: 37.968727,
                    18: 38.238796,
                    19: 38.469303,
                    20: 38.65926,
                    21: 38.807854,
                    22: 38.914448,
                    23: 38.97859,
                    24: 39,
                    25: 38.97859,
                    26: 38.914448,
                    27: 38.807854,
                    28: 38.65926,
                    29: 38.469303,
                    30: 38.238796,
                    31: 37.968727,
                    32: 37.660255,
                    33: 37.314697,
                    34: 36.933533,
                    35: 36.5184,
                    36: 36.071068,
                    37: 35.593456,
                    38: 35.087616,
                    39: 34.555702,
                    40: 34,
                    41: 33.422886,
                    42: 32.826836,
                    43: 32.214394,
                    44: 31.58819,
                    45: 30.950903,
                    46: 30.305262,
                    47: 29.654032,
                    48: 29,
                    49: 28.345968,
                    50: 27.694738,
                    51: 27.049097,
                    52: 26.41181,
                    53: 25.785604,
                    54: 25.173166,
                    55: 24.577112,
                    56: 24,
                    57: 23.444298,
                    58: 22.912386,
                    59: 22.406542,
                    60: 21.928932,
                    61: 21.481602,
                    62: 21.066467,
                    63: 20.685305,
                    64: 20.339746,
                    65: 20.031273,
                    66: 19.761204,
                    67: 19.530699,
                    68: 19.340742,
                    69: 19.192146,
                    70: 19.085552,
                    71: 19.02141,
                    72: 19,
                    73: 19.02141,
                    74: 19.085552,
                    75: 19.192146,
                    76: 19.340742,
                    77: 19.530699,
                    78: 19.761204,
                    79: 20.031273,
                    80: 20.339746,
                    81: 20.685305,
                    82: 21.066467,
                    83: 21.481602,
                    84: 21.928932,
                    85: 22.406542,
                    86: 22.912386,
                    87: 23.444298,
                    88: 24,
                    89: 24.577112,
                    90: 25.173166,
                    91: 25.785604,
                    92: 26.41181,
                    93: 27.049097,
                    94: 27.694738,
                    95: 28.345968,
                }
                double3 xformOp:translate.timeSamples = {
                    0: (968.7939673485587, 0.5168255026925952, 73.47224781337093),
                    1: (968.8419081127838, 0.534647451689526, 73.47224781337093),
                    2: (968.8894784306947, 0.5518928196268694, 73.47224781337093),
                    3: (968.936627362803, 0.5684877591915607, 73.47224781337093),
                    4: (968.9833044208517, 0.5843612083046824, 73.47224781337093),
                    5: (969.0294596218777, 0.5994451944201957, 73.47224781337093),
                    6: (969.0750435417356, 0.6136751255938185, 73.47224781337093),
                    7: (969.1200073680222, 0.6269900670756465, 73.47224781337093),
                    8: (969.1643029523465, 0.6393330022421075, 73.47224781337093),
                    9: (969.2078828618869, 0.6506510767498968, 73.47224781337093),
                    10: (969.2507004301849, 0.6608958248663898, 73.47224781337093),
                    11: (969.2927098071159, 0.6700233770073492, 73.47224781337093),
                    12: (969.3338660079869, 0.6779946475932199, 73.47224781337093),
                    13: (969.3741249617069, 0.6847755024195818, 73.47224781337093),
                    14: (969.4134435579803, 0.6903369048250526, 73.47224781337093),
                    15: (969.451779693469, 0.69465504003073, 73.47224781337093),
                    16: (969.489092316879, 0.6977114171187311, 73.47224781337093),
                    17: (969.5253414729187, 0.6994929482131416, 73.47224781337093),
                    18: (969.5604883450839, 0.6999920045243093, 73.47224781337093),
                    19: (969.5944952972234, 0.6992064490164938, 73.47224781337093),
                    20: (969.6273259138411, 0.6971396455589797, 73.47224781337093),
                    21: (969.6589450390904, 0.6938004445214738, 73.47224781337093),
                    22: (969.6893188144201, 0.6892031448754622, 73.47224781337093),
                    23: (969.7184147148307, 0.6833674329638193, 73.47224781337093),
                    24: (969.7462015837033, 0.6763182982008655, 73.47224781337093),
                    25: (969.7726496661627, 0.6680859260638587, 73.47224781337093),
                    26: (969.7977306409399, 0.6587055688341465, 73.47224781337093),
                    27: (969.8214176506987, 0.6482173946414849, 73.47224781337093),
                    28: (969.8436853307958, 0.6366663154579408, 73.47224781337093),
                    29: (969.8645098364417, 0.624101794777932, 73.47224781337093),
                    30: (969.8838688682341, 0.6105776358079507, 73.47224781337093),
                    31: (969.9017416960368, 0.5961517510729729, 73.47224781337093),
                    32: (969.9181091811782, 0.580885914426136, 73.47224781337093),
                    33: (969.9329537969453, 0.5648454965236155, 73.47224781337093),
                    34: (969.9462596473517, 0.5480991848974399, 73.47224781337093),
                    35: (969.9580124841593, 0.530718689824933, 73.47224781337093),
                    36: (969.9681997221364, 0.5127784372542974, 73.47224781337093),
                    37: (969.9768104525332, 0.4943552501012782, 73.47224781337093),
                    38: (969.983835454764, 0.4755280192816438, 73.47224781337093),
                    39: (969.9892672062804, 0.4563773658881729, 73.47224781337093),
                    40: (969.9930998906268, 0.43698529595875807, 73.47224781337093),
                    41: (969.9953294036688, 0.41743484931396213, 73.47224781337093),
                    42: (969.9959533579881, 0.3978097439677568, 73.47224781337093),
                    43: (969.9949710854388, 0.37819401763413596, 73.47224781337093),
                    44: (969.9923836378628, 0.358671667864721, 73.47224781337093),
                    45: (969.9881937859639, 0.33932629235835016, 73.47224781337093),
                    46: (969.9824060163404, 0.3202407309828982, 73.47224781337093),
                    47: (969.975026526681, 0.3014967110422429, 73.47224781337093),
                    48: (969.9660632191279, 0.28317449730740496, 73.47224781337093),
                    49: (969.9555256918156, 0.2653525483104741, 73.47224781337093),
                    50: (969.9434252285922, 0.2481071803731306, 73.47224781337093),
                    51: (969.9297747869367, 0.23151224080843943, 73.47224781337093),
                    52: (969.914588984084, 0.21563879169531772, 73.47224781337093),
                    53: (969.8978840813722, 0.20055480557980437, 73.47224781337093),
                    54: (969.8796779668295, 0.18632487440618156, 73.47224781337093),
                    55: (969.8599901360194, 0.1730099329243535, 73.47224781337093),
                    56: (969.8388416711641, 0.1606669977578926, 73.47224781337093),
                    57: (969.8162552185697, 0.14934892325010324, 73.47224781337093),
                    58: (969.7922549643753, 0.13910417513361023, 73.47224781337093),
                    59: (969.766866608654, 0.129976622992651, 73.47224781337093),
                    60: (969.7401173378934, 0.12200535240678018, 73.47224781337093),
                    61: (969.7120357958823, 0.1152244975804182, 73.47224781337093),
                    62: (969.6826520530395, 0.10966309517494743, 73.47224781337093),
                    63: (969.6519975742127, 0.10534495996927001, 73.47224781337093),
                    64: (969.6201051849856, 0.10228858288126896, 73.47224781337093),
                    65: (969.5870090365275, 0.10050705178685854, 73.47224781337093),
                    66: (969.552744569023, 0.10000799547569073, 73.47224781337093),
                    67: (969.5173484737223, 0.1007935509835064, 73.47224781337093),
                    68: (969.4808586536508, 0.10286035444102043, 73.47224781337093),
                    69: (969.4433141830216, 0.10619955547852628, 73.47224781337093),
                    70: (969.4047552653944, 0.11079685512453791, 73.47224781337093),
                    71: (969.3652231906241, 0.11663256703618086, 73.47224781337093),
                    72: (969.3247602906464, 0.12368170179913451, 73.47224781337093),
                    73: (969.283409894148, 0.13191407393614119, 73.47224781337093),
                    74: (969.2412162801693, 0.14129443116585355, 73.47224781337093),
                    75: (969.198224630689, 0.15178260535851523, 73.47224781337093),
                    76: (969.154480982242, 0.16333368454205924, 73.47224781337093),
                    77: (969.110032176623, 0.17589820522206812, 73.47224781337093),
                    78: (969.0649258107262, 0.18942236419204933, 73.47224781337093),
                    79: (969.019210185578, 0.2038482489270272, 73.47224781337093),
                    80: (968.9729342546149, 0.21911408557386422, 73.47224781337093),
                    81: (968.926147571263, 0.2351545034763845, 73.47224781337093),
                    82: (968.8789002358743, 0.25190081510255996, 73.47224781337093),
                    83: (968.8312428420794, 0.26928131017506723, 73.47224781337093),
                    84: (968.783226422609, 0.28722156274570276, 73.47224781337093),
                    85: (968.7349023946479, 0.3056447498987221, 73.47224781337093),
                    86: (968.6863225047755, 0.32447198071835637, 73.47224781337093),
                    87: (968.6375387735548, 0.34362263411182714, 73.47224781337093),
                    88: (968.5886034398269, 0.3630147040412419, 73.47224781337093),
                    89: (968.5395689047731, 0.38256515068603814, 73.47224781337093),
                    90: (968.4904876758014, 0.40219025603224345, 73.47224781337093),
                    91: (968.4414123103215, 0.4218059823658642, 73.47224781337093),
                    92: (968.3923953594636, 0.441328332135279, 73.47224781337093),
                    93: (968.3434893118068, 0.46067370764164983, 73.47224781337093),
                    94: (968.2947465371716, 0.4797592690171021, 73.47224781337093),
                    95: (968.246219230542, 0.49850328895775736, 73.47224781337093),
                }
                uniform token[] xformOpOrder = ["xformOp:translate", "xformOp:rotateY"]
            }

            def Xform "Boat_2" (
                instanceable = true
                prepend references = @assetLibrary.usda@</Assets/Boat>
            )
            {
                float xformOp:rotateY.timeSamples = {
                    0: 58,
                    1: 58.65403,
                    2: 59.305264,
                    3: 59.950905,
                    4: 60.588192,
                    5: 61.214394,
                    6: 61.826836,
                    7: 62.422886,
                    8: 63,
                    9: 63.555702,
                    10: 64.087616,
                    11: 64.59346,
                    12: 65.07107,
                    13: 65.518394,
                    14: 65.93353,
                    15: 66.3147,
                    16: 66.660255,
                    17: 66.96873,
                    18: 67.23879,
                    19: 67.4693,
                    20: 67.659256,
                    21: 67.80785,
                    22: 67.91445,
                    23: 67.97859,
                    24: 68,
                    25: 67.97859,
                    26: 67.91445,
                    27: 67.80785,
                    28: 67.659256,
                    29: 67.4693,
                    30: 67.23879,
                    31: 66.96873,
                    32: 66.660255,
                    33: 66.3147,
                    34: 65.93353,
                    35: 65.518394,
                    36: 65.07107,
                    37: 64.59346,
                    38: 64.087616,
                    39: 63.555702,
                    40: 63,
                    41: 62.422886,
                    42: 61.826836,
                    43: 61.214394,
                    44: 60.588192,
                    45: 59.950905,
                    46: 59.305264,
                    47: 58.65403,
                    48: 58,
                    49: 57.34597,
                    50: 56.694736,
                    51: 56.049095,
                    52: 55.411808,
                    53: 54.785606,
                    54: 54.173164,
                    55: 53.577114,
                    56: 53,
                    57: 52.444298,
                    58: 51.912384,
                    59: 51.406544,
                    60: 50.928932,
                    61: 50.4816,
                    62: 50.066467,
                    63: 49.685303,
                    64: 49.339745,
                    65: 49.031273,
                    66: 48.761204,
                    67: 48.530697,
                    68: 48.34074,
                    69: 48.192146,
                    70: 48.085552,
                    71: 48.02141,
                    72: 48,
                    73: 48.02141,
                    74: 48.085552,
                    75: 48.192146,
                    76: 48.34074,
                    77: 48.530697,
                    78: 48.761204,
                    79: 49.031273,
                    80: 49.339745,
                    81: 49.685303,
                    82: 50.066467,
                    83: 50.4816,
                    84: 50.928932,
                    85: 51.406544,
                    86: 51.912384,
                    87: 52.444298,
                    88: 53,
                    89: 53.577114,
                    90: 54.173164,
                    91: 54.785606,
                    92: 55.411808,
                    93: 56.049095,
                    94: 56.694736,
                    95: 57.34597,
                }
                double3 xformOp:translate.timeSamples = {
                    0: (822.8158995777051, 0.6152068272698569, -86.57565903659184),
                    1: (822.860791234939, 0.6284160926171776, -86.57565903659184),
                    2: (822.9050093226898, 0.6406472451888351, -86.57565903659184),
                    3: (822.9485064911214, 0.6518479093117568, -86.57565903659184),
                    4: (822.9912361623765, 0.6619701220226111, -86.57565903659184),
                    5: (823.0331525804528, 0.6709705384525798, -86.57565903659184),
                    6: (823.0742108602, 0.6788106174367406, -86.57565903659184),
                    7: (823.1143670353836, 0.6854567865532527, -86.57565903659184),
                    8: (823.1535781057655, 0.6908805858856205, -86.57565903659184),
                    9: (823.1918020831495, 0.6950587898924262, -86.57565903659184),
                    10: (823.2289980363431, 0.6979735068626629, -86.57565903659184),
                    11: (823.265126134988, 0.6996122555307888, -86.57565903659184),
                    12: (823.3001476922112, 0.6999680185234215, -86.57565903659184),
                    13: (823.3340252060522, 0.6990392724088088, -86.57565903659184),
                    14: (823.3667223996204, 0.6968299942203975, -86.57565903659184),
                    15: (823.3982042599421, 0.6933496444265645, -86.57565903659184),
                    16: (823.4284370754526, 0.6886131264194404, -86.57565903659184),
                    17: (823.4573884720961, 0.6826407226962949, -86.57565903659184),
                    18: (823.4850274479916, 0.6754580080067707, -86.57565903659184),
                    19: (823.5113244066316, 0.6670957398378787, -86.57565903659184),
                    20: (823.536251188574, 0.657589726705717, -86.57565903659184),
                    21: (823.5597811015966, 0.6469806748179072, -86.57565903659184),
                    22: (823.5818889492789, 0.635314013763364, -86.57565903659184),
                    23: (823.602551057984, 0.6226397019758215, -86.57565903659184),
                    24: (823.6217453022082, 0.6090120128041497, -86.57565903659184),
                    25: (823.6394511282742, 0.5944893021055424, -86.57565903659184),
                    26: (823.65564957634, 0.5791337583567784, -86.57565903659184),
                    27: (823.6703233007016, 0.5630111363536159, -86.57565903659184),
                    28: (823.6834565883674, 0.5461904756386622, -86.57565903659184),
                    29: (823.695035375884, 0.5287438048634535, -86.57565903659184),
                    30: (823.7050472643958, 0.5107458333507111, -86.57565903659184),
                    31: (823.7134815329217, 0.4922736311775513, -86.57565903659184),
                    32: (823.7203291498358, 0.47340629914958354, -86.57565903659184),
                    33: (823.7255827825384, 0.4542246300791172, -86.57565903659184),
                    34: (823.7292368053079, 0.4348107628179356, -86.57565903659184),
                    35: (823.7312873053252, 0.4152478305261219, -86.57565903659184),
                    36: (823.7317320868636, 0.39561960468310603, -86.57565903659184),
                    37: (823.73057067364, 0.3760101363653274, -86.57565903659184),
                    38: (823.7278043093246, 0.3565033963266235, -86.57565903659184),
                    39: (823.7234359562096, 0.33718291542256884, -86.57565903659184),
                    40: (823.717470292037, 0.318131426918529, -86.57565903659184),
                    41: (823.7099137049894, 0.29943051221311634, -86.57565903659184),
                    42: (823.7007742868495, 0.2811602514941155, -86.57565903659184),
                    43: (823.6900618243351, 0.26339888082282714, -86.57565903659184),
                    44: (823.6777877886194, 0.24622245711524063, -86.57565903659184),
                    45: (823.6639653230474, 0.2297045324546445, -86.57565903659184),
                    46: (823.6486092290612, 0.21391583913031362, -86.57565903659184),
                    47: (823.6317359503511, 0.19892398675098663, -86.57565903659184),
                    48: (823.6133635552465, 0.18479317273014326, -86.57565903659184),
                    49: (823.5935117173682, 0.17158390738282245, -86.57565903659184),
                    50: (823.5722016945614, 0.15935275481116487, -86.57565903659184),
                    51: (823.5494563061325, 0.14815209068824325, -86.57565903659184),
                    52: (823.5252999084129, 0.13802987797738892, -86.57565903659184),
                    53: (823.4997583686784, 0.1290294615474203, -86.57565903659184),
                    54: (823.4728590374496, 0.1211893825632594, -86.57565903659184),
                    55: (823.4446307192039, 0.11454321344674734, -86.57565903659184),
                    56: (823.4151036415318, 0.10911941411437953, -86.57565903659184),
                    57: (823.3843094227675, 0.1049412101075739, -86.57565903659184),
                    58: (823.3522810381318, 0.10202649313733714, -86.57565903659184),
                    59: (823.3190527844212, 0.10038774446921123, -86.57565903659184),
                    60: (823.2846602432819, 0.10003198147657855, -86.57565903659184),
                    61: (823.2491402431085, 0.10096072759119118, -86.57565903659184),
                    62: (823.212530819607, 0.10317000577960256, -86.57565903659184),
                    63: (823.1748711750648, 0.10665035557343544, -86.57565903659184),
                    64: (823.1362016363728, 0.11138687358055965, -86.57565903659184),
                    65: (823.0965636118415, 0.11735927730370516, -86.57565903659184),
                    66: (823.0559995468602, 0.1245419919932294, -86.57565903659184),
                    67: (823.014552878446, 0.13290426016212126, -86.57565903659184),
                    68: (822.9722679887293, 0.14241027329428302, -86.57565903659184),
                    69: (822.9291901574294, 0.1530193251820928, -86.57565903659184),
                    70: (822.8853655133668, 0.164685986236636, -86.57565903659184),
                    71: (822.8408409850682, 0.17736029802417858, -86.57565903659184),
                    72: (822.7956642505136, 0.1909879871958503, -86.57565903659184),
                    73: (822.7498836860821, 0.2055106978944574, -86.57565903659184),
                    74: (822.7035483147486, 0.22086624164322144, -86.57565903659184),
                    75: (822.6567077535892, 0.23698886364638416, -86.57565903659184),
                    76: (822.6094121606503, 0.25380952436133775, -86.57565903659184),
                    77: (822.5617121812373, 0.2712561951365465, -86.57565903659184),
                    78: (822.513658893683, 0.28925416664928877, -86.57565903659184),
                    79: (822.4653037546511, 0.3077263688224487, -86.57565903659184),
                    80: (822.416698544036, 0.3265937008504165, -86.57565903659184),
                    81: (822.3678953095142, 0.3457753699208826, -86.57565903659184),
                    82: (822.318946310812, 0.36518923718206414, -86.57565903659184),
                    83: (822.269903963743, 0.38475216947387814, -86.57565903659184),
                    84: (822.220820784081, 0.40438039531689396, -86.57565903659184),
                    85: (822.171749331324, 0.42398986363467267, -86.57565903659184),
                    86: (822.1227421524128, 0.4434966036733765, -86.57565903659184),
                    87: (822.0738517254622, 0.46281708457743087, -86.57565903659184),
                    88: (822.0251304035658, 0.4818685730814707, -86.57565903659184),
                    89: (821.9766303587354, 0.5005694877868837, -86.57565903659184),
                    90: (821.9284035260339, 0.5188397485058845, -86.57565903659184),
                    91: (821.8805015479617, 0.5366011191771728, -86.57565903659184),
                    92: (821.8329757191566, 0.5537775428847591, -86.57565903659184),
                    93: (821.7858769314666, 0.5702954675453553, -86.57565903659184),
                    94: (821.7392556194534, 0.5860841608696864, -86.57565903659184),
                    95: (821.6931617063854, 0.6010760132490134, -86.57565903659184),
                }
                uniform token[] xformOpOrder = ["xformOp:translate", "xformOp:rotateY"]
            }

            def Xform "Boat_3" (
                instanceable = true
                prepend references = @assetLibrary.usda@</Assets/Boat>
            )
            {
                float xformOp:rotateY.timeSamples = {
                    0: 87,
                    1: 87.65403,
                    2: 88.30526,
                    3: 88.950905,
                    4: 89.58819,
                    5: 90.21439,
                    6: 90.826836,
                    7: 91.42289,
                    8: 92,
                    9: 92.5557,
                    10: 93.087616,
                    11: 93.59346,
                    12: 94.07107,
                    13: 94.518394,
                    14: 94.93353,
                    15: 95.3147,
                    16: 95.660255,
                    17: 95.96873,
                    18: 96.23879,
                    19: 96.4693,
                    20: 96.659256,
                    21: 96.80785,
                    22: 96.91445,
                    23: 96.97859,
                    24: 97,
                    25: 96.97859,
                    26: 96.91445,
                    27: 96.80785,
                    28: 96.659256,
                    29: 96.4693,
                    30: 96.23879,
                    31: 95.96873,
                    32: 95.660255,
                    33: 95.3147,
                    34: 94.93353,
                    35: 94.518394,
                    36: 94.07107,
                    37: 93.59346,
                    38: 93.087616,
                    39: 92.5557,
                    40: 92,
                    41: 91.42289,
                    42: 90.826836,
                    43: 90.21439,
                    44: 89.58819,
                    45: 88.950905,
                    46: 88.30526,
                    47: 87.65403,
                    48: 87,
                    49: 86.34597,
                    50: 85.69474,
                    51: 85.049095,
                    52: 84.41181,
                    53: 83.78561,
                    54: 83.173164,
                    55: 82.57711,
                    56: 82,
                    57: 81.4443,
                    58: 80.912384,
                    59: 80.40654,
                    60: 79.92893,
                    61: 79.481606,
                    62: 79.06647,
                    63: 78.6853,
                    64: 78.339745,
                    65: 78.03127,
                    66: 77.76121,
                    67: 77.5307,
                    68: 77.340744,
                    69: 77.19215,
                    70: 77.08555,
                    71: 77.02141,
                    72: 77,
                    73: 77.02141,
                    74: 77.08555,
                    75: 77.19215,
                    76: 77.340744,
                    77: 77.5307,
                    78: 77.76121,
                    79: 78.03127,
                    80: 78.339745,
                    81: 78.6853,
                    82: 79.06647,
                    83: 79.481606,
                    84: 79.92893,
                    85: 80.40654,
                    86: 80.912384,
                    87: 81.4443,
                    88: 82,
                    89: 82.57711,
                    90: 83.173164,
                    91: 83.78561,
                    92: 84.41181,
                    93: 85.049095,
                    94: 85.69474,
                    95: 86.34597,
                }
                double3 xformOp:translate.timeSamples = {
                    0: (885.5791554217045, 0.6796117257901679, 113.7629614718304),
                    1: (885.619208283237, 0.6861228549349394, 113.7629614718304),
                    2: (885.6583113052073, 0.6914087620884994, 113.7629614718304),
                    3: (885.69642261512, 0.6954468121849097, 113.7629614718304),
                    4: (885.7335014024299, 0.6982197136737243, 113.7629614718304),
                    5: (885.7695079622428, 0.6997155925650645, 113.7629614718304),
                    6: (885.8044037378326, 0.6999280432758663, 113.7629614718304),
                    7: (885.8381513619287, 0.6988561560595701, 113.7629614718304),
                    8: (885.8707146967299, 0.6965045209017949, 113.7629614718304),
                    9: (885.9020588726019, 0.6928832078653161, 113.7629614718304),
                    10: (885.9321503254158, 0.6880077239685098, 113.7629614718304),
                    11: (885.9609568324904, 0.6818989467819203, 113.7629614718304),
                    12: (885.9884475470964, 0.674583035027297, 113.7629614718304),
                    13: (886.014593031488, 0.6660913165619322, 113.7629614718304),
                    14: (886.0393652884255, 0.6564601542279672, 113.7629614718304),
                    15: (886.062737791156, 0.6457307901411189, 113.7629614718304),
                    16: (886.0846855118178, 0.6339491690856092, 113.7629614718304),
                    17: (886.1051849482421, 0.6211657417715448, 113.7629614718304),
                    18: (886.124214149119, 0.6074352487972323, 113.7629614718304),
                    19: (886.1417527375033, 0.5928164862415315, 113.7629614718304),
                    20: (886.1577819326355, 0.5773720538900187, 113.7629614718304),
                    21: (886.1722845700519, 0.561168087173096, 113.7629614718304),
                    22: (886.1852451199652, 0.5442739739639231, 113.7629614718304),
                    23: (886.1966497038936, 0.5267620574488933, 113.7629614718304),
                    24: (886.2064861095233, 0.5087073263430021, 113.7629614718304),
                    25: (886.2147438037847, 0.4901870937766577, 113.7629614718304),
                    26: (886.2214139441319, 0.47128066622898745, 113.7629614718304),
                    27: (886.2264893880116, 0.45206900392531746, 113.7629614718304),
                    28: (886.2299647005112, 0.4326343741530606, 113.7629614718304),
                    29: (886.2318361601793, 0.41305999898055984, 113.7629614718304),
                    30: (886.2321017630098, 0.393429698887417, 113.7629614718304),
                    31: (886.2307612245886, 0.37382753383232903, 113.7629614718304),
                    32: (886.227815980398, 0.3543374432954412, 113.7629614718304),
                    33: (886.2232691842789, 0.33504288683660544, 113.7629614718304),
                    34: (886.2171257050546, 0.3160264867087329, 113.7629614718304),
                    35: (886.2093921213168, 0.29736967405662185, 113.7629614718304),
                    36: (886.2000767143803, 0.2791523402162946, 113.7629614718304),
                    37: (886.1891894594164, 0.26145249460803144, 113.7629614718304),
                    38: (886.1767420147703, 0.2443459306880567, 113.7629614718304),
                    39: (886.1627477094775, 0.22790590138932318, 113.7629614718304),
                    40: (886.1472215289907, 0.2122028054412071, 113.7629614718304),
                    41: (886.1301800991328, 0.19730388591134185, 113.7629614718304),
                    42: (886.1116416682938, 0.18327294226047758, 113.7629614718304),
                    43: (886.0916260878897, 0.17017005714339725, 113.7629614718304),
                    44: (886.0701547911053, 0.15805133912576372, 113.7629614718304),
                    45: (886.0472507699432, 0.1469686824186277, 113.7629614718304),
                    46: (886.0229385506027, 0.13696954465944966, 113.7629614718304),
                    47: (885.9972441672173, 0.12809674369121005, 113.7629614718304),
                    48: (885.9701951339764, 0.12038827420983211, 113.7629614718304),
                    49: (885.9418204156623, 0.1138771450650608, 113.7629614718304),
                    50: (885.9121503966338, 0.10859123791150055, 113.7629614718304),
                    51: (885.8812168482908, 0.10455318781509038, 113.7629614718304),
                    52: (885.8490528950515, 0.10178028632627578, 113.7629614718304),
                    53: (885.8156929788826, 0.1002844074349355, 113.7629614718304),
                    54: (885.781172822418, 0.1000719567241336, 113.7629614718304),
                    55: (885.7455293907058, 0.10114384394042991, 113.7629614718304),
                    56: (885.7088008516254, 0.10349547909820511, 113.7629614718304),
                    57: (885.6710265350166, 0.10711679213468389, 113.7629614718304),
                    58: (885.6322468905636, 0.11199227603149015, 113.7629614718304),
                    59: (885.592503444481, 0.11810105321807968, 113.7629614718304),
                    60: (885.5518387550466, 0.1254169649727031, 113.7629614718304),
                    61: (885.510296367028, 0.13390868343806783, 113.7629614718304),
                    62: (885.4679207650549, 0.14353984577203277, 113.7629614718304),
                    63: (885.4247573259836, 0.15426920985888118, 113.7629614718304),
                    64: (885.3808522703054, 0.1660508309143909, 113.7629614718304),
                    65: (885.3362526126538, 0.17883425822845525, 113.7629614718304),
                    66: (885.2910061114593, 0.19256475120276775, 113.7629614718304),
                    67: (885.2451612178087, 0.20718351375846852, 113.7629614718304),
                    68: (885.1987670235623, 0.2226279461099813, 113.7629614718304),
                    69: (885.1518732087854, 0.238831912826904, 113.7629614718304),
                    70: (885.1045299885496, 0.25572602603607697, 113.7629614718304),
                    71: (885.0567880591607, 0.27323794255110695, 113.7629614718304),
                    72: (885.0086985438727, 0.29129267365699796, 113.7629614718304),
                    73: (884.9603129381428, 0.309812906223342, 113.7629614718304),
                    74: (884.9116830544898, 0.32871933377101253, 113.7629614718304),
                    75: (884.8628609670111, 0.34793099607468253, 113.7629614718304),
                    76: (884.8138989556209, 0.3673656258469394, 113.7629614718304),
                    77: (884.7648494500671, 0.3869400010194402, 113.7629614718304),
                    78: (884.7157649737891, 0.40657030111258297, 113.7629614718304),
                    79: (884.6666980876732, 0.426172466167671, 113.7629614718304),
                    80: (884.6177013337705, 0.44566255670455895, 113.7629614718304),
                    81: (884.5688271790319, 0.46495711316339444, 113.7629614718304),
                    82: (884.5201279591267, 0.48397351329126687, 113.7629614718304),
                    83: (884.4716558223993, 0.5026303259433783, 113.7629614718304),
                    84: (884.4234626740277, 0.5208476597837054, 113.7629614718304),
                    85: (884.3756001204424, 0.5385475053919686, 113.7629614718304),
                    86: (884.3281194140646, 0.5556540693119433, 113.7629614718304),
                    87: (884.2810713984239, 0.5720940986106767, 113.7629614718304),
                    88: (884.234506453714, 0.5877971945587928, 113.7629614718304),
                    89: (884.1884744428437, 0.6026961140886583, 113.7629614718304),
                    90: (884.1430246580436, 0.6167270577395225, 113.7629614718304),
                    91: (884.0982057680814, 0.6298299428566028, 113.7629614718304),
                    92: (884.0540657661472, 0.6419486608742363, 113.7629614718304),
                    93: (884.0106519184606, 0.6530313175813723, 113.7629614718304),
                    94: (883.968010713657, 0.6630304553405504, 113.7629614718304),
                    95: (883.9261878130068, 0.67190325630879, 113.7629614718304),
                }
                uniform token[] xformOpOrder = ["xformOp:translate", "xformOp:rotateY"]
            }

            def Xform "Boat_4" (
                instanceable = true
                prepend references = @assetLibrary.usda@</Assets/Boat>
            )
            {
                float xformOp:rotateY.timeSamples = {
                    0: 116,
                    1: 116.65403,
                    2: 117.30526,
                    3: 117.950905,
                    4: 118.58819,
                    5: 119.21439,
                    6: 119.826836,
                    7: 120.42289,
                    8: 121,
                    9: 121.5557,
                    10: 122.087616,
                    11: 122.59346,
                    12: 123.07107,
                    13: 123.518394,
                    14: 123.93353,
                    15: 124.3147,
                    16: 124.660255,
                    17: 124.96873,
                    18: 125.23879,
                    19: 125.4693,
                    20: 125.659256,
                    21: 125.80785,
                    22: 125.91445,
                    23: 125.97859,
                    24: 126,
                    25: 125.97859,
                    26: 125.91445,
                    27: 125.80785,
                    28: 125.659256,
                    29: 125.4693,
                    30: 125.23879,
                    31: 124.96873,
                    32: 124.660255,
                    33: 124.3147,
                    34: 123.93353,
                    35: 123.518394,
                    36: 123.07107,
                    37: 122.59346,
                    38: 122.087616,
                    39: 121.5557,
                    40: 121,
                    41: 120.42289,
                    42: 119.826836,
                    43: 119.21439,
                    44: 118.58819,
                    45: 117.950905,
                    46: 117.30526,
                    47: 116.65403,
                    48: 116,
                    49: 115.34597,
                    50: 114.69474,
                    51: 114.049095,
                    52: 113.41181,
                    53: 112.78561,
                    54: 112.173164,
                    55: 111.57711,
                    56: 111,
                    57: 110.4443,
                    58: 109.912384,
                    59: 109.40654,
                    60: 108.92893,
                    61: 108.481606,
                    62: 108.06647,
                    63: 107.6853,
                    64: 107.339745,
                    65: 107.03127,
                    66: 106.76121,
                    67: 106.5307,
                    68: 106.340744,
                    69: 106.19215,
                    70: 106.08555,
                    71: 106.02141,
                    72: 106,
                    73: 106.02141,
                    74: 106.08555,
                    75: 106.19215,
                    76: 106.340744,
                    77: 106.5307,
                    78: 106.76121,
                    79: 107.03127,
                    80: 107.339745,
                    81: 107.6853,
                    82: 108.06647,
                    83: 108.481606,
                    84: 108.92893,
                    85: 109.40654,
                    86: 109.912384,
                    87: 110.4443,
                    88: 111,
                    89: 111.57711,
                    90: 112.173164,
                    91: 112.78561,
                    92: 113.41181,
                    93: 114.049095,
                    94: 114.69474,
                    95: 115.34597,
                }
                double3 xformOp:translate.timeSamples = {
                    0: (839.6071428186274, 0.6998720809124516, -120.79677665486452),
                    1: (839.6407601032633, 0.6986571097294594, -120.79677665486452),
                    2: (839.673189145364, 0.6961632429519321, -120.79677665486452),
                    3: (839.7043952190987, 0.6924011597002764, -120.79677665486452),
                    4: (839.7343449082222, 0.6873869697925413, -120.79677665486452),
                    5: (839.7630061418572, 0.6811421447597044, -120.79677665486452),
                    6: (839.7903482288368, 0.673693425901279, -120.79677665486452),
                    7: (839.8163418905694, 0.6650727097749654, -120.79677665486452),
                    8: (839.8409592923911, 0.6553169116106924, -120.79677665486452),
                    9: (839.8641740733713, 0.6444678072339372, -120.79677665486452),
                    10: (839.8859613745409, 0.6325718541752257, -120.79677665486452),
                    11: (839.9062978655124, 0.6196799927318551, -120.79677665486452),
                    12: (839.9251617694617, 0.6058474278337208, -120.79677665486452),
                    13: (839.9425328864481, 0.5911333926473304, -120.79677665486452),
                    14: (839.9583926150443, 0.575600894930292, -120.79677665486452),
                    15: (839.9727239722557, 0.5593164472224221, -120.79677665486452),
                    16: (839.9855116117061, 0.5423497820288399, -120.79677665486452),
                    17: (839.9967418400709, 0.524773553214674, -120.79677665486452),
                    18: (840.0064026317402, 0.5066630248900587, -120.79677665486452),
                    19: (840.0144836416963, 0.4880957491176585, -120.79677665486452),
                    20: (840.0209762165914, 0.4691512338228311, -120.79677665486452),
                    21: (840.0258734040136, 0.4499106023284836, -120.79677665486452),
                    22: (840.029169959932, 0.43045624597255083, -120.79677665486452),
                    23: (840.0308623543119, 0.41087147129563534, -120.79677665486452),
                    24: (840.0309487748951, 0.3912401433096134, -120.79677665486452),
                    25: (840.0294291291403, 0.3716463263747774, -120.79677665486452),
                    26: (840.026305044322, 0.3521739242233396, -120.79677665486452),
                    27: (840.0215798657888, 0.3329063206707705, -120.79677665486452),
                    28: (840.01525865338, 0.3139260225534979, -120.79677665486452),
                    29: (840.0073481760082, 0.2953143064219688, -120.79677665486452),
                    30: (839.9978569044109, 0.2771508705019809, -120.79677665486452),
                    31: (839.9867950020791, 0.25951349341464497, -120.79677665486452),
                    32: (839.9741743143752, 0.24247770111638842, -120.79677665486452),
                    33: (839.9600083558477, 0.22611644348521465, -120.79677665486452),
                    34: (839.9443122957596, 0.21049978193812655, -120.79677665486452),
                    35: (839.9271029418452, 0.19569458941738213, -120.79677665486452),
                    36: (839.9083987223119, 0.18176426403028975, -120.79677665486452),
                    37: (839.8882196661064, 0.16876845756877937, -120.79677665486452),
                    38: (839.8665873814674, 0.15676282007127182, -120.79677665486452),
                    39: (839.8435250327873, 0.14579876152067012, -120.79677665486452),
                    40: (839.8190573158066, 0.135923231698921, -120.79677665486452),
                    41: (839.7932104311695, 0.12717851914084027, -120.79677665486452),
                    42: (839.7660120563676, 0.11960207004811407, -120.79677665486452),
                    43: (839.7374913161017, 0.11322632793891535, -120.79677665486452),
                    44: (839.7076787510948, 0.10807859471977715, -120.79677665486452),
                    45: (839.6766062853885, 0.10418091377463834, -120.79677665486452),
                    46: (839.6443071921572, 0.10154997557168893, -120.79677665486452),
                    47: (839.6108160580789, 0.10019704619222286, -120.79677665486452),
                    48: (839.5761687462988, 0.10012791908754848, -120.79677665486452),
                    49: (839.5404023580263, 0.10134289027054061, -120.79677665486452),
                    50: (839.5035551928057, 0.103836757048068, -120.79677665486452),
                    51: (839.4656667075046, 0.10759884029972366, -120.79677665486452),
                    52: (839.426777474062, 0.11261303020745872, -120.79677665486452),
                    53: (839.3869291360429, 0.11885785524029563, -120.79677665486452),
                    54: (839.3461643640461, 0.12630657409872098, -120.79677665486452),
                    55: (839.3045268100103, 0.13492729022503475, -120.79677665486452),
                    56: (839.2620610604714, 0.1446830883893076, -120.79677665486452),
                    57: (839.2188125888174, 0.15553219276606278, -120.79677665486452),
                    58: (839.1748277065954, 0.16742814582477433, -120.79677665486452),
                    59: (839.1301535139186, 0.1803200072681449, -120.79677665486452),
                    60: (839.0848378490316, 0.1941525721662791, -120.79677665486452),
                    61: (839.0389292370835, 0.20886660735266951, -120.79677665486452),
                    62: (838.9924768381658, 0.22439910506970792, -120.79677665486452),
                    63: (838.9455303946708, 0.24068355277757786, -120.79677665486452),
                    64: (838.898140178026, 0.25765021797116017, -120.79677665486452),
                    65: (838.8503569348624, 0.2752264467853261, -120.79677665486452),
                    66: (838.8022318326737, 0.2933369751099416, -120.79677665486452),
                    67: (838.7538164050245, 0.3119042508823414, -120.79677665486452),
                    68: (838.7051624963677, 0.3308487661771689, -120.79677665486452),
                    69: (838.6563222065272, 0.35008939767151637, -120.79677665486452),
                    70: (838.6073478349086, 0.36954375402744943, -120.79677665486452),
                    71: (838.5582918244959, 0.389128528704365, -120.79677665486452),
                    72: (838.5092067056936, 0.4087598566903865, -120.79677665486452),
                    73: (838.4601450400763, 0.42835367362522264, -120.79677665486452),
                    74: (838.4111593641047, 0.4478260757766604, -120.79677665486452),
                    75: (838.3623021328673, 0.4670936793292298, -120.79677665486452),
                    76: (838.3136256639111, 0.4860739774465018, -120.79677665486452),
                    77: (838.2651820812184, 0.5046856935780311, -120.79677665486452),
                    78: (838.2170232593909, 0.5228491294980191, -120.79677665486452),
                    79: (838.1692007681012, 0.5404865065853551, -120.79677665486452),
                    80: (838.1217658168707, 0.5575222988836118, -120.79677665486452),
                    81: (838.0747692002334, 0.5738835565147852, -120.79677665486452),
                    82: (838.0282612433436, 0.5895002180618734, -120.79677665486452),
                    83: (837.9822917480864, 0.6043054105826179, -120.79677665486452),
                    84: (837.9369099397486, 0.6182357359697104, -120.79677665486452),
                    85: (837.8921644143074, 0.6312315424312208, -120.79677665486452),
                    86: (837.8481030863921, 0.6432371799287282, -120.79677665486452),
                    87: (837.8047731379764, 0.6542012384793299, -120.79677665486452),
                    88: (837.7622209678542, 0.6640767683010791, -120.79677665486452),
                    89: (837.7204921419552, 0.6728214808591599, -120.79677665486452),
                    90: (837.6796313445512, 0.6803979299518861, -120.79677665486452),
                    91: (837.6396823304077, 0.6867736720610846, -120.79677665486452),
                    92: (837.6006878779297, 0.691921405280223, -120.79677665486452),
                    93: (837.5626897433533, 0.6958190862253617, -120.79677665486452),
                    94: (837.525728616033, 0.6984500244283112, -120.79677665486452),
                    95: (837.4898440748697, 0.6998029538077772, -120.79677665486452),
                }
                uniform token[] xformOpOrder = ["xformOp:translate", "xformOp:rotateY"]
            }

            def Xform "Boat_5" (
                instanceable = true
                prepend references = @assetLibrary.usda@</Assets/Boat>
            )
            {
                float xformOp:rotateY.timeSamples = {
                    0: 145,
                    1: 145.65404,
                    2: 146.30527,
                    3: 146.9509,
                    4: 147.5882,
                    5: 148.2144,
                    6: 148.82683,
                    7: 149.42288,
                    8: 150,
                    9: 150.55571,
                    10: 151.08762,
                    11: 151.59346,
                    12: 152.07108,
                    13: 152.5184,
                    14: 152.93353,
                    15: 153.3147,
                    16: 153.66025,
                    17: 153.96873,
                    18: 154.2388,
                    19: 154.4693,
                    20: 154.65926,
                    21: 154.80785,
                    22: 154.91444,
                    23: 154.97859,
                    24: 155,
                    25: 154.97859,
                    26: 154.91444,
                    27: 154.80785,
                    28: 154.65926,
                    29: 154.4693,
                    30: 154.2388,
                    31: 153.96873,
                    32: 153.66025,
                    33: 153.3147,
                    34: 152.93353,
                    35: 152.5184,
                    36: 152.07108,
                    37: 151.59346,
                    38: 151.08762,
                    39: 150.55571,
                    40: 150,
                    41: 149.42288,
                    42: 148.82683,
                    43: 148.2144,
                    44: 147.5882,
                    45: 146.9509,
                    46: 146.30527,
                    47: 145.65404,
                    48: 145,
                    49: 144.34596,
                    50: 143.69473,
                    51: 143.0491,
                    52: 142.4118,
                    53: 141.7856,
                    54: 141.17317,
                    55: 140.57712,
                    56: 140,
                    57: 139.44429,
                    58: 138.91238,
                    59: 138.40654,
                    60: 137.92892,
                    61: 137.4816,
                    62: 137.06647,
                    63: 136.6853,
                    64: 136.33975,
                    65: 136.03127,
                    66: 135.7612,
                    67: 135.5307,
                    68: 135.34074,
                    69: 135.19215,
                    70: 135.08556,
                    71: 135.02141,
                    72: 135,
                    73: 135.02141,
                    74: 135.08556,
                    75: 135.19215,
                    76: 135.34074,
                    77: 135.5307,
                    78: 135.7612,
                    79: 136.03127,
                    80: 136.33975,
                    81: 136.6853,
                    82: 137.06647,
                    83: 137.4816,
                    84: 137.92892,
                    85: 138.40654,
                    86: 138.91238,
                    87: 139.44429,
                    88: 140,
                    89: 140.57712,
                    90: 141.17317,
                    91: 141.7856,
                    92: 142.4118,
                    93: 143.0491,
                    94: 143.69473,
                    95: 144.34596,
                }
                double3 xformOp:translate.timeSamples = {
                    0: (835.5833924551089, 0.6727892280477046, -25.38047440180695),
                    1: (835.6092339477952, 0.6640399737719499, -25.38047440180695),
                    2: (835.6336961664534, 0.6541600597923496, -25.38047440180695),
                    3: (835.6567529163269, 0.6431917934173561, -25.38047440180695),
                    4: (835.6783795076705, 0.6311821424474662, -25.38047440180695),
                    5: (835.6985527821882, 0.618182534051888, -25.38047440180695),
                    6: (835.7172511378328, 0.6042486345495077, -25.38047440180695),
                    7: (835.7344545519364, 0.5894401110371655, -25.38047440180695),
                    8: (835.7501446026525, 0.5738203758859873, -25.38047440180695),
                    9: (835.7643044886817, 0.5574563151998757, -25.38047440180695),
                    10: (835.7769190472633, 0.5404180023989448, -25.38047440180695),
                    11: (835.7879747704121, 0.5227783981543778, -25.38047440180695),
                    12: (835.7974598193828, 0.5046130379596312, -25.38047440180695),
                    13: (835.8053640373474, 0.4859997086758556, -25.38047440180695),
                    14: (835.8116789602714, 0.46701811543661464, -25.38047440180695),
                    15: (835.8163978259771, 0.44774954033826575, -25.38047440180695),
                    16: (835.8195155813848, 0.42827649437754567, -25.38047440180695),
                    17: (835.8210288879242, 0.40868236412681436, -25.38047440180695),
                    18: (835.8209361251083, 0.3890510546599514, -25.38047440180695),
                    19: (835.8192373922703, 0.3694666302579472, -25.38047440180695),
                    20: (835.8159345084557, 0.3500129544327465, -25.38047440180695),
                    21: (835.8110310104753, 0.33077333081081595, -25.38047440180695),
                    22: (835.8045321491173, 0.3118301464142248, -25.38047440180695),
                    23: (835.7964448835254, 0.29326451886677035, -25.38047440180695),
                    24: (835.7867778737462, 0.27515594903585733, -25.38047440180695),
                    25: (835.7755414714559, 0.2575819805975802, -25.38047440180695),
                    26: (835.7627477088754, 0.24061786798279652, -25.38047440180695),
                    27: (835.7484102858862, 0.22433625412610037, -25.38047440180695),
                    28: (835.7325445553599, 0.20880685939762533, -25.38047440180695),
                    29: (835.7151675067182, 0.19409618304971446, -25.38047440180695),
                    30: (835.69629774774, 0.18026721845691393, -25.38047440180695),
                    31: (835.6759554846359, 0.16737918336867105, -25.38047440180695),
                    32: (835.6541625004106, 0.15548726632984117, -25.38047440180695),
                    33: (835.6309421315376, 0.14464239035486454, -25.38047440180695),
                    34: (835.6063192429696, 0.1348909948676018, -25.38047440180695),
                    35: (835.5803202015121, 0.126274836840591, -25.38047440180695),
                    36: (835.5529728475902, 0.1188308119852804, -25.38047440180695),
                    37: (835.5243064654353, 0.11259079675892786, -25.38047440180695),
                    38: (835.4943517517275, 0.1075815118647171, -25.38047440180695),
                    39: (835.4631407827245, 0.10382440782960467, -25.38047440180695),
                    40: (835.4307069799136, 0.10133557314987007, -25.38047440180695),
                    41: (835.3970850742232, 0.10012566539770468, -25.38047440180695),
                    42: (835.3623110688322, 0.10019986558385169, -25.38047440180695),
                    43: (835.3264222006164, 0.10155785597172262, -25.38047440180695),
                    44: (835.289456900275, 0.1041938214379941, -25.38047440180695),
                    45: (835.2514547511773, 0.10809647437385889, -25.38047440180695),
                    46: (835.2124564469766, 0.11324910302029917, -25.38047440180695),
                    47: (835.1725037480336, 0.1196296430304053, -25.38047440180695),
                    48: (835.1316394366992, 0.12721077195229552, -25.38047440180695),
                    49: (835.0899072715015, 0.1359600262280502, -25.38047440180695),
                    50: (835.0473519402882, 0.14583994020765056, -25.38047440180695),
                    51: (835.0040190123739, 0.15680820658264377, -25.38047440180695),
                    52: (834.9599548897431, 0.16881785755253376, -25.38047440180695),
                    53: (834.9152067573622, 0.18181746594811196, -25.38047440180695),
                    54: (834.869822532652, 0.19575136545049238, -25.38047440180695),
                    55: (834.8238508141771, 0.21055988896283465, -25.38047440180695),
                    56: (834.7773408296052, 0.22617962411401257, -25.38047440180695),
                    57: (834.7303423829926, 0.24254368480012434, -25.38047440180695),
                    58: (834.6829058014532, 0.2595819976010552, -25.38047440180695),
                    59: (834.6350818812666, 0.27722160184562233, -25.38047440180695),
                    60: (834.5869218334844, 0.2953869620403686, -25.38047440180695),
                    61: (834.5384772290922, 0.3140002913241442, -25.38047440180695),
                    62: (834.4897999437857, 0.3329818845633854, -25.38047440180695),
                    63: (834.4409421024211, 0.3522504596617344, -25.38047440180695),
                    64: (834.3919560231988, 0.3717235056224544, -25.38047440180695),
                    65: (834.3428941616394, 0.39131763587318563, -25.38047440180695),
                    66: (834.2938090544131, 0.4109489453400488, -25.38047440180695),
                    67: (834.2447532630822, 0.43053336974205286, -25.38047440180695),
                    68: (834.1957793178168, 0.4499870455672535, -25.38047440180695),
                    69: (834.1469396611441, 0.4692266691891841, -25.38047440180695),
                    70: (834.0982865917917, 0.48816985358577525, -25.38047440180695),
                    71: (834.049872208685, 0.5067354811332299, -25.38047440180695),
                    72: (834.001748355158, 0.5248440509641427, -25.38047440180695),
                    73: (833.9539665634386, 0.5424180194024196, -25.38047440180695),
                    74: (833.906577999466, 0.5593821320172034, -25.38047440180695),
                    75: (833.8596334081014, 0.5756637458738997, -25.38047440180695),
                    76: (833.8131830587893, 0.5911931406023747, -25.38047440180695),
                    77: (833.7672766917269, 0.6059038169502855, -25.38047440180695),
                    78: (833.7219634646023, 0.6197327815430861, -25.38047440180695),
                    79: (833.6772918999536, 0.632620816631329, -25.38047440180695),
                    80: (833.6333098332115, 0.644512733670159, -25.38047440180695),
                    81: (833.5900643614743, 0.6553576096451355, -25.38047440180695),
                    82: (833.5476017930768, 0.665109005132398, -25.38047440180695),
                    83: (833.5059675980006, 0.673725163159409, -25.38047440180695),
                    84: (833.4652063591844, 0.6811691880147197, -25.38047440180695),
                    85: (833.425361724784, 0.6874092032410722, -25.38047440180695),
                    86: (833.3864763614317, 0.692418488135283, -25.38047440180695),
                    87: (833.3485919085487, 0.6961755921703953, -25.38047440180695),
                    88: (833.311748933756, 0.69866442685013, -25.38047440180695),
                    89: (833.2759868894337, 0.6998743346022953, -25.38047440180695),
                    90: (833.2413440704748, 0.6998001344161484, -25.38047440180695),
                    91: (833.2078575732775, 0.6984421440282774, -25.38047440180695),
                    92: (833.1755632560216, 0.695806178562006, -25.38047440180695),
                    93: (833.144495700271, 0.6919035256261412, -25.38047440180695),
                    94: (833.1146881739427, 0.6867508969797009, -25.38047440180695),
                    95: (833.0861725956822, 0.6803703569695946, -25.38047440180695),
                }
                uniform token[] xformOpOrder = ["xformOp:translate", "xformOp:rotateY"]
            }

            def Xform "Boat_6" (
                instanceable = true
                prepend references = @assetLibrary.usda@</Assets/Boat>
            )
            {
                float xformOp:rotateY.timeSamples = {
                    0: 174,
                    1: 174.65404,
                    2: 175.30527,
                    3: 175.9509,
                    4: 176.5882,
                    5: 177.2144,
                    6: 177.82683,
                    7: 178.42288,
                    8: 179,
                    9: 179.55571,
                    10: 180.08762,
                    11: 180.59346,
                    12: 181.07108,
                    13: 181.5184,
                    14: 181.93353,
                    15: 182.3147,
                    16: 182.66025,
                    17: 182.96873,
                    18: 183.2388,
                    19: 183.4693,
                    20: 183.65926,
                    21: 183.80785,
                    22: 183.91444,
                    23: 183.97859,
                    24: 184,
                    25: 183.97859,
                    26: 183.91444,
                    27: 183.80785,
                    28: 183.65926,
                    29: 183.4693,
                    30: 183.2388,
                    31: 182.96873,
                    32: 182.66025,
                    33: 182.3147,
                    34: 181.93353,
                    35: 181.5184,
                    36: 181.07108,
                    37: 180.59346,
                    38: 180.08762,
                    39: 179.55571,
                    40: 179,
                    41: 178.42288,
                    42: 177.82683,
                    43: 177.2144,
                    44: 176.5882,
                    45: 175.9509,
                    46: 175.30527,
                    47: 174.65404,
                    48: 174,
                    49: 173.34596,
                    50: 172.69473,
                    51: 172.0491,
                    52: 171.4118,
                    53: 170.7856,
                    54: 170.17317,
                    55: 169.57712,
                    56: 169,
                    57: 168.44429,
                    58: 167.91238,
                    59: 167.40654,
                    60: 166.92892,
                    61: 166.4816,
                    62: 166.06647,
                    63: 165.6853,
                    64: 165.33975,
                    65: 165.03127,
                    66: 164.7612,
                    67: 164.5307,
                    68: 164.34074,
                    69: 164.19215,
                    70: 164.08556,
                    71: 164.02141,
                    72: 164,
                    73: 164.02141,
                    74: 164.08556,
                    75: 164.19215,
                    76: 164.34074,
                    77: 164.5307,
                    78: 164.7612,
                    79: 165.03127,
                    80: 165.33975,
                    81: 165.6853,
                    82: 166.06647,
                    83: 166.4816,
                    84: 166.92892,
                    85: 167.40654,
                    86: 167.91238,
                    87: 168.44429,
                    88: 169,
                    89: 169.57712,
                    90: 170.17317,
                    91: 170.7856,
                    92: 171.4118,
                    93: 172.0491,
                    94: 172.69473,
                    95: 173.34596,
                }
                double3 xformOp:translate.timeSamples = {
                    0: (1086.0800030926791, 0.6026389541653452, -37.181756379243936),
                    1: (1086.0970385746502, 0.5877367316683163, -37.181756379243936),
                    2: (1086.112558738403, 0.5720305916644163, -37.181756379243936),
                    3: (1086.1265469645575, 0.5555877902563922, -37.181756379243936),
                    4: (1086.1389882741707, 0.5384787380442182, -37.181756379243936),
                    5: (1086.149869344777, 0.5207766986160962, -37.181756379243936),
                    6: (1086.1591785246528, 0.502557474822524, -37.181756379243936),
                    7: (1086.1669058452958, 0.48389908417685185, -37.181756379243936),
                    8: (1086.173043032097, 0.46488142477231265, -37.181756379243936),
                    9: (1086.1775835132032, 0.4455859331461208, -37.181756379243936),
                    10: (1086.1805224265536, 0.42609523555571743, -37.181756379243936),
                    11: (1086.181856625086, 0.40649279416045114, -37.181756379243936),
                    12: (1086.1815846801076, 0.38686254962379796, -37.181756379243936),
                    13: (1086.1797068828234, 0.36728856166655366, -37.181756379243936),
                    14: (1086.1762252440262, 0.3478546491102046, -37.181756379243936),
                    15: (1086.1711434919416, 0.32864403095186556, -37.181756379243936),
                    16: (1086.1644670682374, 0.3097389700077583, -37.181756379243936),
                    17: (1086.156203122195, 0.29122042065120307, -37.181756379243936),
                    18: (1086.146360503055, 0.27316768215356435, -37.181756379243936),
                    19: (1086.1349497505403, 0.2556580591125958, -37.181756379243936),
                    20: (1086.121983083571, 0.2387665304222849, -37.181756379243936),
                    21: (1086.1074743871782, 0.22256542820171854, -37.181756379243936),
                    22: (1086.091439197638, 0.20712412805784328, -37.181756379243936),
                    23: (1086.0738946858326, 0.19250875200846704, -37.181756379243936),
                    24: (1086.0548596388649, 0.1787818853376263, -37.181756379243936),
                    25: (1086.0343544399398, 0.16600230859579268, -37.181756379243936),
                    26: (1086.012401046538, 0.15422474589253118, -37.181756379243936),
                    27: (1085.9890229669031, 0.1434996305594612, -37.181756379243936),
                    28: (1085.9642452348683, 0.1338728891869888, -37.181756379243936),
                    29: (1085.9380943830495, 0.12538574495959492, -37.181756379243936),
                    30: (1085.910598414434, 0.11807454113183163, -37.181756379243936),
                    31: (1085.8817867723935, 0.11197058540092558, -37.181756379243936),
                    32: (1085.8516903091563, 0.10710001584241302, -37.181756379243936),
                    33: (1085.820341252769, 0.10348368898288685, -37.181756379243936),
                    34: (1085.787773172586, 0.10113709048914821, -37.181756379243936),
                    35: (1085.7540209433237, 0.10007026885620357, -37.181756379243936),
                    36: (1085.7191207077144, 0.10028779237806679, -37.181756379243936),
                    37: (1085.6831098378047, 0.10178872958562224, -37.181756379243936),
                    38: (1085.6460268949359, 0.10456665323531927, -37.181756379243936),
                    39: (1085.6079115884522, 0.10860966783161519, -37.181756379243936),
                    40: (1085.5688047331785, 0.11390046056531378, -37.181756379243936),
                    41: (1085.5287482057147, 0.12041637544967193, -37.181756379243936),
                    42: (1085.4877848995939, 0.12812951033681358, -37.181756379243936),
                    43: (1085.44595867935, 0.13700683639901, -37.181756379243936),
                    44: (1085.403314333548, 0.14701033956319087, -37.181756379243936),
                    45: (1085.3598975268208, 0.1580971832930414, -37.181756379243936),
                    46: (1085.3157547509727, 0.17021989202162688, -37.181756379243936),
                    47: (1085.270933275194, 0.18332655444906, -37.181756379243936),
                    48: (1085.2254810954432, 0.1973610458346548, -37.181756379243936),
                    49: (1085.1794468830533, 0.21226326833168382, -37.181756379243936),
                    50: (1085.1328799326116, 0.227969408335584, -37.181756379243936),
                    51: (1085.085830109175, 0.24441220974360764, -37.181756379243936),
                    52: (1085.0383477948733, 0.26152126195578174, -37.181756379243936),
                    53: (1084.9904838349576, 0.2792233013839038, -37.181756379243936),
                    54: (1084.942289483355, 0.2974425251774761, -37.181756379243936),
                    55: (1084.8938163477844, 0.3161009158231484, -37.181756379243936),
                    56: (1084.8451163344937, 0.33511857522768723, -37.181756379243936),
                    57: (1084.7962415926766, 0.35441406685387916, -37.181756379243936),
                    58: (1084.747244458631, 0.37390476444428256, -37.181756379243936),
                    59: (1084.6981773997154, 0.39350720583954896, -37.181756379243936),
                    60: (1084.6490929581655, 0.4131374503762018, -37.181756379243936),
                    61: (1084.6000436948302, 0.4327114383334462, -37.181756379243936),
                    62: (1084.5510821328899, 0.4521453508897954, -37.181756379243936),
                    63: (1084.5022607016112, 0.4713559690481346, -37.181756379243936),
                    64: (1084.4536316802055, 0.49026102999224175, -37.181756379243936),
                    65: (1084.405247141847, 0.5087795793487969, -37.181756379243936),
                    66: (1084.3571588979114, 0.5268323178464358, -37.181756379243936),
                    67: (1084.3094184424945, 0.5443419408874042, -37.181756379243936),
                    68: (1084.262076897272, 0.5612334695777151, -37.181756379243936),
                    69: (1084.215184956756, 0.5774345717982815, -37.181756379243936),
                    70: (1084.1687928340114, 0.5928758719421567, -37.181756379243936),
                    71: (1084.1229502068848, 0.6074912479915332, -37.181756379243936),
                    72: (1084.0777061648098, 0.6212181146623738, -37.181756379243936),
                    73: (1084.0331091562398, 0.6339976914042071, -37.181756379243936),
                    74: (1083.9892069367684, 0.6457752541074688, -37.181756379243936),
                    75: (1083.9460465179923, 0.6565003694405389, -37.181756379243936),
                    76: (1083.9036741171685, 0.6661271108130112, -37.181756379243936),
                    77: (1083.8621351077256, 0.6746142550404051, -37.181756379243936),
                    78: (1083.821473970675, 0.6819254588681685, -37.181756379243936),
                    79: (1083.7817342469807, 0.6880294145990744, -37.181756379243936),
                    80: (1083.7429584909344, 0.6928999841575871, -37.181756379243936),
                    81: (1083.7051882245867, 0.6965163110171132, -37.181756379243936),
                    82: (1083.668463893285, 0.6988629095108518, -37.181756379243936),
                    83: (1083.632824822363, 0.6999297311437964, -37.181756379243936),
                    84: (1083.5983091750306, 0.6997122076219333, -37.181756379243936),
                    85: (1083.5649539115075, 0.6982112704143777, -37.181756379243936),
                    86: (1083.5327947494452, 0.6954333467646808, -37.181756379243936),
                    87: (1083.5018661256802, 0.6913903321683849, -37.181756379243936),
                    88: (1083.4722011593572, 0.6860995394346865, -37.181756379243936),
                    89: (1083.443831616465, 0.679583624550328, -37.181756379243936),
                    90: (1083.4167878758215, 0.6718704896631864, -37.181756379243936),
                    91: (1083.3910988965408, 0.66299316360099, -37.181756379243936),
                    92: (1083.3667921870256, 0.6529896604368093, -37.181756379243936),
                    93: (1083.3438937755093, 0.6419028167069589, -37.181756379243936),
                    94: (1083.3224281821845, 0.6297801079783729, -37.181756379243936),
                    95: (1083.302418392946, 0.6166734455509401, -37.181756379243936),
                }
                uniform token[] xformOpOrder = ["xformOp:translate", "xformOp:rotateY"]
            }

            def Xform "Boat_7" (
                instanceable = true
                prepend references = @assetLibrary.usda@</Assets/Boat>
            )
            {
                float xformOp:rotateY.timeSamples = {
                    0: 203,
                    1: 203.65404,
                    2: 204.30527,
                    3: 204.9509,
                    4: 205.5882,
                    5: 206.2144,
                    6: 206.82683,
                    7: 207.42288,
                    8: 208,
                    9: 208.55571,
                    10: 209.08762,
                    11: 209.59346,
                    12: 210.07108,
                    13: 210.5184,
                    14: 210.93353,
                    15: 211.3147,
                    16: 211.66025,
                    17: 211.96873,
                    18: 212.2388,
                    19: 212.4693,
                    20: 212.65926,
                    21: 212.80785,
                    22: 212.91444,
                    23: 212.97859,
                    24: 213,
                    25: 212.97859,
                    26: 212.91444,
                    27: 212.80785,
                    28: 212.65926,
                    29: 212.4693,
                    30: 212.2388,
                    31: 211.96873,
                    32: 211.66025,
                    33: 211.3147,
                    34: 210.93353,
                    35: 210.5184,
                    36: 210.07108,
                    37: 209.59346,
                    38: 209.08762,
                    39: 208.55571,
                    40: 208,
                    41: 207.42288,
                    42: 206.82683,
                    43: 206.2144,
                    44: 205.5882,
                    45: 204.9509,
                    46: 204.30527,
                    47: 203.65404,
                    48: 203,
                    49: 202.34596,
                    50: 201.69473,
                    51: 201.0491,
                    52: 200.4118,
                    53: 199.7856,
                    54: 199.17317,
                    55: 198.57712,
                    56: 198,
                    57: 197.44429,
                    58: 196.91238,
                    59: 196.40654,
                    60: 195.92892,
                    61: 195.4816,
                    62: 195.06647,
                    63: 194.6853,
                    64: 194.33975,
                    65: 194.03127,
                    66: 193.7612,
                    67: 193.5307,
                    68: 193.34074,
                    69: 193.19215,
                    70: 193.08556,
                    71: 193.02141,
                    72: 193,
                    73: 193.02141,
                    74: 193.08556,
                    75: 193.19215,
                    76: 193.34074,
                    77: 193.5307,
                    78: 193.7612,
                    79: 194.03127,
                    80: 194.33975,
                    81: 194.6853,
                    82: 195.06647,
                    83: 195.4816,
                    84: 195.92892,
                    85: 196.40654,
                    86: 196.91238,
                    87: 197.44429,
                    88: 198,
                    89: 198.57712,
                    90: 199.17317,
                    91: 199.7856,
                    92: 200.4118,
                    93: 201.0491,
                    94: 201.69473,
                    95: 202.34596,
                }
                double3 xformOp:translate.timeSamples = {
                    0: (932.4648746169834, 0.5004964450467714, -92.76096309322942),
                    1: (932.4724249373314, 0.4817939875905948, -92.76096309322942),
                    2: (932.4783843062268, 0.4627412757223138, -92.76096309322942),
                    3: (932.482746342228, 0.44341989607917404, -92.76096309322942),
                    4: (932.4855063743576, 0.42391258577507934, -92.76096309322942),
                    5: (932.4866614471041, 0.40430287810756893, -92.76096309322942),
                    6: (932.4862103235866, 0.3846747448554121, -92.76096309322942),
                    7: (932.4841534868796, 0.3651122366985603, -92.76096309322942),
                    8: (932.4804931394953, 0.34569912330023217, -92.76096309322942),
                    9: (932.4752332010253, 0.3265185345923546, -92.76096309322942),
                    10: (932.4683793039435, 0.30765260480043244, -92.76096309322942),
                    11: (932.4599387875746, 0.28918212073218486, -92.76096309322942),
                    12: (932.4499206902349, 0.27118617583603244, -92.76096309322942),
                    13: (932.438335739554, 0.2537418315108082, -92.76096309322942),
                    14: (932.4251963409872, 0.23692378711701714, -92.76096309322942),
                    15: (932.4105165645317, 0.22080406010270676, -92.76096309322942),
                    16: (932.3943121296597, 0.2054516776136976, -92.76096309322942),
                    17: (932.3766003884859, 0.19093238090874856, -92.76096309322942),
                    18: (932.3574003071866, 0.17730834384539304, -92.76096309322942),
                    19: (932.3367324456896, 0.16463790664193648, -92.76096309322942),
                    20: (932.3146189356586, 0.15297532605568528, -92.76096309322942),
                    21: (932.2910834567941, 0.14237054304718133, -92.76096309322942),
                    22: (932.2661512114765, 0.13286896892534328, -92.76096309322942),
                    23: (932.2398488977784, 0.12451129088926882, -92.76096309322942),
                    24: (932.2122046808762, 0.11733329779940249, -92.76096309322942),
                    25: (932.1832481628896, 0.11136572692414087, -92.76096309322942),
                    26: (932.1530103511836, 0.10663413231812979, -92.76096309322942),
                    27: (932.1215236251642, 0.10315877539587986, -92.76096309322942),
                    28: (932.0888217016062, 0.10095453816927857, -92.76096309322942),
                    29: (932.0549395985487, 0.10003085952053103, -92.76096309322942),
                    30: (932.0199135977961, 0.10039169478341681, -92.76096309322942),
                    31: (931.9837812060673, 0.10203549880594381, -92.76096309322942),
                    32: (931.9465811148325, 0.10495523256692624, -92.76096309322942),
                    33: (931.908353158881, 0.10913839331815384, -92.76096309322942),
                    34: (931.8691382736657, 0.11456706812307932, -92.76096309322942),
                    35: (931.828978451468, 0.1212180105627626, -92.76096309322942),
                    36: (931.787916696431, 0.12906274028060583, -92.76096309322942),
                    37: (931.7459969785108, 0.13806766493961237, -92.76096309322942),
                    38: (931.7032641863914, 0.1481942240699312, -92.76096309322942),
                    39: (931.6597640794166, 0.15939905419070846, -92.76096309322942),
                    40: (931.6155432385908, 0.17163417449917046, -92.76096309322942),
                    41: (931.5706490166979, 0.18484719233178618, -92.76096309322942),
                    42: (931.5251294875951, 0.19898152751769732, -92.76096309322942),
                    43: (931.4790333947343, 0.21397665466369503, -92.76096309322942),
                    44: (931.4324100989664, 0.22976836233324613, -92.76096309322942),
                    45: (931.3853095256844, 0.24628902800972294, -92.76096309322942),
                    46: (931.3377821113617, 0.2634679076663996, -92.76096309322942),
                    47: (931.289878749544, 0.2812314387032372, -92.76096309322942),
                    48: (931.2416507363511, 0.2995035549532287, -92.76096309322942),
                    49: (931.1931497155474, 0.3182060124094052, -92.76096309322942),
                    50: (931.144427623241, 0.33725872427768633, -92.76096309322942),
                    51: (931.0955366322684, 0.356580103920826, -92.76096309322942),
                    52: (931.0465290963275, 0.37608741422492065, -92.76096309322942),
                    53: (930.9974574939152, 0.39569712189243117, -92.76096309322942),
                    54: (930.9483743721327, 0.4153252551445879, -92.76096309322942),
                    55: (930.8993322904158, 0.4348877633014398, -92.76096309322942),
                    56: (930.8503837642544, 0.4543008766997678, -92.76096309322942),
                    57: (930.801581208956, 0.47348146540764546, -92.76096309322942),
                    58: (930.7529768835194, 0.4923473951995677, -92.76096309322942),
                    59: (930.7046228346736, 0.5108178792678151, -92.76096309322942),
                    60: (930.6565708411453, 0.5288138241639675, -92.76096309322942),
                    61: (930.6088723582127, 0.5462581684891918, -92.76096309322942),
                    62: (930.5615784626059, 0.5630762128829829, -92.76096309322942),
                    63: (930.5147397978131, 0.5791959398972935, -92.76096309322942),
                    64: (930.4684065198497, 0.5945483223863022, -92.76096309322942),
                    65: (930.4226282435503, 0.6090676190912514, -92.76096309322942),
                    66: (930.3774539894397, 0.622691656154607, -92.76096309322942),
                    67: (930.3329321312407, 0.6353620933580635, -92.76096309322942),
                    68: (930.2891103440742, 0.6470246739443148, -92.76096309322942),
                    69: (930.2460355534075, 0.6576294569528185, -92.76096309322942),
                    70: (930.2037538848055, 0.6671310310746568, -92.76096309322942),
                    71: (930.1623106145378, 0.6754887091107312, -92.76096309322942),
                    72: (930.1217501210963, 0.6826667022005974, -92.76096309322942),
                    73: (930.0821158376733, 0.688634273075859, -92.76096309322942),
                    74: (930.0434502056523, 0.6933658676818701, -92.76096309322942),
                    75: (930.0057946291605, 0.6968412246041202, -92.76096309322942),
                    76: (929.9691894307323, 0.6990454618307215, -92.76096309322942),
                    77: (929.9336738081311, 0.699969140479469, -92.76096309322942),
                    78: (929.8992857923752, 0.6996083052165832, -92.76096309322942),
                    79: (929.866062207013, 0.6979645011940563, -92.76096309322942),
                    80: (929.8340386286922, 0.6950447674330739, -92.76096309322942),
                    81: (929.8032493490622, 0.6908616066818463, -92.76096309322942),
                    82: (929.7737273380551, 0.6854329318769209, -92.76096309322942),
                    83: (929.7455042085795, 0.6787819894372373, -92.76096309322942),
                    84: (929.7186101826695, 0.6709372597193943, -92.76096309322942),
                    85: (929.6930740591217, 0.6619323350603876, -92.76096309322942),
                    86: (929.6689231826568, 0.6518057759300688, -92.76096309322942),
                    87: (929.6461834146381, 0.6406009458092917, -92.76096309322942),
                    88: (929.6248791053789, 0.6283658255008298, -92.76096309322942),
                    89: (929.6050330680671, 0.6151528076682139, -92.76096309322942),
                    90: (929.5866665543365, 0.6010184724823028, -92.76096309322942),
                    91: (929.5697992315102, 0.5860233453363051, -92.76096309322942),
                    92: (929.5544491615398, 0.5702316376667542, -92.76096309322942),
                    93: (929.5406327816647, 0.5537109719902774, -92.76096309322942),
                    94: (929.5283648868106, 0.5365320923336004, -92.76096309322942),
                    95: (929.5176586137466, 0.5187685612967629, -92.76096309322942),
                }
                uniform token[] xformOpOrder = ["xformOp:translate", "xformOp:rotateY"]
            }

            def Xform "Boat_8" (
                instanceable = true
                prepend references = @assetLibrary.usda@</Assets/Boat>
            )
            {
                float xformOp:rotateY.timeSamples = {
                    0: 232,
                    1: 232.65404,
                    2: 233.30527,
                    3: 233.9509,
                    4: 234.5882,
                    5: 235.2144,
                    6: 235.82683,
                    7: 236.42288,
                    8: 237,
                    9: 237.55571,
                    10: 238.08762,
                    11: 238.59346,
                    12: 239.07108,
                    13: 239.5184,
                    14: 239.93353,
                    15: 240.3147,
                    16: 240.66025,
                    17: 240.96873,
                    18: 241.2388,
                    19: 241.4693,
                    20: 241.65926,
                    21: 241.80785,
                    22: 241.91444,
                    23: 241.97859,
                    24: 242,
                    25: 241.97859,
                    26: 241.91444,
                    27: 241.80785,
                    28: 241.65926,
                    29: 241.4693,
                    30: 241.2388,
                    31: 240.96873,
                    32: 240.66025,
                    33: 240.3147,
                    34: 239.93353,
                    35: 239.5184,
                    36: 239.07108,
                    37: 238.59346,
                    38: 238.08762,
                    39: 237.55571,
                    40: 237,
                    41: 236.42288,
                    42: 235.82683,
                    43: 235.2144,
                    44: 234.5882,
                    45: 233.9509,
                    46: 233.30527,
                    47: 232.65404,
                    48: 232,
                    49: 231.34596,
                    50: 230.69473,
                    51: 230.0491,
                    52: 229.4118,
                    53: 228.7856,
                    54: 228.17317,
                    55: 227.57712,
                    56: 227,
                    57: 226.44429,
                    58: 225.91238,
                    59: 225.40654,
                    60: 224.92892,
                    61: 224.4816,
                    62: 224.06647,
                    63: 223.6853,
                    64: 223.33975,
                    65: 223.03127,
                    66: 222.7612,
                    67: 222.5307,
                    68: 222.34074,
                    69: 222.19215,
                    70: 222.08556,
                    71: 222.02141,
                    72: 222,
                    73: 222.02141,
                    74: 222.08556,
                    75: 222.19215,
                    76: 222.34074,
                    77: 222.5307,
                    78: 222.7612,
                    79: 223.03127,
                    80: 223.33975,
                    81: 223.6853,
                    82: 224.06647,
                    83: 224.4816,
                    84: 224.92892,
                    85: 225.40654,
                    86: 225.91238,
                    87: 226.44429,
                    88: 227,
                    89: 227.57712,
                    90: 228.17317,
                    91: 228.7856,
                    92: 229.4118,
                    93: 230.0491,
                    94: 230.69473,
                    95: 231.34596,
                }
                double3 xformOp:translate.timeSamples = {
                    0: (1084.1856501804891, 0.382487756971726, 3.668901373403371),
                    1: (1084.183414331768, 0.3629377713589895, 3.668901373403371),
                    2: (1084.179575324574, 0.3435464918991907, 3.668901373403371),
                    3: (1084.1741372698118, 0.3243969550279796, 3.668901373403371),
                    4: (1084.1671059906864, 0.3055711620021295, 3.668901373403371),
                    5: (1084.158489016468, 0.2871497277575652, 3.668901373403371),
                    6: (1084.1482955744282, 0.26921153570383205, 3.668901373403371),
                    7: (1084.13653657996, 0.25183339993322534, 3.668901373403371),
                    8: (1084.1232246248894, 0.23508973629105487, 3.668901373403371),
                    9: (1084.1083739639914, 0.2190522437155704, 3.668901373403371),
                    10: (1084.0920004997254, 0.20378959721210063, 3.668901373403371),
                    11: (1084.0741217652069, 0.1893671537761378, 3.668901373403371),
                    12: (1084.0547569054331, 0.17584667252464845, 3.668901373403371),
                    13: (1084.0339266567807, 0.16328605023405332, 3.668901373403371),
                    14: (1084.0116533248015, 0.15173907341734286, 3.668901373403371),
                    15: (1083.9879607603375, 0.14125518800197, 3.668901373403371),
                    16: (1083.9628743339802, 0.13187928759479906, 3.668901373403371),
                    17: (1083.936420908903, 0.12365152124078771, 3.668901373403371),
                    18: (1083.9086288120964, 0.11660712149861358, 3.668901373403371),
                    19: (1083.8795278040336, 0.1107762535694487, 3.668901373403371),
                    20: (1083.849149046803, 0.10618388612493673, 3.668901373403371),
                    21: (1083.8175250707384, 0.1028496843875083, 3.668901373403371),
                    22: (1083.784689739586, 0.10078792592087882, 3.668901373403371),
                    23: (1083.7506782142407, 0.10000743949132956, 3.668901373403371),
                    24: (1083.7155269150953, 0.10051156726157412, 3.668901373403371),
                    25: (1083.679273483042, 0.10229815047910529, 3.668901373403371),
                    26: (1083.6419567391633, 0.10535953872030435, 3.668901373403371),
                    27: (1083.6036166431638, 0.10968262265072964, 3.668901373403371),
                    28: (1083.5642942505783, 0.11524889016129902, 3.668901373403371),
                    29: (1083.5240316688096, 0.12203450563998353, 3.668901373403371),
                    30: (1083.4828720120388, 0.1300104120395566, 3.668901373403371),
                    31: (1083.4408593550575, 0.139142455304332, 3.668901373403371),
                    32: (1083.398038686071, 0.1493915306230731, 3.668901373403371),
                    33: (1083.354455858524, 0.16071374988179835, 3.668901373403371),
                    34: (1083.310157542, 0.17306062959942303, 3.668901373403371),
                    35: (1083.2651911722462, 0.18637929854146895, 3.668901373403371),
                    36: (1083.2196049003771, 0.2006127241228072, 3.668901373403371),
                    37: (1083.1734475413145, 0.2156999566299431, 3.668901373403371),
                    38: (1083.126768521515, 0.23157639021704676, 3.668901373403371),
                    39: (1083.0796178260418, 0.24817403955810402, 3.668901373403371),
                    40: (1083.0320459450409, 0.2654218309705192, 3.668901373403371),
                    41: (1082.9841038196737, 0.283245906763535, 3.668901373403371),
                    42: (1082.935842787569, 0.3015699415082038, 3.668901373403371),
                    43: (1082.8873145278492, 0.3203154688745918, 3.668901373403371),
                    44: (1082.8385710057896, 0.33940221763665046, 3.668901373403371),
                    45: (1082.7896644171747, 0.3587484554059301, 3.668901373403371),
                    46: (1082.740647132405, 0.37827133862221385, 3.668901373403371),
                    47: (1082.6915716404162, 0.3978872673023621, 3.668901373403371),
                    48: (1082.6424904924747, 0.417512243028274, 3.668901373403371),
                    49: (1082.593456245903, 0.43706222864101035, 3.668901373403371),
                    50: (1082.5445214078006, 0.4564535081008093, 3.668901373403371),
                    51: (1082.4957383788176, 0.4756030449720204, 3.668901373403371),
                    52: (1082.4471593970434, 0.49442883799787063, 3.668901373403371),
                    53: (1082.3988364820686, 0.5128502722424348, 3.668901373403371),
                    54: (1082.3508213792807, 0.5307884642961679, 3.668901373403371),
                    55: (1082.3031655044545, 0.5481666000667746, 3.668901373403371),
                    56: (1082.2559198886943, 0.5649102637089453, 3.668901373403371),
                    57: (1082.2091351237889, 0.5809477562844296, 3.668901373403371),
                    58: (1082.1628613080366, 0.5962104027878994, 3.668901373403371),
                    59: (1082.1171479925981, 0.6106328462238622, 3.668901373403371),
                    60: (1082.0720441284366, 0.6241533274753516, 3.668901373403371),
                    61: (1082.0275980138997, 0.6367139497659466, 3.668901373403371),
                    62: (1081.9838572429999, 0.6482609265826572, 3.668901373403371),
                    63: (1081.9408686544505, 0.65874481199803, 3.668901373403371),
                    64: (1081.8986782815086, 0.6681207124052009, 3.668901373403371),
                    65: (1081.8573313026827, 0.6763484787592123, 3.668901373403371),
                    66: (1081.8168719933528, 0.6833928785013865, 3.668901373403371),
                    67: (1081.7773436783611, 0.6892237464305513, 3.668901373403371),
                    68: (1081.7387886856175, 0.6938161138750633, 3.668901373403371),
                    69: (1081.7012483007734, 0.6971503156124917, 3.668901373403371),
                    70: (1081.6647627230136, 0.6992120740791212, 3.668901373403371),
                    71: (1081.6293710220086, 0.6999925605086705, 3.668901373403371),
                    72: (1081.5951110960782, 0.6994884327384259, 3.668901373403371),
                    73: (1081.5620196316092, 0.6977018495208948, 3.668901373403371),
                    74: (1081.5301320637707, 0.6946404612796957, 3.668901373403371),
                    75: (1081.4994825385688, 0.6903173773492703, 3.668901373403371),
                    76: (1081.470103876283, 0.6847511098387011, 3.668901373403371),
                    77: (1081.442027536321, 0.6779654943600164, 3.668901373403371),
                    78: (1081.41528358353, 0.6699895879604435, 3.668901373403371),
                    79: (1081.3899006560055, 0.6608575446956682, 3.668901373403371),
                    80: (1081.3659059344213, 0.650608469376927, 3.668901373403371),
                    81: (1081.3433251129268, 0.6392862501182021, 3.668901373403371),
                    82: (1081.322182371631, 0.6269393704005772, 3.668901373403371),
                    83: (1081.3025003507107, 0.6136207014585311, 3.668901373403371),
                    84: (1081.2843001261674, 0.5993872758771929, 3.668901373403371),
                    85: (1081.2676011872568, 0.5843000433700569, 3.668901373403371),
                    86: (1081.2524214156213, 0.5684236097829535, 3.668901373403371),
                    87: (1081.2387770661405, 0.551825960441896, 3.668901373403371),
                    88: (1081.2266827495257, 0.5345781690294809, 3.668901373403371),
                    89: (1081.2161514166737, 0.5167540932364652, 3.668901373403371),
                    90: (1081.2071943448, 0.4984300584917963, 3.668901373403371),
                    91: (1081.199821125361, 0.4796845311254086, 3.668901373403371),
                    92: (1081.1940396537852, 0.46059778236334964, 3.668901373403371),
                    93: (1081.1898561210169, 0.44125154459407, 3.668901373403371),
                    94: (1081.1872750068878, 0.4217286613777862, 3.668901373403371),
                    95: (1081.1862990753198, 0.402112732697638, 3.668901373403371),
                }
                uniform token[] xformOpOrder = ["xformOp:translate", "xformOp:rotateY"]
            }

            def Xform "Boat_9" (
                instanceable = true
                prepend references = @assetLibrary.usda@</Assets/Boat>
            )
            {
                float xformOp:rotateY.timeSamples = {
                    0: 261,
                    1: 261.65402,
                    2: 262.30527,
                    3: 262.9509,
                    4: 263.5882,
                    5: 264.2144,
                    6: 264.82684,
                    7: 265.42288,
                    8: 266,
                    9: 266.5557,
                    10: 267.08762,
                    11: 267.59344,
                    12: 268.07108,
                    13: 268.5184,
                    14: 268.93353,
                    15: 269.3147,
                    16: 269.66025,
                    17: 269.96872,
                    18: 270.2388,
                    19: 270.4693,
                    20: 270.65927,
                    21: 270.80786,
                    22: 270.91446,
                    23: 270.97858,
                    24: 271,
                    25: 270.97858,
                    26: 270.91446,
                    27: 270.80786,
                    28: 270.65927,
                    29: 270.4693,
                    30: 270.2388,
                    31: 269.96872,
                    32: 269.66025,
                    33: 269.3147,
                    34: 268.93353,
                    35: 268.5184,
                    36: 268.07108,
                    37: 267.59344,
                    38: 267.08762,
                    39: 266.5557,
                    40: 266,
                    41: 265.42288,
                    42: 264.82684,
                    43: 264.2144,
                    44: 263.5882,
                    45: 262.9509,
                    46: 262.30527,
                    47: 261.65402,
                    48: 261,
                    49: 260.34598,
                    50: 259.69473,
                    51: 259.0491,
                    52: 258.4118,
                    53: 257.7856,
                    54: 257.17316,
                    55: 256.57712,
                    56: 256,
                    57: 255.44429,
                    58: 254.91238,
                    59: 254.40654,
                    60: 253.92892,
                    61: 253.4816,
                    62: 253.06647,
                    63: 252.6853,
                    64: 252.33975,
                    65: 252.03127,
                    66: 251.7612,
                    67: 251.5307,
                    68: 251.34074,
                    69: 251.19215,
                    70: 251.08556,
                    71: 251.02141,
                    72: 251,
                    73: 251.02141,
                    74: 251.08556,
                    75: 251.19215,
                    76: 251.34074,
                    77: 251.5307,
                    78: 251.7612,
                    79: 252.03127,
                    80: 252.33975,
                    81: 252.6853,
                    82: 253.06647,
                    83: 253.4816,
                    84: 253.92892,
                    85: 254.40654,
                    86: 254.91238,
                    87: 255.44429,
                    88: 256,
                    89: 256.57712,
                    90: 257.17316,
                    91: 257.7856,
                    92: 258.4118,
                    93: 259.0491,
                    94: 259.69473,
                    95: 260.34598,
                }
                double3 xformOp:translate.timeSamples = {
                    0: (996.9957572642945, 0.2672438670115443, 50.879578348958134),
                    1: (996.9838243827377, 0.24993286610530255, 50.879578348958134),
                    2: (996.9703400485563, 0.23326447570512346, 50.879578348958134),
                    3: (996.955318701113, 0.21731007241767838, 50.879578348958134),
                    4: (996.938776425643, 0.20213797544720866, 50.879578348958134),
                    5: (996.9207309360293, 0.1878131540422047, 50.879578348958134),
                    6: (996.901201555834, 0.1743969492871093, 50.879578348958134),
                    7: (996.8802091976066, 0.1619468114303768, 50.879578348958134),
                    8: (996.8577763404901, 0.15051605387369002, 50.879578348958134),
                    9: (996.8339270061499, 0.14015362487578814, 50.879578348958134),
                    10: (996.8086867330504, 0.13090389794850954, 50.879578348958134),
                    11: (996.7820825491083, 0.12280648184260046, 50.879578348958134),
                    12: (996.7541429427501, 0.11589605093696448, 50.879578348958134),
                    13: (996.7248978324063, 0.11020219675764825, 50.879578348958134),
                    14: (996.6943785344733, 0.10574930126238385, 50.879578348958134),
                    15: (996.6626177297799, 0.10255643243330309, 50.879578348958134),
                    16: (996.6296494285912, 0.10063726262491018, 50.879578348958134),
                    17: (996.5955089341899, 0.1000000100169609, 50.879578348958134),
                    18: (996.5602328050726, 0.10064740342295542, 50.879578348958134),
                    19: (996.5238588158018, 0.10257667060493952, 50.879578348958134),
                    20: (996.4864259165564, 0.10577955014465351, 50.879578348958134),
                    21: (996.4479741914225, 0.1102423268201933, 50.879578348958134),
                    22: (996.4085448154705, 0.11594589033669628, 50.879578348958134),
                    23: (996.3681800106637, 0.12286581715955786, 50.879578348958134),
                    24: (996.326923000646, 0.13097247509975585, 50.879578348958134),
                    25: (996.2848179644573, 0.1402311502034339, 50.879578348958134),
                    26: (996.241909989225, 0.15060219540238015, 50.879578348958134),
                    27: (996.1982450218835, 0.1620412002888608, 50.879578348958134),
                    28: (996.1538698199736, 0.17449918128780426, 50.879578348958134),
                    29: (996.1088319015731, 0.18792279141198867, 50.879578348958134),
                    30: (996.0631794944129, 0.2022545487020325, 50.879578348958134),
                    31: (996.0169614842343, 0.21743308237296824, 50.879578348958134),
                    32: (995.97022736244, 0.2333933956133658, 50.879578348958134),
                    33: (995.9230271730984, 0.2500671439116584, 50.879578348958134),
                    34: (995.8754114593543, 0.2673829277178319, 50.879578348958134),
                    35: (995.8274312093066, 0.2852665981872612, 50.879578348958134),
                    36: (995.779137801409, 0.3036415746974449, 50.879578348958134),
                    37: (995.7305829494521, 0.32242917277798855, 50.879578348958134),
                    38: (995.6818186471877, 0.34154894104958683, 50.879578348958134),
                    39: (995.632897112652, 0.3609190057291809, 50.879578348958134),
                    40: (995.5838707322496, 0.380456421226066, 50.879578348958134),
                    41: (995.5347920046565, 0.4000775253276456, 50.879578348958134),
                    42: (995.4857134846036, 0.4196982974538706, 50.879578348958134),
                    43: (995.4366877265994, 0.4392347184462603, 50.879578348958134),
                    44: (995.3877672286536, 0.45860313035083966, 50.879578348958134),
                    45: (995.3390043760606, 0.4777205946543406, 50.879578348958134),
                    46: (995.2904513853044, 0.4965052474396486, 50.879578348958134),
                    47: (995.2421602481437, 0.5148766499396651, 50.879578348958134),
                    48: (995.1941826759377, 0.5327561329884556, 50.879578348958134),
                    49: (995.1465700442723, 0.5500671338946974, 50.879578348958134),
                    50: (995.0993733379461, 0.5667355242948767, 50.879578348958134),
                    51: (995.0526430963745, 0.5826899275823216, 50.879578348958134),
                    52: (995.0064293594704, 0.5978620245527914, 50.879578348958134),
                    53: (994.9607816140611, 0.6121868459577953, 50.879578348958134),
                    54: (994.9157487408957, 0.6256030507128907, 50.879578348958134),
                    55: (994.8713789623024, 0.6380531885696232, 50.879578348958134),
                    56: (994.8277197905519, 0.64948394612631, 50.879578348958134),
                    57: (994.7848179769785, 0.6598463751242118, 50.879578348958134),
                    58: (994.742719461919, 0.6690961020514905, 50.879578348958134),
                    59: (994.7014693255176, 0.6771935181573996, 50.879578348958134),
                    60: (994.6611117394536, 0.6841039490630354, 50.879578348958134),
                    61: (994.6216899196412, 0.6897978032423517, 50.879578348958134),
                    62: (994.5832460799522, 0.6942506987376161, 50.879578348958134),
                    63: (994.5458213870132, 0.697443567566697, 50.879578348958134),
                    64: (994.5094559161228, 0.6993627373750899, 50.879578348958134),
                    65: (994.4741886083378, 0.6999999899830391, 50.879578348958134),
                    66: (994.4400572287752, 0.6993525965770446, 50.879578348958134),
                    67: (994.4070983261707, 0.6974233293950606, 50.879578348958134),
                    68: (994.3753471937431, 0.6942204498553466, 50.879578348958134),
                    69: (994.3448378314, 0.6897576731798067, 50.879578348958134),
                    70: (994.315602909331, 0.6840541096633037, 50.879578348958134),
                    71: (994.2876737330226, 0.6771341828404421, 50.879578348958134),
                    72: (994.2610802097367, 0.6690275249002442, 50.879578348958134),
                    73: (994.2358508164839, 0.6597688497965661, 50.879578348958134),
                    74: (994.2120125695305, 0.6493978045976199, 50.879578348958134),
                    75: (994.1895909954684, 0.6379587997111391, 50.879578348958134),
                    76: (994.1686101038807, 0.625500818712196, 50.879578348958134),
                    77: (994.1490923616316, 0.6120772085880114, 50.879578348958134),
                    78: (994.1310586688085, 0.5977454512979676, 50.879578348958134),
                    79: (994.1145283363411, 0.5825669176270318, 50.879578348958134),
                    80: (994.0995190653238, 0.566606604386634, 50.879578348958134),
                    81: (994.0860469280597, 0.5499328560883419, 50.879578348958134),
                    82: (994.0741263508507, 0.5326170722821681, 50.879578348958134),
                    83: (994.0637700985499, 0.5147334018127389, 50.879578348958134),
                    84: (994.0549892608913, 0.49635842530255514, 50.879578348958134),
                    85: (994.0477932406159, 0.4775708272220113, 50.879578348958134),
                    86: (994.0421897434024, 0.4584510589504132, 50.879578348958134),
                    87: (994.0381847696161, 0.43908099427081915, 50.879578348958134),
                    88: (994.0357826078831, 0.41954357877393406, 50.879578348958134),
                    89: (994.0349858304985, 0.3999224746723542, 50.879578348958134),
                    90: (994.0357952906713, 0.38030170254612916, 50.879578348958134),
                    91: (994.0382101216114, 0.3607652815537398, 50.879578348958134),
                    92: (994.0422277374573, 0.3413968696491604, 50.879578348958134),
                    93: (994.0478438360453, 0.3222794053456595, 50.879578348958134),
                    94: (994.0550524035166, 0.30349475256035124, 50.879578348958134),
                    95: (994.0638457207561, 0.28512335006033473, 50.879578348958134),
                }
                uniform token[] xformOpOrder = ["xformOp:translate", "xformOp:rotateY"]
            }

            def Xform "Boat_10" (
                instanceable = true
                prepend references = @assetLibrary.usda@</Assets/Boat>
            )
            {
                float xformOp:rotateY.timeSamples = {
                    0: 290,
                    1: 290.65402,
                    2: 291.30527,
                    3: 291.9509,
                    4: 292.5882,
                    5: 293.2144,
                    6: 293.82684,
                    7: 294.42288,
                    8: 295,
                    9: 295.5557,
                    10: 296.08762,
                    11: 296.59344,
                    12: 297.07108,
                    13: 297.5184,
                    14: 297.93353,
                    15: 298.3147,
                    16: 298.66025,
                    17: 298.96872,
                    18: 299.2388,
                    19: 299.4693,
                    20: 299.65927,
                    21: 299.80786,
                    22: 299.91446,
                    23: 299.97858,
                    24: 300,
                    25: 299.97858,
                    26: 299.91446,
                    27: 299.80786,
                    28: 299.65927,
                    29: 299.4693,
                    30: 299.2388,
                    31: 298.96872,
                    32: 298.66025,
                    33: 298.3147,
                    34: 297.93353,
                    35: 297.5184,
                    36: 297.07108,
                    37: 296.59344,
                    38: 296.08762,
                    39: 295.5557,
                    40: 295,
                    41: 294.42288,
                    42: 293.82684,
                    43: 293.2144,
                    44: 292.5882,
                    45: 291.9509,
                    46: 291.30527,
                    47: 290.65402,
                    48: 290,
                    49: 289.34598,
                    50: 288.69473,
                    51: 288.0491,
                    52: 287.4118,
                    53: 286.7856,
                    54: 286.17316,
                    55: 285.57712,
                    56: 285,
                    57: 284.4443,
                    58: 283.91238,
                    59: 283.40656,
                    60: 282.92892,
                    61: 282.4816,
                    62: 282.06647,
                    63: 281.6853,
                    64: 281.33975,
                    65: 281.03128,
                    66: 280.7612,
                    67: 280.5307,
                    68: 280.34073,
                    69: 280.19214,
                    70: 280.08554,
                    71: 280.02142,
                    72: 280,
                    73: 280.02142,
                    74: 280.08554,
                    75: 280.19214,
                    76: 280.34073,
                    77: 280.5307,
                    78: 280.7612,
                    79: 281.03128,
                    80: 281.33975,
                    81: 281.6853,
                    82: 282.06647,
                    83: 282.4816,
                    84: 282.92892,
                    85: 283.40656,
                    86: 283.91238,
                    87: 284.4443,
                    88: 285,
                    89: 285.57712,
                    90: 286.17316,
                    91: 286.7856,
                    92: 287.4118,
                    93: 288.0491,
                    94: 288.69473,
                    95: 289.34598,
                }
                double3 xformOp:translate.timeSamples = {
                    0: (775.797709364165, 0.17295925140762153, -6.362979312545391),
                    1: (775.7765551761034, 0.16062026161658224, -6.362979312545391),
                    2: (775.7539630927862, 0.14930633261554693, -6.362979312545391),
                    3: (775.7299573063821, 0.1390659123854437, -6.362979312545391),
                    4: (775.7045635228882, 0.129942851977836, -6.362979312545391),
                    5: (775.6778089346042, 0.12197621773798678, -6.362979312545391),
                    6: (775.6497221910132, 0.11520012401677104, -6.362979312545391),
                    7: (775.6203333681038, 0.10964358708778799, -6.362979312545391),
                    8: (775.5896739361638, 0.10533040089522244, -6.362979312545391),
                    9: (775.5577767260806, 0.10227903516452341, -6.362979312545391),
                    10: (775.5246758941859, 0.100502556312204, -6.362979312545391),
                    11: (775.4904068856795, 0.10000857149343972, -6.362979312545391),
                    12: (775.455006396674, 0.1007991960270625, -6.362979312545391),
                    13: (775.4185123348998, 0.10287104433744054, -6.362979312545391),
                    14: (775.3809637791123, 0.10621524445203279, -6.362979312545391),
                    15: (775.3424009372455, 0.11081747599253766, -6.362979312545391),
                    16: (775.3028651033565, 0.11665803149695114, -6.362979312545391),
                    17: (775.2623986134062, 0.12371190080994521, -6.362979312545391),
                    18: (775.2210447999258, 0.13194887818019158, -6.362979312545391),
                    19: (775.1788479456146, 0.14133369160602743, -6.362979312545391),
                    20: (775.1358532359212, 0.15182615387558035, -6.362979312545391),
                    21: (775.0921067106574, 0.1633813346545799, -6.362979312545391),
                    22: (775.0476552146984, 0.17594975288494707, -6.362979312545391),
                    23: (775.0025463478192, 0.18947758867028047, -6.362979312545391),
                    24: (774.9568284137246, 0.20390691374091643, -6.362979312545391),
                    25: (774.9105503683234, 0.2191759395116721, -6.362979312545391),
                    26: (774.8637617673057, 0.2352192816700534, -6.362979312545391),
                    27: (774.8165127130776, 0.2519682401619199, -6.362979312545391),
                    28: (774.7688538011096, 0.269351093375662, -6.362979312545391),
                    29: (774.7208360657584, 0.2872934052651548, -6.362979312545391),
                    30: (774.6725109256178, 0.30571834409633314, -6.362979312545391),
                    31: (774.6239301284583, 0.3245470114524744, -6.362979312545391),
                    32: (774.5751456958142, 0.34369878008932947, -6.362979312545391),
                    33: (774.526209867278, 0.3630916391933628, -6.362979312545391),
                    34: (774.4771750445606, 0.3826425455646448, -6.362979312545391),
                    35: (774.4280937353782, 0.4022677792205838, -6.362979312545391),
                    36: (774.3790184972262, 0.4218833018977443, -6.362979312545391),
                    37: (774.3300018810988, 0.441405116916593, -6.362979312545391),
                    38: (774.2810963752162, 0.46074962886817594, -6.362979312545391),
                    39: (774.2323543488191, 0.4798340015824926, -6.362979312545391),
                    40: (774.1838279960901, 0.49857651284569415, -6.362979312545391),
                    41: (774.1355692802634, 0.5168969043471484, -6.362979312545391),
                    42: (774.0876298779806, 0.5347167253578493, -6.362979312545391),
                    43: (774.0400611239542, 0.5519596686684801, -6.362979312545391),
                    44: (773.9929139559976, 0.5685518973485996, -6.362979312545391),
                    45: (773.9462388604792, 0.5844223609277144, -6.362979312545391),
                    46: (773.9000858182603, 0.5995030996443004, -6.362979312545391),
                    47: (773.8545042511746, 0.6137295354599368, -6.362979312545391),
                    48: (773.8095429691058, 0.6270407485923785, -6.362979312545391),
                    49: (773.7652501177208, 0.6393797383834178, -6.362979312545391),
                    50: (773.7216731269143, 0.6506936673844532, -6.362979312545391),
                    51: (773.6788586600197, 0.6609340876145562, -6.362979312545391),
                    52: (773.6368525638404, 0.670057148022164, -6.362979312545391),
                    53: (773.5956998195564, 0.6780237822620132, -6.362979312545391),
                    54: (773.5554444945569, 0.684799875983229, -6.362979312545391),
                    55: (773.5161296952524, 0.6903564129122122, -6.362979312545391),
                    56: (773.4777975209146, 0.6946695991047775, -6.362979312545391),
                    57: (773.4404890185958, 0.6977209648354765, -6.362979312545391),
                    58: (773.404244139175, 0.6994974436877961, -6.362979312545391),
                    59: (773.3691016945768, 0.6999914285065603, -6.362979312545391),
                    60: (773.3350993162111, 0.6992008039729376, -6.362979312545391),
                    61: (773.3022734146762, 0.6971289556625595, -6.362979312545391),
                    62: (773.2706591407698, 0.6937847555479673, -6.362979312545391),
                    63: (773.2402903478483, 0.6891825240074625, -6.362979312545391),
                    64: (773.2111995555757, 0.683341968503049, -6.362979312545391),
                    65: (773.183417915101, 0.6762880991900548, -6.362979312545391),
                    66: (773.1569751757008, 0.6680511218198084, -6.362979312545391),
                    67: (773.1318996529227, 0.6586663083939727, -6.362979312545391),
                    68: (773.1082181982645, 0.6481738461244198, -6.362979312545391),
                    69: (773.085956170421, 0.6366186653454203, -6.362979312545391),
                    70: (773.0651374081294, 0.6240502471150529, -6.362979312545391),
                    71: (773.0457842046417, 0.6105224113297196, -6.362979312545391),
                    72: (773.0279172838528, 0.5960930862590836, -6.362979312545391),
                    73: (773.0115557781093, 0.5808240604883279, -6.362979312545391),
                    74: (772.9967172077211, 0.5647807183299469, -6.362979312545391),
                    75: (772.9834174622011, 0.54803175983808, -6.362979312545391),
                    76: (772.97167078325, 0.5306489066243381, -6.362979312545391),
                    77: (772.9614897495059, 0.5127065947348453, -6.362979312545391),
                    78: (772.9528852630744, 0.4942816559036667, -6.362979312545391),
                    79: (772.9458665378555, 0.47545298854752593, -6.362979312545391),
                    80: (772.9404410896758, 0.4563012199106701, -6.362979312545391),
                    81: (772.9366147282411, 0.4369083608066373, -6.362979312545391),
                    82: (772.9343915509149, 0.4173574544353558, -6.362979312545391),
                    83: (772.9337739383316, 0.3977322207794162, -6.362979312545391),
                    84: (772.9347625518457, 0.378116698102256, -6.362979312545391),
                    85: (772.9373563328254, 0.35859488308340653, -6.362979312545391),
                    86: (772.941552503785, 0.33925037113182416, -6.362979312545391),
                    87: (772.9473465713596, 0.320165998417508, -6.362979312545391),
                    88: (772.9547323311165, 0.3014234871543059, -6.362979312545391),
                    89: (772.9637018741989, 0.2831030956528517, -6.362979312545391),
                    90: (772.9742455957958, 0.26528327464215024, -6.362979312545391),
                    91: (772.9863522054258, 0.24804033133152, -6.362979312545391),
                    92: (773.000008739028, 0.2314481026514009, -6.362979312545391),
                    93: (773.0152005728443, 0.2155776390722857, -6.362979312545391),
                    94: (773.0319114390785, 0.20049690035569973, -6.362979312545391),
                    95: (773.0501234433165, 0.18627046454006294, -6.362979312545391),
                }
                uniform token[] xformOpOrder = ["xformOp:translate", "xformOp:rotateY"]
            }

            def Xform "Boat_11" (
                instanceable = true
                prepend references = @assetLibrary.usda@</Assets/Boat>
            )
            {
                float xformOp:rotateY.timeSamples = {
                    0: 319,
                    1: 319.65402,
                    2: 320.30527,
                    3: 320.9509,
                    4: 321.5882,
                    5: 322.2144,
                    6: 322.82684,
                    7: 323.42288,
                    8: 324,
                    9: 324.5557,
                    10: 325.08762,
                    11: 325.59344,
                    12: 326.07108,
                    13: 326.5184,
                    14: 326.93353,
                    15: 327.3147,
                    16: 327.66025,
                    17: 327.96872,
                    18: 328.2388,
                    19: 328.4693,
                    20: 328.65927,
                    21: 328.80786,
                    22: 328.91446,
                    23: 328.97858,
                    24: 329,
                    25: 328.97858,
                    26: 328.91446,
                    27: 328.80786,
                    28: 328.65927,
                    29: 328.4693,
                    30: 328.2388,
                    31: 327.96872,
                    32: 327.66025,
                    33: 327.3147,
                    34: 326.93353,
                    35: 326.5184,
                    36: 326.07108,
                    37: 325.59344,
                    38: 325.08762,
                    39: 324.5557,
                    40: 324,
                    41: 323.42288,
                    42: 322.82684,
                    43: 322.2144,
                    44: 321.5882,
                    45: 320.9509,
                    46: 320.30527,
                    47: 319.65402,
                    48: 319,
                    49: 318.34598,
                    50: 317.69473,
                    51: 317.0491,
                    52: 316.4118,
                    53: 315.7856,
                    54: 315.17316,
                    55: 314.57712,
                    56: 314,
                    57: 313.4443,
                    58: 312.91238,
                    59: 312.40656,
                    60: 311.92892,
                    61: 311.4816,
                    62: 311.06647,
                    63: 310.6853,
                    64: 310.33975,
                    65: 310.03128,
                    66: 309.7612,
                    67: 309.5307,
                    68: 309.34073,
                    69: 309.19214,
                    70: 309.08554,
                    71: 309.02142,
                    72: 309,
                    73: 309.02142,
                    74: 309.08554,
                    75: 309.19214,
                    76: 309.34073,
                    77: 309.5307,
                    78: 309.7612,
                    79: 310.03128,
                    80: 310.33975,
                    81: 310.6853,
                    82: 311.06647,
                    83: 311.4816,
                    84: 311.92892,
                    85: 312.40656,
                    86: 312.91238,
                    87: 313.4443,
                    88: 314,
                    89: 314.57712,
                    90: 315.17316,
                    91: 315.7856,
                    92: 316.4118,
                    93: 317.0491,
                    94: 317.69473,
                    95: 318.34598,
                }
                double3 xformOp:translate.timeSamples = {
                    0: (1024.5182297820359, 0.1145193778331452, 17.00907117264522),
                    1: (1024.4886976381918, 0.10910045433553484, 17.00907117264522),
                    2: (1024.457898480807, 0.10492720735217054, 17.00907117264522),
                    3: (1024.4258652903911, 0.1020175073673234, 17.00907117264522),
                    4: (1024.3926323688868, 0.10038381416303399, 17.00907117264522),
                    5: (1024.3582353029385, 0.10003312346441212, 17.00907117264522),
                    6: (1024.322710925786, 0.10096693698286835, 17.00907117264522),
                    7: (1024.2860972778221, 0.10318125598555489, 17.00907117264522),
                    8: (1024.2484335658585, 0.10666659841855397, 17.00907117264522),
                    9: (1024.209760121141, 0.11140803951048778, 17.00907117264522),
                    10: (1024.170118356163, 0.11738527568268159, 17.00907117264522),
                    11: (1024.1295507203192, 0.12457271149220384, 17.00907117264522),
                    12: (1024.0881006544503, 0.13293956923548322, 17.00907117264522),
                    13: (1024.0458125443251, 0.1424500207431595, 17.00907117264522),
                    14: (1024.002731673111, 0.15306334080180556, 17.00907117264522),
                    15: (1023.958904172884, 0.16473408154554403, 17.00907117264522),
                    16: (1023.9143769752291, 0.17741226707078525, 17.00907117264522),
                    17: (1023.8691977609849, 0.19104360744071996, 17.00907117264522),
                    18: (1023.8234149091854, 0.20556973116316232, 17.00907117264522),
                    19: (1023.7770774452554, 0.22092843514624216, 17.00907117264522),
                    20: (1023.7302349885116, 0.23705395106159255, 17.00907117264522),
                    21: (1023.6829376990302, 0.2538772269744295, 17.00907117264522),
                    22: (1023.6352362239331, 0.27132622303453846, 17.00907117264522),
                    23: (1023.587181643155, 0.2893262199619709, 17.00907117264522),
                    24: (1023.5388254147445, 0.3078001390064742, 17.00907117264522),
                    25: (1023.490219319762, 0.32666887201053196, 17.00907117264522),
                    26: (1023.4414154068317, 0.34585162016264, 17.00907117264522),
                    27: (1023.3924659364058, 0.36526623999022234, 17.00907117264522),
                    28: (1023.3434233248034, 0.3848295951105902, 17.00907117264522),
                    29: (1023.2943400880813, 0.4044579122336976, 17.00907117264522),
                    30: (1023.2452687857989, 0.42406713989222894, 17.00907117264522),
                    31: (1023.1962619647356, 0.4435733083628875, 17.00907117264522),
                    32: (1023.1473721026232, 0.46289288923763994, 17.00907117264522),
                    33: (1023.0986515519502, 0.48194315310518504, 17.00907117264522),
                    34: (1023.0501524839028, 0.500642523810992, 17.00907117264522),
                    35: (1023.0019268324979, 0.5189109277789189, 17.00907117264522),
                    36: (1022.9540262389709, 0.5366701368985585, 17.00907117264522),
                    37: (1022.906501996477, 0.5538441035100173, 17.00907117264522),
                    38: (1022.8594049951655, 0.5703592860516701, 17.00907117264522),
                    39: (1022.812785667685, 0.5861449639764161, 17.00907117264522),
                    40: (1022.7666939351792, 0.6011335405879205, 17.00907117264522),
                    41: (1022.7211791538296, 0.6152608325000439, 17.00907117264522),
                    42: (1022.6762900620041, 0.6284663444799584, 17.00907117264522),
                    43: (1022.6320747280668, 0.6406935284980184, 17.00907117264522),
                    44: (1022.5885804989043, 0.651890025875107, 17.00907117264522),
                    45: (1022.5458539492271, 0.6620078914905383, 17.00907117264522),
                    46: (1022.5039408316944, 0.6710037990904234, 17.00907117264522),
                    47: (1022.4628860279224, 0.6788392268173435, 17.00907117264522),
                    48: (1022.4227335004234, 0.6854806221668548, 17.00907117264522),
                    49: (1022.3835262455294, 0.6908995456644652, 17.00907117264522),
                    50: (1022.345306247351, 0.6950727926478295, 17.00907117264522),
                    51: (1022.3081144328197, 0.6979824926326765, 17.00907117264522),
                    52: (1022.2719906278618, 0.699616185836966, 17.00907117264522),
                    53: (1022.2369735147527, 0.699966876535588, 17.00907117264522),
                    54: (1022.203100590694, 0.6990330630171318, 17.00907117264522),
                    55: (1022.1704081276614, 0.6968187440144451, 17.00907117264522),
                    56: (1022.138931133563, 0.6933334015814462, 17.00907117264522),
                    57: (1022.1087033147526, 0.6885919604895123, 17.00907117264522),
                    58: (1022.0797570399355, 0.6826147243173184, 17.00907117264522),
                    59: (1022.0521233055082, 0.6754272885077961, 17.00907117264522),
                    60: (1022.0258317023653, 0.6670604307645169, 17.00907117264522),
                    61: (1022.0009103842142, 0.6575499792568407, 17.00907117264522),
                    62: (1021.9773860374264, 0.6469366591981944, 17.00907117264522),
                    63: (1021.9552838524619, 0.635265918454456, 17.00907117264522),
                    64: (1021.9346274968938, 0.6225877329292147, 17.00907117264522),
                    65: (1021.915439090065, 0.6089563925592802, 17.00907117264522),
                    66: (1021.8977391794023, 0.5944302688368374, 17.00907117264522),
                    67: (1021.8815467184131, 0.5790715648537579, 17.00907117264522),
                    68: (1021.8668790463905, 0.5629460489384075, 17.00907117264522),
                    69: (1021.8537518698449, 0.5461227730255703, 17.00907117264522),
                    70: (1021.842179245686, 0.5286737769654619, 17.00907117264522),
                    71: (1021.8321735661692, 0.5106737800380288, 17.00907117264522),
                    72: (1021.8237455456272, 0.49219986099352586, 17.00907117264522),
                    73: (1021.8169042089951, 0.47333112798946864, 17.00907117264522),
                    74: (1021.8116568821476, 0.45414837983735984, 17.00907117264522),
                    75: (1021.808009184054, 0.434733760009778, 17.00907117264522),
                    76: (1021.8059650207605, 0.4151704048894099, 17.00907117264522),
                    77: (1021.8055265812084, 0.39554208776630245, 17.00907117264522),
                    78: (1021.8066943348898, 0.3759328601077714, 17.00907117264522),
                    79: (1021.8094670313449, 0.35642669163711227, 17.00907117264522),
                    80: (1021.8138417015007, 0.33710711076236016, 17.00907117264522),
                    81: (1021.819813660851, 0.31805684689481506, 17.00907117264522),
                    82: (1021.827376514472, 0.2993574761890081, 17.00907117264522),
                    83: (1021.8365221638707, 0.28108907222108115, 17.00907117264522),
                    84: (1021.8472408156566, 0.26332986310144135, 17.00907117264522),
                    85: (1021.8595209920289, 0.24615589648998273, 17.00907117264522),
                    86: (1021.8733495430673, 0.22964071394833, 17.00907117264522),
                    87: (1021.8887116608128, 0.21385503602358394, 17.00907117264522),
                    88: (1021.905590895125, 0.19886645941208, 17.00907117264522),
                    89: (1021.923969171297, 0.18473916749995575, 17.00907117264522),
                    90: (1021.9438268094103, 0.17153365552004166, 17.00907117264522),
                    91: (1021.9651425454088, 0.15930647150198168, 17.00907117264522),
                    92: (1021.9878935538684, 0.14810997412489296, 17.00907117264522),
                    93: (1022.0120554724393, 0.13799210850946203, 17.00907117264522),
                    94: (1022.037602427934, 0.12899620090957636, 17.00907117264522),
                    95: (1022.0645070640327, 0.12116077318265656, 17.00907117264522),
                }
                uniform token[] xformOpOrder = ["xformOp:translate", "xformOp:rotateY"]
            }

            def Xform "Boat_12" (
                instanceable = true
                prepend references = @assetLibrary.usda@</Assets/Boat>
            )
            {
                float xformOp:rotateY.timeSamples = {
                    0: 348,
                    1: 348.65402,
                    2: 349.30527,
                    3: 349.9509,
                    4: 350.5882,
                    5: 351.2144,
                    6: 351.82684,
                    7: 352.42288,
                    8: 353,
                    9: 353.5557,
                    10: 354.08762,
                    11: 354.59344,
                    12: 355.07108,
                    13: 355.5184,
                    14: 355.93353,
                    15: 356.3147,
                    16: 356.66025,
                    17: 356.96872,
                    18: 357.2388,
                    19: 357.4693,
                    20: 357.65927,
                    21: 357.80786,
                    22: 357.91446,
                    23: 357.97858,
                    24: 358,
                    25: 357.97858,
                    26: 357.91446,
                    27: 357.80786,
                    28: 357.65927,
                    29: 357.4693,
                    30: 357.2388,
                    31: 356.96872,
                    32: 356.66025,
                    33: 356.3147,
                    34: 355.93353,
                    35: 355.5184,
                    36: 355.07108,
                    37: 354.59344,
                    38: 354.08762,
                    39: 353.5557,
                    40: 353,
                    41: 352.42288,
                    42: 351.82684,
                    43: 351.2144,
                    44: 350.5882,
                    45: 349.9509,
                    46: 349.30527,
                    47: 348.65402,
                    48: 348,
                    49: 347.34598,
                    50: 346.69473,
                    51: 346.0491,
                    52: 345.4118,
                    53: 344.7856,
                    54: 344.17316,
                    55: 343.57712,
                    56: 343,
                    57: 342.4443,
                    58: 341.91238,
                    59: 341.40656,
                    60: 340.92892,
                    61: 340.4816,
                    62: 340.06647,
                    63: 339.6853,
                    64: 339.33975,
                    65: 339.03128,
                    66: 338.7612,
                    67: 338.5307,
                    68: 338.34073,
                    69: 338.19214,
                    70: 338.08554,
                    71: 338.02142,
                    72: 338,
                    73: 338.02142,
                    74: 338.08554,
                    75: 338.19214,
                    76: 338.34073,
                    77: 338.5307,
                    78: 338.7612,
                    79: 339.03128,
                    80: 339.33975,
                    81: 339.6853,
                    82: 340.06647,
                    83: 340.4816,
                    84: 340.92892,
                    85: 341.40656,
                    86: 341.91238,
                    87: 342.4443,
                    88: 343,
                    89: 343.57712,
                    90: 344.17316,
                    91: 344.7856,
                    92: 345.4118,
                    93: 346.0491,
                    94: 346.69473,
                    95: 347.34598,
                }
                double3 xformOp:translate.timeSamples = {
                    0: (1011.8254169314699, 0.10115061734924785, -67.13517103619667),
                    1: (1011.7886841852242, 0.10350728901401796, -67.13517103619667),
                    2: (1011.7509058189847, 0.10713358798561912, -67.13517103619667),
                    3: (1011.7121222867726, 0.11201398589513545, -67.13517103619667),
                    4: (1011.6723751189652, 0.11812758412946595, -67.13517103619667),
                    5: (1011.6317068778256, 0.12544820332239476, -67.13517103619667),
                    6: (1011.5901611119251, 0.13394449545865567, -67.13517103619667),
                    7: (1011.5477823095102, 0.14358007811094664, -67.13517103619667),
                    8: (1011.5046158508643, 0.1543136902350693, -67.13517103619667),
                    9: (1011.4607079597122, 0.1660993688560537, -67.13517103619667),
                    10: (1011.4161056537237, 0.17888664588867478, -67.13517103619667),
                    11: (1011.3708566941651, 0.1926207642495401, -67.13517103619667),
                    12: (1011.3250095347557, 0.20724291233532857, -67.13517103619667),
                    13: (1011.2786132697823, 0.22269047586310362, -67.13517103619667),
                    14: (1011.2317175815274, 0.23889730599428602, -67.13517103619667),
                    15: (1011.1843726870686, 0.25579400259413665, -67.13517103619667),
                    16: (1011.1366292845047, 0.2733082114137864, -67.13517103619667),
                    17: (1011.088538498667, 0.29136493392223983, -67.13517103619667),
                    18: (1011.0401518263737, 0.30988684846159675, -67.13517103619667),
                    19: (1010.9915210812853, 0.32879464135026404, -67.13517103619667),
                    20: (1010.9426983384218, 0.34800734651631504, -67.13517103619667),
                    21: (1010.893735878399, 0.36744269220664033, -67.13517103619667),
                    22: (1010.8446861314454, 0.38701745328722587, -67.13517103619667),
                    23: (1010.7956016212588, 0.40664780762595204, -67.13517103619667),
                    24: (1010.7465349087621, 0.4262496950318342, -67.13517103619667),
                    25: (1010.6975385358201, 0.4457391772136635, -67.13517103619667),
                    26: (1010.6486649689759, 0.4650327972166574, -67.13517103619667),
                    27: (1010.5999665432693, 0.4840479367979532, -67.13517103619667),
                    28: (1010.5514954061941, 0.502703170210606, -67.13517103619667),
                    29: (1010.5033034618582, 0.5209186128811395, -67.13517103619667),
                    30: (1010.4554423154025, 0.5386162634875526, -67.13517103619667),
                    31: (1010.4079632177414, 0.5557203379729564, -67.13517103619667),
                    32: (1010.360917010682, 0.5721575940645385, -67.13517103619667),
                    33: (1010.314354072481, 0.5878576449082218, -67.13517103619667),
                    34: (1010.2683242638992, 0.6027532604759778, -67.13517103619667),
                    35: (1010.2228768748083, 0.6167806554551287, -67.13517103619667),
                    36: (1010.178060571411, 0.6298797623868491, -67.13517103619667),
                    37: (1010.1339233441274, 0.6419944888842456, -67.13517103619667),
                    38: (1010.0905124562062, 0.6530729578285702, -67.13517103619667),
                    39: (1010.0478743931133, 0.6630677295150056, -67.13517103619667),
                    40: (1010.0060548127545, 0.6719360047967651, -67.13517103619667),
                    41: (1009.9650984965843, 0.6796398083576096, -67.13517103619667),
                    42: (1009.9250493016517, 0.6861461513279827, -67.13517103619667),
                    43: (1009.8859501136378, 0.691427172548413, -67.13517103619667),
                    44: (1009.8478428009324, 0.6954602578752775, -67.13517103619667),
                    45: (1009.8107681698004, 0.698228137018036, -67.13517103619667),
                    46: (1009.7747659206855, 0.6997189574932667, -67.13517103619667),
                    47: (1009.7398746056978, 0.6999263353788199, -67.13517103619667),
                    48: (1009.7061315873312, 0.6988493826507522, -67.13517103619667),
                    49: (1009.6735729984553, 0.6964927109859821, -67.13517103619667),
                    50: (1009.6422337036221, 0.6928664120143808, -67.13517103619667),
                    51: (1009.6121472617338, 0.6879860141048647, -67.13517103619667),
                    52: (1009.5833458901058, 0.681872415870534, -67.13517103619667),
                    53: (1009.5558604299683, 0.6745517966776053, -67.13517103619667),
                    54: (1009.5297203134405, 0.6660555045413443, -67.13517103619667),
                    55: (1009.5049535320138, 0.6564199218890533, -67.13517103619667),
                    56: (1009.481586606578, 0.6456863097649309, -67.13517103619667),
                    57: (1009.4596445590225, 0.6339006311439463, -67.13517103619667),
                    58: (1009.4391508854411, 0.6211133541113253, -67.13517103619667),
                    59: (1009.4201275309729, 0.6073792357504597, -67.13517103619667),
                    60: (1009.4025948663024, 0.5927570876646717, -67.13517103619667),
                    61: (1009.3865716658458, 0.5773095241368966, -67.13517103619667),
                    62: (1009.3720750876478, 0.5611026940057141, -67.13517103619667),
                    63: (1009.3591206550072, 0.5442059974058635, -67.13517103619667),
                    64: (1009.3477222398552, 0.5266917885862139, -67.13517103619667),
                    65: (1009.3378920479, 0.50863506607776, -67.13517103619667),
                    66: (1009.3296406055576, 0.49011315153840335, -67.13517103619667),
                    67: (1009.3229767486789, 0.471205358649736, -67.13517103619667),
                    68: (1009.3179076130889, 0.451992653483685, -67.13517103619667),
                    69: (1009.3144386269449, 0.43255730779336, -67.13517103619667),
                    70: (1009.3125735049242, 0.41298254671277396, -67.13517103619667),
                    71: (1009.3123142442461, 0.393352192374048, -67.13517103619667),
                    72: (1009.3136611225335, 0.3737503049681659, -67.13517103619667),
                    73: (1009.3166126975153, 0.3542608227863366, -67.13517103619667),
                    74: (1009.3211658085713, 0.3349672027833429, -67.13517103619667),
                    75: (1009.3273155801159, 0.3159520632020466, -67.13517103619667),
                    76: (1009.3350554268197, 0.29729682978939415, -67.13517103619667),
                    77: (1009.3443770606613, 0.27908138711886055, -67.13517103619667),
                    78: (1009.3552704998012, 0.2613837365124472, -67.13517103619667),
                    79: (1009.3677240792723, 0.2442796620270439, -67.13517103619667),
                    80: (1009.3817244634697, 0.22784240593546112, -67.13517103619667),
                    81: (1009.3972566604313, 0.21214235509177826, -67.13517103619667),
                    82: (1009.4143040378915, 0.19724673952402266, -67.13517103619667),
                    83: (1009.4328483410916, 0.18321934454487132, -67.13517103619667),
                    84: (1009.4528697123272, 0.17012023761315123, -67.13517103619667),
                    85: (1009.4743467122125, 0.15800551111575412, -67.13517103619667),
                    86: (1009.4972563426383, 0.14692704217142988, -67.13517103619667),
                    87: (1009.521574071398, 0.1369322704849948, -67.13517103619667),
                    88: (1009.5472738584591, 0.12806399520323503, -67.13517103619667),
                    89: (1009.5743281838456, 0.12036019164239042, -67.13517103619667),
                    90: (1009.6027080771083, 0.1138538486720172, -67.13517103619667),
                    91: (1009.6323831483468, 0.10857282745158708, -67.13517103619667),
                    92: (1009.6633216207513, 0.10453974212472267, -67.13517103619667),
                    93: (1009.6954903646307, 0.10177186298196406, -67.13517103619667),
                    94: (1009.7288549328885, 0.10028104250673331, -67.13517103619667),
                    95: (1009.7633795979091, 0.10007366462118017, -67.13517103619667),
                }
                uniform token[] xformOpOrder = ["xformOp:translate", "xformOp:rotateY"]
            }

            def Xform "Boat_13" (
                instanceable = true
                prepend references = @assetLibrary.usda@</Assets/Boat>
            )
            {
                float xformOp:rotateY.timeSamples = {
                    0: 17,
                    1: 17.654032,
                    2: 18.305262,
                    3: 18.950903,
                    4: 19.58819,
                    5: 20.214396,
                    6: 20.826834,
                    7: 21.422888,
                    8: 22,
                    9: 22.555702,
                    10: 23.087614,
                    11: 23.593458,
                    12: 24.071068,
                    13: 24.518398,
                    14: 24.933533,
                    15: 25.314695,
                    16: 25.660254,
                    17: 25.968727,
                    18: 26.238796,
                    19: 26.469301,
                    20: 26.659258,
                    21: 26.807854,
                    22: 26.914448,
                    23: 26.97859,
                    24: 27,
                    25: 26.97859,
                    26: 26.914448,
                    27: 26.807854,
                    28: 26.659258,
                    29: 26.469301,
                    30: 26.238796,
                    31: 25.968727,
                    32: 25.660254,
                    33: 25.314695,
                    34: 24.933533,
                    35: 24.518398,
                    36: 24.071068,
                    37: 23.593458,
                    38: 23.087614,
                    39: 22.555702,
                    40: 22,
                    41: 21.422888,
                    42: 20.826834,
                    43: 20.214396,
                    44: 19.58819,
                    45: 18.950903,
                    46: 18.305262,
                    47: 17.654032,
                    48: 17,
                    49: 16.345968,
                    50: 15.694738,
                    51: 15.049097,
                    52: 14.41181,
                    53: 13.785605,
                    54: 13.173165,
                    55: 12.577113,
                    56: 12,
                    57: 11.444298,
                    58: 10.912386,
                    59: 10.406542,
                    60: 9.928932,
                    61: 9.481602,
                    62: 9.066466,
                    63: 8.685304,
                    64: 8.3397455,
                    65: 8.031273,
                    66: 7.7612047,
                    67: 7.530699,
                    68: 7.3407416,
                    69: 7.1921473,
                    70: 7.0855513,
                    71: 7.021411,
                    72: 7,
                    73: 7.021411,
                    74: 7.0855513,
                    75: 7.1921473,
                    76: 7.3407416,
                    77: 7.530699,
                    78: 7.7612047,
                    79: 8.031273,
                    80: 8.3397455,
                    81: 8.685304,
                    82: 9.066466,
                    83: 9.481602,
                    84: 9.928932,
                    85: 10.406542,
                    86: 10.912386,
                    87: 11.444298,
                    88: 12,
                    89: 12.577113,
                    90: 13.173165,
                    91: 13.785605,
                    92: 14.41181,
                    93: 15.049097,
                    94: 15.694738,
                    95: 16.345968,
                }
                double3 xformOp:translate.timeSamples = {
                    0: (918.9709424779298, 0.13496360328395407, -215.45071407277993),
                    1: (918.9284735479584, 0.14472380347374764, -215.45071407277993),
                    2: (918.8852220771097, 0.15557713552778113, -215.45071407277993),
                    3: (918.8412343801419, 0.16747712381196567, -215.45071407277993),
                    4: (918.7965575601828, 0.18037281074954856, -215.45071407277993),
                    5: (918.7512394582902, 0.19420897502928156, -215.45071407277993),
                    6: (918.7053286022228, 0.2089263680715519, -215.45071407277993),
                    7: (918.658874154475, 0.22446196773989774, -215.45071407277993),
                    8: (918.6119258596333, 0.24074924821147028, -215.45071407277993),
                    9: (918.5645339911075, 0.25771846485082134, -215.45071407277993),
                    10: (918.5167492972976, 0.27529695286714007, -215.45071407277993),
                    11: (918.4686229472504, 0.2934094384760415, -215.45071407277993),
                    12: (918.4202064758673, 0.3119783612334695, -215.45071407277993),
                    13: (918.3715517287183, 0.33092420616142365, -215.45071407277993),
                    14: (918.3227108065253, 0.3501658442433031, -215.45071407277993),
                    15: (918.2737360093713, 0.36962087983081177, -215.45071407277993),
                    16: (918.2246797806956, 0.389206003474772, -215.45071407277993),
                    17: (918.1755946511367, 0.40883734866897803, -215.45071407277993),
                    18: (918.1265331822808, 0.42843085097944905, -215.45071407277993),
                    19: (918.0775479103776, 0.44790260802124215, -215.45071407277993),
                    20: (918.028691290083, 0.46716923874134636, -215.45071407277993),
                    21: (917.98001563829, 0.4861482404691508, -215.45071407277993),
                    22: (917.9315730781055, 0.504758342205548, -215.45071407277993),
                    23: (917.8834154830366, 0.5229198526378276, -215.45071407277993),
                    24: (917.835594421442, 0.5405550013901131, -215.45071407277993),
                    25: (917.7881611013125, 0.5575882720480498, -215.45071407277993),
                    26: (917.7411663154352, 0.5739467255316849, -215.45071407277993),
                    27: (917.694660387004, 0.5895603124318063, -215.45071407277993),
                    28: (917.6486931157318, 0.604362172972266, -215.45071407277993),
                    29: (917.6033137245241, 0.618288923313807, -215.45071407277993),
                    30: (917.5585708067697, 0.631280926973393, -215.45071407277993),
                    31: (917.5145122743055, 0.6432825501967852, -215.45071407277993),
                    32: (917.4711853061117, 0.654242400190818, -215.45071407277993),
                    33: (917.4286362977911, 0.6641135451952305, -215.45071407277993),
                    34: (917.3869108118873, 0.6728537154516678, -215.45071407277993),
                    35: (917.3460535290961, 0.6804254842092765, -215.45071407277993),
                    36: (917.306108200419, 0.6867964279917977, -215.45071407277993),
                    37: (917.2671176003145, 0.6919392654398693, -215.45071407277993),
                    38: (917.2291234808938, 0.695831974133996, -215.45071407277993),
                    39: (917.1921665272117, 0.6984578848979299, -215.45071407277993),
                    40: (917.1562863136999, 0.699805753178643, -215.45071407277993),
                    41: (917.1215212617897, 0.6998698071972284, -215.45071407277993),
                    42: (917.0879085987692, 0.6986497726645449, -215.45071407277993),
                    43: (917.0554843179203, 0.6961508739557647, -215.45071407277993),
                    44: (917.0242831399747, 0.6923838117387966, -215.45071407277993),
                    45: (916.9943384759356, 0.6873647171523836, -215.45071407277993),
                    46: (916.965682391299, 0.6811150827300899, -215.45071407277993),
                    47: (916.9383455717182, 0.6736616703659735, -215.45071407277993),
                    48: (916.9123572901442, 0.6650363967160462, -215.45071407277993),
                    49: (916.8877453754801, 0.6552761965262526, -215.45071407277993),
                    50: (916.8645361827803, 0.644422864472219, -215.45071407277993),
                    51: (916.8427545650298, 0.6325228761880344, -215.45071407277993),
                    52: (916.8224238465306, 0.6196271892504513, -215.45071407277993),
                    53: (916.803565797925, 0.6057910249707188, -215.45071407277993),
                    54: (916.786200612884, 0.5910736319284482, -215.45071407277993),
                    55: (916.7703468864827, 0.5755380322601024, -215.45071407277993),
                    56: (916.7560215952883, 0.5592507517885298, -215.45071407277993),
                    57: (916.7432400791814, 0.5422815351491785, -215.45071407277993),
                    58: (916.7320160249299, 0.5247030471328603, -215.45071407277993),
                    59: (916.7223614515318, 0.5065905615239585, -215.45071407277993),
                    60: (916.7142866973463, 0.48802163876653054, -215.45071407277993),
                    61: (916.7078004090225, 0.46907579383857645, -215.45071407277993),
                    62: (916.7029095322404, 0.4498341557566967, -215.45071407277993),
                    63: (916.6996193042731, 0.43037912016918856, -215.45071407277993),
                    64: (916.6979332483795, 0.4107939965252281, -215.45071407277993),
                    65: (916.6978531700303, 0.39116265133102207, -215.45071407277993),
                    66: (916.6993791549754, 0.37156914902055105, -215.45071407277993),
                    67: (916.7025095691519, 0.35209739197875767, -215.45071407277993),
                    68: (916.7072410604338, 0.33283076125865396, -215.45071407277993),
                    69: (916.7135685622219, 0.3138517595308493, -215.45071407277993),
                    70: (916.7214852988687, 0.29524165779445205, -215.45071407277993),
                    71: (916.7309827929344, 0.27708014736217224, -215.45071407277993),
                    72: (916.7420508742642, 0.2594449986098867, -215.45071407277993),
                    73: (916.7546776908798, 0.24241172795195048, -215.45071407277993),
                    74: (916.7688497216693, 0.2260532744683152, -215.45071407277993),
                    75: (916.7845517908675, 0.21043968756819373, -215.45071407277993),
                    76: (916.8017670843052, 0.1956378270277343, -215.45071407277993),
                    77: (916.820477167415, 0.18171107668619285, -215.45071407277993),
                    78: (916.8406620049714, 0.1687190730266071, -215.45071407277993),
                    79: (916.8622999825445, 0.15671744980321495, -215.45071407277993),
                    80: (916.8853679296462, 0.14575759980918201, -215.45071407277993),
                    81: (916.909841144541, 0.13588645480476974, -215.45071407277993),
                    82: (916.9356934206971, 0.12714628454833238, -215.45071407277993),
                    83: (916.96289707485, 0.11957451579072348, -215.45071407277993),
                    84: (916.9914229766453, 0.11320357200820236, -215.45071407277993),
                    85: (917.0212405798327, 0.10806073456013071, -215.45071407277993),
                    86: (917.0523179549762, 0.1041680258660041, -215.45071407277993),
                    87: (917.0846218236437, 0.10154211510207006, -215.45071407277993),
                    88: (917.118117594044, 0.10019424682135708, -215.45071407277993),
                    89: (917.1527693980667, 0.10013019280277169, -215.45071407277993),
                    90: (917.1885401296923, 0.10135022733545512, -215.45071407277993),
                    91: (917.2253914847255, 0.1038491260442353, -215.45071407277993),
                    92: (917.2632840018122, 0.10761618826120345, -215.45071407277993),
                    93: (917.302177104696, 0.11263528284761648, -215.45071407277993),
                    94: (917.3420291456683, 0.11888491726991013, -215.45071407277993),
                    95: (917.3827974501653, 0.12633832963402658, -215.45071407277993),
                }
                uniform token[] xformOpOrder = ["xformOp:translate", "xformOp:rotateY"]
            }

            def Xform "Boat_14" (
                instanceable = true
                prepend references = @assetLibrary.usda@</Assets/Boat>
            )
            {
                float xformOp:rotateY.timeSamples = {
                    0: 46,
                    1: 46.65403,
                    2: 47.305264,
                    3: 47.950905,
                    4: 48.588192,
                    5: 49.214394,
                    6: 49.826836,
                    7: 50.422886,
                    8: 51,
                    9: 51.555702,
                    10: 52.087616,
                    11: 52.593456,
                    12: 53.071068,
                    13: 53.5184,
                    14: 53.933533,
                    15: 54.314697,
                    16: 54.660255,
                    17: 54.968727,
                    18: 55.238796,
                    19: 55.469303,
                    20: 55.65926,
                    21: 55.807854,
                    22: 55.914448,
                    23: 55.97859,
                    24: 56,
                    25: 55.97859,
                    26: 55.914448,
                    27: 55.807854,
                    28: 55.65926,
                    29: 55.469303,
                    30: 55.238796,
                    31: 54.968727,
                    32: 54.660255,
                    33: 54.314697,
                    34: 53.933533,
                    35: 53.5184,
                    36: 53.071068,
                    37: 52.593456,
                    38: 52.087616,
                    39: 51.555702,
                    40: 51,
                    41: 50.422886,
                    42: 49.826836,
                    43: 49.214394,
                    44: 48.588192,
                    45: 47.950905,
                    46: 47.305264,
                    47: 46.65403,
                    48: 46,
                    49: 45.34597,
                    50: 44.694736,
                    51: 44.049095,
                    52: 43.411808,
                    53: 42.785606,
                    54: 42.173164,
                    55: 41.577114,
                    56: 41,
                    57: 40.444298,
                    58: 39.912384,
                    59: 39.406544,
                    60: 38.928932,
                    61: 38.4816,
                    62: 38.066467,
                    63: 37.685303,
                    64: 37.339745,
                    65: 37.031273,
                    66: 36.761204,
                    67: 36.530697,
                    68: 36.34074,
                    69: 36.192146,
                    70: 36.085552,
                    71: 36.02141,
                    72: 36,
                    73: 36.02141,
                    74: 36.085552,
                    75: 36.192146,
                    76: 36.34074,
                    77: 36.530697,
                    78: 36.761204,
                    79: 37.031273,
                    80: 37.339745,
                    81: 37.685303,
                    82: 38.066467,
                    83: 38.4816,
                    84: 38.928932,
                    85: 39.406544,
                    86: 39.912384,
                    87: 40.444298,
                    88: 41,
                    89: 41.577114,
                    90: 42.173164,
                    91: 42.785606,
                    92: 43.411808,
                    93: 44.049095,
                    94: 44.694736,
                    95: 45.34597,
                }
                double3 xformOp:translate.timeSamples = {
                    0: (1027.2432814623082, 0.21062000863830374, -224.9435813852463),
                    1: (1027.1967694508305, 0.22624281635049043, -224.9435813852463),
                    2: (1027.1497691750271, 0.24260967899875227, -224.9435813852463),
                    3: (1027.1023309639709, 0.2596505111645433, -224.9435813852463),
                    4: (1027.054505615686, 0.27729234138837305, -224.9435813852463),
                    5: (1027.0063443427532, 0.29545962464480047, -224.9435813852463),
                    6: (1026.9578987174702, 0.31407456583782906, -224.9435813852463),
                    7: (1026.9092206166258, 0.33305745293145295, -224.9435813852463),
                    8: (1026.8603621659497, 0.35232699828883113, -224.9435813852463),
                    9: (1026.8113756842947, 0.37180068675842864, -224.9435813852463),
                    10: (1026.762313627612, 0.39139512901656415, -224.9435813852463),
                    11: (1026.7132285327814, 0.4110264186532943, -224.9435813852463),
                    12: (1026.6641729613514, 0.43061049147254477, -224.9435813852463),
                    13: (1026.6151994432566, 0.45006348546790165, -224.9435813852463),
                    14: (1026.566360420567, 0.4693020999325985, -224.9435813852463),
                    15: (1026.5177081913314, 0.4882439521659324, -224.9435813852463),
                    16: (1026.4692948535753, 0.5068079302486335, -224.9435813852463),
                    17: (1026.4211722495138, 0.5249145403765584, -224.9435813852463),
                    18: (1026.373391910036, 0.5424862472653618, -224.9435813852463),
                    19: (1026.3260049995267, 0.559447806168488, -224.9435813852463),
                    20: (1026.2790622610764, 0.5757265850867284, -224.9435813852463),
                    21: (1026.2326139621453, 0.5912528757895911, -224.9435813852463),
                    22: (1026.1867098407351, 0.6059601923166473, -224.9435813852463),
                    23: (1026.1413990521291, 0.6197855556806194, -224.9435813852463),
                    24: (1026.0967301162543, 0.632669763553075, -224.9435813852463),
                    25: (1026.0527508657265, 0.6445576437778844, -224.9435813852463),
                    26: (1026.0095083946283, 0.6553982906268642, -224.9435813852463),
                    27: (1025.9670490080812, 0.665145282785921, -224.9435813852463),
                    28: (1025.9254181726594, 0.673756882138244, -224.9435813852463),
                    29: (1025.8846604677044, 0.68119621249333, -224.9435813852463),
                    30: (1025.844819537588, 0.6874314174964915, -224.9435813852463),
                    31: (1025.8059380449752, 0.6924357970426591, -224.9435813852463),
                    32: (1025.7680576251428, 0.6961879216103298, -224.9435813852463),
                    33: (1025.731218841393, 0.698671724026068, -224.9435813852463),
                    34: (1025.6954611416181, 0.6998765682666094, -224.9435813852463),
                    35: (1025.6608228160585, 0.6997972950039448, -224.9435813852463),
                    36: (1025.6273409563012, 0.6984342436983553, -224.9435813852463),
                    37: (1025.59505141556, 0.6957932511447906, -224.9435813852463),
                    38: (1025.563988770284, 0.691885626478818, -224.9435813852463),
                    39: (1025.5341862831317, 0.6867281027491667, -224.9435813852463),
                    40: (1025.5056758673527, 0.6803427652642441, -224.9435813852463),
                    41: (1025.4784880526145, 0.6727569570194556, -224.9435813852463),
                    42: (1025.4526519523101, 0.6640031616103, -224.9435813852463),
                    43: (1025.428195232383, 0.6541188641326264, -224.9435813852463),
                    44: (1025.4051440817009, 0.6431463906656993, -224.9435813852463),
                    45: (1025.383523184014, 0.6311327270254286, -224.9435813852463),
                    46: (1025.3633556915206, 0.618129317563893, -224.9435813852463),
                    47: (1025.344663200077, 0.6041918448767268, -224.9435813852463),
                    48: (1025.3274657260713, 0.5893799913616962, -224.9435813852463),
                    49: (1025.3117816849892, 0.5737571836495099, -224.9435813852463),
                    50: (1025.2976278716949, 0.5573903210012479, -224.9435813852463),
                    51: (1025.2850194424464, 0.5403494888354567, -224.9435813852463),
                    52: (1025.273969898665, 0.5227076586116268, -224.9435813852463),
                    53: (1025.2644910724791, 0.5045403753551994, -224.9435813852463),
                    54: (1025.2565931140537, 0.48592543416217104, -224.9435813852463),
                    55: (1025.25028448072, 0.46694254706854715, -224.9435813852463),
                    56: (1025.2455719279208, 0.44767300171116897, -224.9435813852463),
                    57: (1025.2424605019753, 0.42819931324157173, -224.9435813852463),
                    58: (1025.240953534677, 0.4086048709834356, -224.9435813852463),
                    59: (1025.2410526397236, 0.38897358134670573, -224.9435813852463),
                    60: (1025.2427577109913, 0.36938950852745533, -224.9435813852463),
                    61: (1025.246066922647, 0.34993651453209845, -224.9435813852463),
                    62: (1025.250976731104, 0.3306979000674018, -224.9435813852463),
                    63: (1025.2574818788164, 0.3117560478340674, -224.9435813852463),
                    64: (1025.2655753999088, 0.2931920697513666, -224.9435813852463),
                    65: (1025.2752486276368, 0.2750854596234417, -224.9435813852463),
                    66: (1025.286491203665, 0.25751375273463833, -224.9435813852463),
                    67: (1025.2992910891621, 0.24055219383151236, -224.9435813852463),
                    68: (1025.3136345776898, 0.2242734149132715, -224.9435813852463),
                    69: (1025.329506309881, 0.208747124210409, -224.9435813852463),
                    70: (1025.3468892898882, 0.1940398076833528, -224.9435813852463),
                    71: (1025.3657649035802, 0.18021444431938044, -224.9435813852463),
                    72: (1025.3861129384773, 0.16733023644692518, -224.9435813852463),
                    73: (1025.4079116053942, 0.15544235622211583, -224.9435813852463),
                    74: (1025.4311375617724, 0.14460170937313588, -224.9435813852463),
                    75: (1025.4557659366758, 0.1348547172140791, -224.9435813852463),
                    76: (1025.481770357424, 0.12624311786175596, -224.9435813852463),
                    77: (1025.5091229778316, 0.11880378750667014, -224.9435813852463),
                    78: (1025.537794508028, 0.11256858250350854, -224.9435813852463),
                    79: (1025.56775424582, 0.10756420295734087, -224.9435813852463),
                    80: (1025.59897010957, 0.10381207838967021, -224.9435813852463),
                    81: (1025.63140867255, 0.10132827597393196, -224.9435813852463),
                    82: (1025.6650351987332, 0.10012343173339067, -224.9435813852463),
                    83: (1025.699813679994, 0.10020270499605527, -224.9435813852463),
                    84: (1025.7357068746628, 0.10156575630164483, -224.9435813852463),
                    85: (1025.7726763474082, 0.10420674885520936, -224.9435813852463),
                    86: (1025.8106825103928, 0.10811437352118197, -224.9435813852463),
                    87: (1025.849684665665, 0.11327189725083336, -224.9435813852463),
                    88: (1025.8896410487405, 0.11965723473575596, -224.9435813852463),
                    89: (1025.930508873323, 0.1272430429805444, -224.9435813852463),
                    90: (1025.972244377123, 0.13599683838969995, -224.9435813852463),
                    91: (1026.0148028687167, 0.1458811358673736, -224.9435813852463),
                    92: (1026.0581387754062, 0.15685360933430065, -224.9435813852463),
                    93: (1026.102205692017, 0.16886727297457146, -224.9435813852463),
                    94: (1026.1469564305905, 0.181870682436107, -224.9435813852463),
                    95: (1026.1923430709155, 0.1958081551232732, -224.9435813852463),
                }
                uniform token[] xformOpOrder = ["xformOp:translate", "xformOp:rotateY"]
            }

            def Xform "Boat_15" (
                instanceable = true
                prepend references = @assetLibrary.usda@</Assets/Boat>
            )
            {
                float xformOp:rotateY.timeSamples = {
                    0: 75,
                    1: 75.65403,
                    2: 76.30526,
                    3: 76.950905,
                    4: 77.58819,
                    5: 78.21439,
                    6: 78.826836,
                    7: 79.42289,
                    8: 80,
                    9: 80.5557,
                    10: 81.087616,
                    11: 81.59346,
                    12: 82.07107,
                    13: 82.518394,
                    14: 82.93353,
                    15: 83.3147,
                    16: 83.660255,
                    17: 83.96873,
                    18: 84.23879,
                    19: 84.4693,
                    20: 84.659256,
                    21: 84.80785,
                    22: 84.91445,
                    23: 84.97859,
                    24: 85,
                    25: 84.97859,
                    26: 84.91445,
                    27: 84.80785,
                    28: 84.659256,
                    29: 84.4693,
                    30: 84.23879,
                    31: 83.96873,
                    32: 83.660255,
                    33: 83.3147,
                    34: 82.93353,
                    35: 82.518394,
                    36: 82.07107,
                    37: 81.59346,
                    38: 81.087616,
                    39: 80.5557,
                    40: 80,
                    41: 79.42289,
                    42: 78.826836,
                    43: 78.21439,
                    44: 77.58819,
                    45: 76.950905,
                    46: 76.30526,
                    47: 75.65403,
                    48: 75,
                    49: 74.34597,
                    50: 73.69474,
                    51: 73.049095,
                    52: 72.41181,
                    53: 71.78561,
                    54: 71.173164,
                    55: 70.57711,
                    56: 70,
                    57: 69.4443,
                    58: 68.912384,
                    59: 68.40654,
                    60: 67.92893,
                    61: 67.481606,
                    62: 67.06647,
                    63: 66.6853,
                    64: 66.339745,
                    65: 66.03127,
                    66: 65.76121,
                    67: 65.5307,
                    68: 65.340744,
                    69: 65.19215,
                    70: 65.08555,
                    71: 65.02141,
                    72: 65,
                    73: 65.02141,
                    74: 65.08555,
                    75: 65.19215,
                    76: 65.340744,
                    77: 65.5307,
                    78: 65.76121,
                    79: 66.03127,
                    80: 66.339745,
                    81: 66.6853,
                    82: 67.06647,
                    83: 67.481606,
                    84: 67.92893,
                    85: 68.40654,
                    86: 68.912384,
                    87: 69.4443,
                    88: 70,
                    89: 70.57711,
                    90: 71.173164,
                    91: 71.78561,
                    92: 72.41181,
                    93: 73.049095,
                    94: 73.69474,
                    95: 74.34597,
                }
                double3 xformOp:translate.timeSamples = {
                    0: (927.796747072187, 0.31617535054032225, 181.72757411681542),
                    1: (927.7480462663237, 0.3351942679515339, 181.72757411681542),
                    2: (927.6991709382443, 0.35449069345653383, 181.72757411681542),
                    3: (927.6501734248741, 0.37398199679886895, 181.72757411681542),
                    4: (927.6011061939777, 0.3935847132252676, 181.72757411681542),
                    5: (927.552021787975, 0.41321490089452867, 181.72757411681542),
                    6: (927.5029727676775, 0.43278850032937083, 181.72757411681542),
                    7: (927.4540116560045, 0.45222169437202026, 181.72757411681542),
                    8: (927.4051908817407, 0.47143126710214855, 181.72757411681542),
                    9: (927.3565627233943, 0.49033496018021755, 181.72757411681542),
                    10: (927.3081792532149, 0.5088518250903198, 181.72757411681542),
                    11: (927.2600922814344, 0.5269025697741487, 181.72757411681542),
                    12: (927.2123533007866, 0.5444098981717681, 181.72757411681542),
                    13: (927.1650134313678, 0.561298841215205, 181.72757411681542),
                    14: (927.1181233658958, 0.5774970778575097, 181.72757411681542),
                    15: (927.0717333154272, 0.5929352447625815, 181.72757411681542),
                    16: (927.02589295559, 0.6075472333296221, 181.72757411681542),
                    17: (926.9806513733898, 0.6212704727803146, 181.72757411681542),
                    18: (926.9360570146458, 0.6340461980965004, 181.72757411681542),
                    19: (926.8921576321144, 0.6458197016610114, 181.72757411681542),
                    20: (926.849000234354, 0.6565405675240826, 181.72757411681542),
                    21: (926.806631035387, 0.6661628872921912, 181.72757411681542),
                    22: (926.7650954052131, 0.6746454567148448, 181.72757411681542),
                    23: (926.7244378212251, 0.6819519521275079, 181.72757411681542),
                    24: (926.6847018205826, 0.6880510859951098, 181.72757411681542),
                    25: (926.6459299535903, 0.6929167408900734, 181.72757411681542),
                    26: (926.6081637381344, 0.6965280813311495, 181.72757411681542),
                    27: (926.5714436152244, 0.6988696430041464, 181.72757411681542),
                    28: (926.5358089056878, 0.6999313989824972, 181.72757411681542),
                    29: (926.5012977680639, 0.699708802664099, 181.72757411681542),
                    30: (926.4679471577433, 0.6982028072405605, 181.72757411681542),
                    31: (926.435792787395, 0.6954198616154901, 181.72757411681542),
                    32: (926.4048690887242, 0.6913718827893, 181.72757411681542),
                    33: (926.3752091756018, 0.6860762048287807, 181.72757411681542),
                    34: (926.3468448086057, 0.6795555046399667, 181.72757411681542),
                    35: (926.3198063610107, 0.6718377048621424, 181.72757411681542),
                    36: (926.2941227862635, 0.662955854298815, 181.72757411681542),
                    37: (926.2698215869793, 0.6529479863976627, 181.72757411681542),
                    38: (926.2469287854911, 0.6418569563854742, 181.72757411681542),
                    39: (926.2254688959841, 0.6297302577554876, 181.72757411681542),
                    40: (926.2054648982455, 0.6166198188929612, 181.72757411681542),
                    41: (926.1869382130569, 0.602581780709856, 181.72757411681542),
                    42: (926.1699086792572, 0.58767625624083, 181.72757411681542),
                    43: (926.1543945324975, 0.5719670732299977, 181.72757411681542),
                    44: (926.1404123857147, 0.5555215008107292, 181.72757411681542),
                    45: (926.1279772113419, 0.5384099614488939, 181.72757411681542),
                    46: (926.1171023252754, 0.520705729383051, 181.72757411681542),
                    47: (926.1077993726153, 0.5024846168529088, 181.72757411681542),
                    48: (926.1000783151966, 0.4838246494596778, 181.72757411681542),
                    49: (926.0939474209208, 0.46480573204846615, 181.72757411681542),
                    50: (926.0894132549031, 0.445509306543466, 181.72757411681542),
                    51: (926.086480672442, 0.42601800320113137, 181.72757411681542),
                    52: (926.0851528138203, 0.4064152867747325, 181.72757411681542),
                    53: (926.0854311009424, 0.38678509910547143, 181.72757411681542),
                    54: (926.0873152358112, 0.36721149967062927, 181.72757411681542),
                    55: (926.0908032008481, 0.34777830562797957, 181.72757411681542),
                    56: (926.0958912610528, 0.3285687328978518, 181.72757411681542),
                    57: (926.1025739680027, 0.30966503981978255, 181.72757411681542),
                    58: (926.1108441656881, 0.2911481749096803, 181.72757411681542),
                    59: (926.1206929981741, 0.2730974302258511, 181.72757411681542),
                    60: (926.1321099190843, 0.2555901018282322, 181.72757411681542),
                    61: (926.1450827028935, 0.23870115878479525, 181.72757411681542),
                    62: (926.1595974580202, 0.22250292214249043, 181.72757411681542),
                    63: (926.175638641701, 0.2070647552374186, 181.72757411681542),
                    64: (926.1931890766343, 0.19245276667037817, 181.72757411681542),
                    65: (926.2122299693752, 0.17872952721968535, 181.72757411681542),
                    66: (926.2327409304587, 0.1659538019034996, 181.72757411681542),
                    67: (926.2546999962339, 0.15418029833898872, 181.72757411681542),
                    68: (926.278083652383, 0.14345943247591747, 181.72757411681542),
                    69: (926.3028668591015, 0.13383711270780901, 181.72757411681542),
                    70: (926.329023077911, 0.1253545432851551, 181.72757411681542),
                    71: (926.3565243000769, 0.11804804787249218, 181.72757411681542),
                    72: (926.3853410766019, 0.11194891400489027, 181.72757411681542),
                    73: (926.41544254976, 0.10708325910992661, 181.72757411681542),
                    74: (926.4467964861395, 0.10347191866885053, 181.72757411681542),
                    75: (926.4793693111603, 0.1011303569958536, 181.72757411681542),
                    76: (926.5131261450254, 0.10006860101750281, 181.72757411681542),
                    77: (926.5480308400714, 0.10029119733590114, 181.72757411681542),
                    78: (926.5840460194768, 0.1017971927594396, 181.72757411681542),
                    79: (926.6211331172854, 0.10458013838450986, 181.72757411681542),
                    80: (926.6592524197038, 0.1086281172107002, 181.72757411681542),
                    81: (926.6983631076282, 0.11392379517121931, 181.72757411681542),
                    82: (926.7384233003545, 0.12044449536003315, 181.72757411681542),
                    83: (926.7793901004248, 0.12816229513785754, 181.72757411681542),
                    84: (926.8212196395637, 0.13704414570118495, 181.72757411681542),
                    85: (926.8638671256525, 0.1470520136023376, 181.72757411681542),
                    86: (926.9072868906954, 0.1581430436145258, 181.72757411681542),
                    87: (926.9514324397202, 0.17026974224451202, 181.72757411681542),
                    88: (926.9962565005674, 0.18338018110703874, 181.72757411681542),
                    89: (927.0417110745096, 0.197418219290144, 181.72757411681542),
                    90: (927.087747487651, 0.21232374375917046, 181.72757411681542),
                    91: (927.1343164430469, 0.22803292677000234, 181.72757411681542),
                    92: (927.1813680734938, 0.24447849918927045, 181.72757411681542),
                    93: (927.2288519949269, 0.2615900385511062, 181.72757411681542),
                    94: (927.2767173603742, 0.279294270616949, 181.72757411681542),
                    95: (927.3249129144031, 0.2975153831470917, 181.72757411681542),
                }
                uniform token[] xformOpOrder = ["xformOp:translate", "xformOp:rotateY"]
            }

            def Xform "Boat_16" (
                instanceable = true
                prepend references = @assetLibrary.usda@</Assets/Boat>
            )
            {
                float xformOp:rotateY.timeSamples = {
                    0: 104,
                    1: 104.65403,
                    2: 105.30526,
                    3: 105.950905,
                    4: 106.58819,
                    5: 107.21439,
                    6: 107.826836,
                    7: 108.42289,
                    8: 109,
                    9: 109.5557,
                    10: 110.087616,
                    11: 110.59346,
                    12: 111.07107,
                    13: 111.518394,
                    14: 111.93353,
                    15: 112.3147,
                    16: 112.660255,
                    17: 112.96873,
                    18: 113.23879,
                    19: 113.4693,
                    20: 113.659256,
                    21: 113.80785,
                    22: 113.91445,
                    23: 113.97859,
                    24: 114,
                    25: 113.97859,
                    26: 113.91445,
                    27: 113.80785,
                    28: 113.659256,
                    29: 113.4693,
                    30: 113.23879,
                    31: 112.96873,
                    32: 112.660255,
                    33: 112.3147,
                    34: 111.93353,
                    35: 111.518394,
                    36: 111.07107,
                    37: 110.59346,
                    38: 110.087616,
                    39: 109.5557,
                    40: 109,
                    41: 108.42289,
                    42: 107.826836,
                    43: 107.21439,
                    44: 106.58819,
                    45: 105.950905,
                    46: 105.30526,
                    47: 104.65403,
                    48: 104,
                    49: 103.34597,
                    50: 102.69474,
                    51: 102.049095,
                    52: 101.41181,
                    53: 100.78561,
                    54: 100.173164,
                    55: 99.57711,
                    56: 99,
                    57: 98.4443,
                    58: 97.912384,
                    59: 97.40654,
                    60: 96.92893,
                    61: 96.481606,
                    62: 96.06647,
                    63: 95.6853,
                    64: 95.339745,
                    65: 95.03127,
                    66: 94.76121,
                    67: 94.5307,
                    68: 94.340744,
                    69: 94.19215,
                    70: 94.08555,
                    71: 94.02141,
                    72: 94,
                    73: 94.02141,
                    74: 94.08555,
                    75: 94.19215,
                    76: 94.340744,
                    77: 94.5307,
                    78: 94.76121,
                    79: 95.03127,
                    80: 95.339745,
                    81: 95.6853,
                    82: 96.06647,
                    83: 96.481606,
                    84: 96.92893,
                    85: 97.40654,
                    86: 97.912384,
                    87: 98.4443,
                    88: 99,
                    89: 99.57711,
                    90: 100.173164,
                    91: 100.78561,
                    92: 101.41181,
                    93: 102.049095,
                    94: 102.69474,
                    95: 103.34597,
                }
                double3 xformOp:translate.timeSamples = {
                    0: (788.9714195143314, 0.4349647614551481, 67.45493722227569),
                    1: (788.9224714615278, 0.4543771196942202, 67.45493722227569),
                    2: (788.8736695862677, 0.4735566267586341, 67.45493722227569),
                    3: (788.8250661468212, 0.49242115305464895, 67.45493722227569),
                    4: (788.7767131889688, 0.5108899177845301, 67.45493722227569),
                    5: (788.7286624902687, 0.5288838348623282, 67.45493722227569),
                    6: (788.6809655046127, 0.5463258515726395, 67.45493722227569),
                    7: (788.6336733071277, 0.563141278522163, 67.45493722227569),
                    8: (788.5868365394834, 0.5792581094711502, 67.45493722227569),
                    9: (788.5405053556636, 0.594607329675176, 67.45493722227569),
                    10: (788.4947293682606, 0.6091232114168722, 67.45493722227569),
                    11: (788.4495575953481, 0.6227435954621017, 67.45493722227569),
                    12: (788.4050384079919, 0.6354101572353437, 67.45493722227569),
                    13: (788.3612194784531, 0.6470686565744792, 67.45493722227569),
                    14: (788.3181477291389, 0.6576691699954923, 67.45493722227569),
                    15: (788.2758692823572, 0.6671663044724943, 67.45493722227569),
                    16: (788.234429410928, 0.6755193918176277, 67.45493722227569),
                    17: (788.1938724897035, 0.6826926628284915, 67.45493722227569),
                    18: (788.1542419480506, 0.6886554004573564, 67.45493722227569),
                    19: (788.1155802233461, 0.6933820713462798, 67.45493722227569),
                    20: (788.0779287155333, 0.6968524351648634, 67.45493722227569),
                    21: (788.0413277427896, 0.699051631282456, 67.45493722227569),
                    22: (788.0058164983534, 0.6999702424036556, 67.45493722227569),
                    23: (787.9714330085549, 0.6996043348946133, 67.45493722227569),
                    24: (787.938214092096, 0.6979554756274577, 67.45493722227569),
                    25: (787.9061953206245, 0.6950307252707089, 67.45493722227569),
                    26: (787.875410980643, 0.6908426080544097, 67.45493722227569),
                    27: (787.8458940367938, 0.6854090581394522, 67.45493722227569),
                    28: (787.8176760965595, 0.6787533428207457, 67.45493722227569),
                    29: (787.7907873764174, 0.6709039628930891, 67.45493722227569),
                    30: (787.7652566694826, 0.661894530606391, 67.45493722227569),
                    31: (787.7411113146754, 0.6517636257328567, 67.45493722227569),
                    32: (787.7183771674468, 0.6405546303624796, 67.45493722227569),
                    33: (787.6970785720907, 0.6283155431342714, 67.45493722227569),
                    34: (787.6772383356766, 0.6150987736987223, 67.45493722227569),
                    35: (787.6588777036268, 0.6009609182916309, 67.45493722227569),
                    36: (787.6420163369659, 0.5859625173803331, 67.45493722227569),
                    37: (787.6266722912674, 0.5701677964201282, 67.45493722227569),
                    38: (787.61286199732, 0.5536443908310164, 67.45493722227569),
                    39: (787.6006002435323, 0.5364630563724502, 67.45493722227569),
                    40: (787.5899001600974, 0.5186973661563076, 67.45493722227569),
                    41: (787.5807732049327, 0.5004233955955331, 67.45493722227569),
                    42: (787.5732291514103, 0.4817193966375377, 67.45493722227569),
                    43: (787.5672760778917, 0.4626654626773504, 67.45493722227569),
                    44: (787.5629203590771, 0.4433431855854019, 67.45493722227569),
                    45: (787.5601666591795, 0.4238353063186098, 67.45493722227569),
                    46: (787.5590179269294, 0.4042253606108991, 67.45493722227569),
                    47: (787.5594753924183, 0.38459732126036283, 67.45493722227569),
                    48: (787.5615385657807, 0.365035238544852, 67.45493722227569),
                    49: (787.5652052377187, 0.34562288030577987, 67.45493722227569),
                    50: (787.5704714818683, 0.32644337324136574, 67.45493722227569),
                    51: (787.5773316590033, 0.30757884694535137, 67.45493722227569),
                    52: (787.5857784230743, 0.28911008221547, 67.45493722227569),
                    53: (787.5958027290746, 0.27111616513767195, 67.45493722227569),
                    54: (787.6073938427264, 0.2536741484273607, 67.45493722227569),
                    55: (787.6205393519748, 0.23685872147783688, 67.45493722227569),
                    56: (787.6352251802792, 0.22074189052885013, 67.45493722227569),
                    57: (787.651435601687, 0.205392670324824, 67.45493722227569),
                    58: (787.6691532576726, 0.19087678858312782, 67.45493722227569),
                    59: (787.6883591757265, 0.17725640453789818, 67.45493722227569),
                    60: (787.7090327896706, 0.1645898427646565, 67.45493722227569),
                    61: (787.731151961681, 0.15293134342552106, 67.45493722227569),
                    62: (787.7546930059945, 0.14233083000450775, 67.45493722227569),
                    63: (787.779630714271, 0.1328336955275058, 67.45493722227569),
                    64: (787.8059383825881, 0.12448060818237233, 67.45493722227569),
                    65: (787.8335878400355, 0.11730733717150871, 67.45493722227569),
                    66: (787.8625494788818, 0.11134459954264347, 67.45493722227569),
                    67: (787.8927922862784, 0.10661792865372022, 67.45493722227569),
                    68: (787.9242838774699, 0.10314756483513665, 67.45493722227569),
                    69: (787.9569905304716, 0.10094836871754398, 67.45493722227569),
                    70: (787.9908772221801, 0.10002975759634447, 67.45493722227569),
                    71: (788.0259076658774, 0.10039566510538689, 67.45493722227569),
                    72: (788.0620443500868, 0.10204452437254224, 67.45493722227569),
                    73: (788.0992485787418, 0.10496927472929113, 67.45493722227569),
                    74: (788.1374805126225, 0.10915739194559038, 67.45493722227569),
                    75: (788.1766992120164, 0.1145909418605478, 67.45493722227569),
                    76: (788.2168626805579, 0.12124665717925431, 67.45493722227569),
                    77: (788.2579279101991, 0.12909603710691103, 67.45493722227569),
                    78: (788.2998509272633, 0.13810546939360868, 67.45493722227569),
                    79: (788.3425868395337, 0.14823637426714326, 67.45493722227569),
                    80: (788.3860898843253, 0.15944536963752035, 67.45493722227569),
                    81: (788.430313477488, 0.17168445686572859, 67.45493722227569),
                    82: (788.4752102632905, 0.18490122630127767, 67.45493722227569),
                    83: (788.52073216513, 0.19903908170836918, 67.45493722227569),
                    84: (788.5668304370138, 0.21403748261966693, 67.45493722227569),
                    85: (788.6134557157578, 0.22983220357987189, 67.45493722227569),
                    86: (788.6605580738457, 0.24635560916898366, 67.45493722227569),
                    87: (788.7080870728927, 0.26353694362754987, 67.45493722227569),
                    88: (788.755991817656, 0.281302633843692, 67.45493722227569),
                    89: (788.8042210105351, 0.29957660440446754, 67.45493722227569),
                    90: (788.8527230065024, 0.31828060336246233, 67.45493722227569),
                    91: (788.9014458684056, 0.33733453732264956, 67.45493722227569),
                    92: (788.9503374225839, 0.3566568144145981, 67.45493722227569),
                    93: (788.9993453147363, 0.3761646936813897, 67.45493722227569),
                    94: (789.0484170659846, 0.39577463938910146, 67.45493722227569),
                    95: (789.0975001290683, 0.41540267873963715, 67.45493722227569),
                }
                uniform token[] xformOpOrder = ["xformOp:translate", "xformOp:rotateY"]
            }

            def Xform "Boat_17" (
                instanceable = true
                prepend references = @assetLibrary.usda@</Assets/Boat>
            )
            {
                float xformOp:rotateY.timeSamples = {
                    0: 133,
                    1: 133.65404,
                    2: 134.30527,
                    3: 134.9509,
                    4: 135.5882,
                    5: 136.2144,
                    6: 136.82683,
                    7: 137.42288,
                    8: 138,
                    9: 138.55571,
                    10: 139.08762,
                    11: 139.59346,
                    12: 140.07108,
                    13: 140.5184,
                    14: 140.93353,
                    15: 141.3147,
                    16: 141.66025,
                    17: 141.96873,
                    18: 142.2388,
                    19: 142.4693,
                    20: 142.65926,
                    21: 142.80785,
                    22: 142.91444,
                    23: 142.97859,
                    24: 143,
                    25: 142.97859,
                    26: 142.91444,
                    27: 142.80785,
                    28: 142.65926,
                    29: 142.4693,
                    30: 142.2388,
                    31: 141.96873,
                    32: 141.66025,
                    33: 141.3147,
                    34: 140.93353,
                    35: 140.5184,
                    36: 140.07108,
                    37: 139.59346,
                    38: 139.08762,
                    39: 138.55571,
                    40: 138,
                    41: 137.42288,
                    42: 136.82683,
                    43: 136.2144,
                    44: 135.5882,
                    45: 134.9509,
                    46: 134.30527,
                    47: 133.65404,
                    48: 133,
                    49: 132.34596,
                    50: 131.69473,
                    51: 131.0491,
                    52: 130.4118,
                    53: 129.7856,
                    54: 129.17317,
                    55: 128.57712,
                    56: 128,
                    57: 127.4443,
                    58: 126.912384,
                    59: 126.40654,
                    60: 125.92893,
                    61: 125.481606,
                    62: 125.06647,
                    63: 124.6853,
                    64: 124.339745,
                    65: 124.03127,
                    66: 123.76121,
                    67: 123.5307,
                    68: 123.340744,
                    69: 123.19215,
                    70: 123.08555,
                    71: 123.02141,
                    72: 123,
                    73: 123.02141,
                    74: 123.08555,
                    75: 123.19215,
                    76: 123.340744,
                    77: 123.5307,
                    78: 123.76121,
                    79: 124.03127,
                    80: 124.339745,
                    81: 124.6853,
                    82: 125.06647,
                    83: 125.481606,
                    84: 125.92893,
                    85: 126.40654,
                    86: 126.912384,
                    87: 127.4443,
                    88: 128,
                    89: 128.57712,
                    90: 129.17317,
                    91: 129.7856,
                    92: 130.4118,
                    93: 131.0491,
                    94: 131.69473,
                    95: 132.34596,
                }
                double3 xformOp:translate.timeSamples = {
                    0: (1081.6722763681817, 0.5482340053415827, 49.7010670015453),
                    1: (1081.6250324728387, 0.5649750198816107, 49.7010670015453),
                    2: (1081.5782496271613, 0.5810095860590796, 49.7010670015453),
                    3: (1081.531977927392, 0.5962690413999465, 49.7010670015453),
                    4: (1081.4862669224265, 0.6106880425737673, 49.7010670015453),
                    5: (1081.4411655607535, 0.6242048452038707, 49.7010670015453),
                    6: (1081.3967221380406, 0.6367615682662568, 49.7010670015453),
                    7: (1081.3529842454182, 0.6483044419450297, 49.7010670015453),
                    8: (1081.3099987185174, 0.6587840378830025, 49.7010670015453),
                    9: (1081.2678115873168, 0.668155480841512, 49.7010670015453),
                    10: (1081.2264680268534, 0.6763786408630799, 49.7010670015453),
                    11: (1081.186012308847, 0.683418305114051, 49.7010670015453),
                    12: (1081.146487754294, 0.6892443286713542, 49.7010670015453),
                    13: (1081.1079366870772, 0.6938317636076894, 49.7010670015453),
                    14: (1081.070400388645, 0.6971609658223834, 49.7010670015453),
                    15: (1081.0339190538064, 0.6992176791604445, 49.7010670015453),
                    16: (1080.9985317476878, 0.6999930964596067, 49.7010670015453),
                    17: (1080.9642763639033, 0.699483897263951, 49.7010670015453),
                    18: (1080.931189583976, 0.6976922620426065, 49.7010670015453),
                    19: (1080.8993068380582, 0.6946258628526483, 49.7010670015453),
                    20: (1080.8686622669932, 0.6902978304861694, 49.7010670015453),
                    21: (1080.839288685755, 0.6847266982422151, 49.7010670015453),
                    22: (1080.8112175483102, 0.67793632256435, 49.7010670015453),
                    23: (1080.784478913936, 0.6699557808837034, 49.7010670015453),
                    24: (1080.7591014150316, 0.6608192471049474, 49.7010670015453),
                    25: (1080.7351122264586, 0.6505658452683888, 49.7010670015453),
                    26: (1080.7125370364408, 0.6392394820148225, 49.7010670015453),
                    27: (1080.6914000190573, 0.6268886585705556, 49.7010670015453),
                    28: (1080.6717238083556, 0.6135662630577088, 49.7010670015453),
                    29: (1080.6535294741154, 0.5993293440191595, 49.7010670015453),
                    30: (1080.636836499285, 0.5842388661279226, 49.7010670015453),
                    31: (1080.62166275912, 0.5683594491270612, 49.7010670015453),
                    32: (1080.6080245020416, 0.5517590911180242, 49.7010670015453),
                    33: (1080.5959363322372, 0.5345088773823404, 49.7010670015453),
                    34: (1080.5854111940216, 0.5166826759835269, 49.7010670015453),
                    35: (1080.5764603579764, 0.49835682145270166, 49.7010670015453),
                    36: (1080.5690934088814, 0.47960978791240244, 49.7010670015453),
                    37: (1080.5633182354495, 0.4605218530383448, 49.7010670015453),
                    38: (1080.5591410218817, 0.4411747542980931, 49.7010670015453),
                    39: (1080.5565662412428, 0.4216513389386737, 49.7010670015453),
                    40: (1080.5555966506722, 0.4020352092219448, 49.7010670015453),
                    41: (1080.556233288432, 0.38241036442687715, 49.7010670015453),
                    42: (1080.558475472794, 0.362860841151743, 49.7010670015453),
                    43: (1080.5623208027719, 0.3434703534565045, 49.7010670015453),
                    44: (1080.5677651606893, 0.3243219343863545, 49.7010670015453),
                    45: (1080.5748027165919, 0.30549758041147007, 49.7010670015453),
                    46: (1080.583425934488, 0.28707790030553965, 49.7010670015453),
                    47: (1080.5936255804204, 0.26914176996661654, 49.7010670015453),
                    48: (1080.6053907323526, 0.25176599465841737, 49.7010670015453),
                    49: (1080.6187087918652, 0.23502498011838938, 49.7010670015453),
                    50: (1080.6335654976465, 0.21899041394092025, 49.7010670015453),
                    51: (1080.6499449407638, 0.20373095860005377, 49.7010670015453),
                    52: (1080.6678295816992, 0.18931195742623283, 49.7010670015453),
                    53: (1080.6872002691312, 0.17579515479612948, 49.7010670015453),
                    54: (1080.7080362604424, 0.1632384317337432, 49.7010670015453),
                    55: (1080.7303152439317, 0.15169555805497023, 49.7010670015453),
                    56: (1080.7540133627053, 0.1412159621169976, 49.7010670015453),
                    57: (1080.779105240224, 0.13184451915848805, 49.7010670015453),
                    58: (1080.8055640074772, 0.12362135913692018, 49.7010670015453),
                    59: (1080.833361331754, 0.11658169488594894, 49.7010670015453),
                    60: (1080.8624674469831, 0.11075567132864594, 49.7010670015453),
                    61: (1080.8928511856077, 0.10616823639231077, 49.7010670015453),
                    62: (1080.9244800119593, 0.1028390341776167, 49.7010670015453),
                    63: (1080.9573200570983, 0.10078232083955557, 49.7010670015453),
                    64: (1080.9913361550819, 0.10000690354039332, 49.7010670015453),
                    65: (1081.0264918806204, 0.1005161027360491, 49.7010670015453),
                    66: (1081.0627495880824, 0.10230773795739351, 49.7010670015453),
                    67: (1081.1000704518062, 0.10537413714735183, 49.7010670015453),
                    68: (1081.1384145076768, 0.1097021695138306, 49.7010670015453),
                    69: (1081.1777406959181, 0.11527330175778472, 49.7010670015453),
                    70: (1081.218006905063, 0.12206367743565033, 49.7010670015453),
                    71: (1081.2591700170465, 0.1300442191162966, 49.7010670015453),
                    72: (1081.3011859533767, 0.13918075289505255, 49.7010670015453),
                    73: (1081.344009722337, 0.1494341547316112, 49.7010670015453),
                    74: (1081.3875954671628, 0.16076051798517715, 49.7010670015453),
                    75: (1081.4318965151467, 0.17311134142944473, 49.7010670015453),
                    76: (1081.4768654276172, 0.1864337369422913, 49.7010670015453),
                    77: (1081.5224540507365, 0.20067065598084047, 49.7010670015453),
                    78: (1081.5686135670649, 0.21576113387207738, 49.7010670015453),
                    79: (1081.6152945478361, 0.2316405508729389, 49.7010670015453),
                    80: (1081.6624470058866, 0.24824090888197622, 49.7010670015453),
                    81: (1081.7100204491837, 0.26549112261765956, 49.7010670015453),
                    82: (1081.7579639348924, 0.2833173240164726, 49.7010670015453),
                    83: (1081.8062261239274, 0.3016431785472984, 49.7010670015453),
                    84: (1081.8547553359278, 0.3203902120875976, 49.7010670015453),
                    85: (1081.903499604598, 0.3394781469616557, 49.7010670015453),
                    86: (1081.952406733354, 0.3588252457019069, 49.7010670015453),
                    87: (1082.0014243512176, 0.3783486610613258, 49.7010670015453),
                    88: (1082.0504999688956, 0.3979647907780552, 49.7010670015453),
                    89: (1082.0995810349875, 0.4175896355731229, 49.7010670015453),
                    90: (1082.1486149922584, 0.43713915884825755, 49.7010670015453),
                    91: (1082.1975493339185, 0.45652964654349554, 49.7010670015453),
                    92: (1082.2463316598494, 0.475678065613645, 49.7010670015453),
                    93: (1082.2949097327144, 0.4945024195885299, 49.7010670015453),
                    94: (1082.3432315338962, 0.5129220996944603, 49.7010670015453),
                    95: (1082.3912453192002, 0.530858230033384, 49.7010670015453),
                }
                uniform token[] xformOpOrder = ["xformOp:translate", "xformOp:rotateY"]
            }

            def Xform "Boat_18" (
                instanceable = true
                prepend references = @assetLibrary.usda@</Assets/Boat>
            )
            {
                float xformOp:rotateY.timeSamples = {
                    0: 162,
                    1: 162.65404,
                    2: 163.30527,
                    3: 163.9509,
                    4: 164.5882,
                    5: 165.2144,
                    6: 165.82683,
                    7: 166.42288,
                    8: 167,
                    9: 167.55571,
                    10: 168.08762,
                    11: 168.59346,
                    12: 169.07108,
                    13: 169.5184,
                    14: 169.93353,
                    15: 170.3147,
                    16: 170.66025,
                    17: 170.96873,
                    18: 171.2388,
                    19: 171.4693,
                    20: 171.65926,
                    21: 171.80785,
                    22: 171.91444,
                    23: 171.97859,
                    24: 172,
                    25: 171.97859,
                    26: 171.91444,
                    27: 171.80785,
                    28: 171.65926,
                    29: 171.4693,
                    30: 171.2388,
                    31: 170.96873,
                    32: 170.66025,
                    33: 170.3147,
                    34: 169.93353,
                    35: 169.5184,
                    36: 169.07108,
                    37: 168.59346,
                    38: 168.08762,
                    39: 167.55571,
                    40: 167,
                    41: 166.42288,
                    42: 165.82683,
                    43: 165.2144,
                    44: 164.5882,
                    45: 163.9509,
                    46: 163.30527,
                    47: 162.65404,
                    48: 162,
                    49: 161.34596,
                    50: 160.69473,
                    51: 160.0491,
                    52: 159.4118,
                    53: 158.7856,
                    54: 158.17317,
                    55: 157.57712,
                    56: 157,
                    57: 156.44429,
                    58: 155.91238,
                    59: 155.40654,
                    60: 154.92892,
                    61: 154.4816,
                    62: 154.06647,
                    63: 153.6853,
                    64: 153.33975,
                    65: 153.03127,
                    66: 152.7612,
                    67: 152.5307,
                    68: 152.34074,
                    69: 152.19215,
                    70: 152.08556,
                    71: 152.02141,
                    72: 152,
                    73: 152.02141,
                    74: 152.08556,
                    75: 152.19215,
                    76: 152.34074,
                    77: 152.5307,
                    78: 152.7612,
                    79: 153.03127,
                    80: 153.33975,
                    81: 153.6853,
                    82: 154.06647,
                    83: 154.4816,
                    84: 154.92892,
                    85: 155.40654,
                    86: 155.91238,
                    87: 156.44429,
                    88: 157,
                    89: 157.57712,
                    90: 158.17317,
                    91: 158.7856,
                    92: 159.4118,
                    93: 160.0491,
                    94: 160.69473,
                    95: 161.34596,
                }
                double3 xformOp:translate.timeSamples = {
                    0: (948.5537694819463, 0.6381003591547459, -208.69382522872397),
                    1: (948.5101132090845, 0.6495269919013837, -208.69382522872397),
                    2: (948.467214477415, 0.659885111760619, -208.69382522872397),
                    3: (948.4251192239744, 0.6691303636730072, -208.69382522872397),
                    4: (948.3838725254142, 0.6772231580505024, -208.69382522872397),
                    5: (948.3435185497324, 0.6841288403051518, -208.69382522872397),
                    6: (948.304100508977, 0.6898178392453613, -208.69382522872397),
                    7: (948.2656606129732, 0.6942657937042782, -208.69382522872397),
                    8: (948.2282400241246, 0.6974536568580469, -208.69382522872397),
                    9: (948.191878813335, 0.6993677777872331, -208.69382522872397),
                    10: (948.1566159170997, 0.6999999599321571, -208.69382522872397),
                    11: (948.122489095811, 0.6993474961918199, -208.69382522872397),
                    12: (948.0895348933242, 0.6974131805161256, -208.69382522872397),
                    13: (948.0577885978245, 0.6942052959417591, -208.69382522872397),
                    14: (948.0272842040405, 0.6897375791229512, -208.69382522872397),
                    15: (947.998054376841, 0.6840291615090165, -208.69382522872397),
                    16: (947.970130416257, 0.67710448742055, -208.69382522872397),
                    17: (947.9435422239651, 0.6689932093750938, -208.69382522872397),
                    18: (947.9183182712675, 0.6597300611105046, -208.69382522872397),
                    19: (947.8944855686045, 0.6493547088497558, -208.69382522872397),
                    20: (947.8720696366312, 0.6379115814440814, -208.69382522872397),
                    21: (947.8510944788887, 0.6254496801218126, -208.69382522872397),
                    22: (947.8315825561016, 0.6120223686575976, -208.69382522872397),
                    23: (947.8135547621254, 0.5976871448605245, -208.69382522872397),
                    24: (947.7970304015734, 0.5825053943596762, -208.69382522872397),
                    25: (947.7820271691448, 0.5665421277414422, -208.69382522872397),
                    26: (947.7685611306769, 0.5498657021642063, -208.69382522872397),
                    27: (947.7566467059405, 0.5325475286425021, -208.69382522872397),
                    28: (947.7462966532005, 0.514661766254084, -208.69382522872397),
                    29: (947.7375220555524, 0.49628500457937114, -208.69382522872397),
                    30: (947.7303323090551, 0.4774959357331072, -208.69382522872397),
                    31: (947.7247351126694, 0.4583750173926411, -208.69382522872397),
                    32: (947.7207364600131, 0.43900412826580393, -208.69382522872397),
                    33: (947.718340632944, 0.4194662174737099, -208.69382522872397),
                    34: (947.7175501969734, 0.39984494934988535, -208.69382522872397),
                    35: (947.7183659985201, 0.38022434517674897, -208.69382522872397),
                    36: (947.7207871640034, 0.360688423393579, -208.69382522872397),
                    37: (947.7248111007785, 0.3413208398166607, -208.69382522872397),
                    38: (947.7304334999133, 0.32220452941223654, -208.69382522872397),
                    39: (947.7376483408018, 0.30342135115624663, -208.69382522872397),
                    40: (947.7464478976118, 0.2850517375016296, -208.69382522872397),
                    41: (947.7568227475575, 0.26717434995420886, -208.69382522872397),
                    42: (947.7687617809895, 0.24986574223204902, -208.69382522872397),
                    43: (947.782252213292, 0.23320003245068255, -208.69382522872397),
                    44: (947.7972795985721, 0.2172485857379587, -208.69382522872397),
                    45: (947.8138278451291, 0.20207970863761246, -208.69382522872397),
                    46: (947.8318792326863, 0.18775835661015589, -208.69382522872397),
                    47: (947.8514144313658, 0.17434585588362456, -208.69382522872397),
                    48: (947.8724125223873, 0.16189964084525427, -208.69382522872397),
                    49: (947.8948510204692, 0.15047300809861644, -208.69382522872397),
                    50: (947.9187058979057, 0.14011488823938106, -208.69382522872397),
                    51: (947.9439516102965, 0.1308696363269929, -208.69382522872397),
                    52: (947.9705611239004, 0.12277684194949767, -208.69382522872397),
                    53: (947.9985059445839, 0.11587115969484835, -208.69382522872397),
                    54: (948.0277561483329, 0.11018216075463866, -208.69382522872397),
                    55: (948.0582804132966, 0.10573420629572178, -208.69382522872397),
                    56: (948.0900460533276, 0.1025463431419531, -208.69382522872397),
                    57: (948.1230190529828, 0.10063222221276685, -208.69382522872397),
                    58: (948.1571641039485, 0.10000004006784285, -208.69382522872397),
                    59: (948.1924446428487, 0.10065250380818014, -208.69382522872397),
                    60: (948.2288228903988, 0.10258681948387449, -208.69382522872397),
                    61: (948.2662598918599, 0.10579470405824104, -208.69382522872397),
                    62: (948.3047155587534, 0.1102624208770489, -208.69382522872397),
                    63: (948.3441487117879, 0.11597083849098355, -208.69382522872397),
                    64: (948.3845171249554, 0.12289551257945008, -208.69382522872397),
                    65: (948.425777570748, 0.13100679062490628, -208.69382522872397),
                    66: (948.4678858664469, 0.14026993888949546, -208.69382522872397),
                    67: (948.5107969214342, 0.1506452911502442, -208.69382522872397),
                    68: (948.5544647854778, 0.16208841855591866, -208.69382522872397),
                    69: (948.5988426979346, 0.17455031987818745, -208.69382522872397),
                    70: (948.6438831378249, 0.1879776313424024, -208.69382522872397),
                    71: (948.6895378747172, 0.20231285513947542, -208.69382522872397),
                    72: (948.7357580203758, 0.21749460564032383, -208.69382522872397),
                    73: (948.782494081111, 0.23345787225855782, -208.69382522872397),
                    74: (948.8296960107785, 0.25013429783579366, -208.69382522872397),
                    75: (948.8773132643696, 0.2674524713574979, -208.69382522872397),
                    76: (948.9252948521365, 0.2853382337459156, -208.69382522872397),
                    77: (948.9735893941933, 0.30371499542062885, -208.69382522872397),
                    78: (949.0221451755344, 0.3225040642668928, -208.69382522872397),
                    79: (949.0709102014134, 0.34162498260735896, -208.69382522872397),
                    80: (949.1198322530189, 0.3609958717341961, -208.69382522872397),
                    81: (949.1688589433927, 0.3805337825262896, -208.69382522872397),
                    82: (949.2179377735268, 0.4001550506501141, -208.69382522872397),
                    83: (949.2670161885806, 0.419775654823251, -208.69382522872397),
                    84: (949.316041634158, 0.43931157660642106, -208.69382522872397),
                    85: (949.3649616125838, 0.4586791601833393, -208.69382522872397),
                    86: (949.4137237391199, 0.47779547058776345, -208.69382522872397),
                    87: (949.4622757980599, 0.49657864884375336, -208.69382522872397),
                    88: (949.5105657986428, 0.5149482624983704, -208.69382522872397),
                    89: (949.5585420307266, 0.5328256500457911, -208.69382522872397),
                    90: (949.6061531201603, 0.550134257767951, -208.69382522872397),
                    91: (949.6533480837968, 0.5667999675493175, -208.69382522872397),
                    92: (949.7000763840869, 0.5827514142620414, -208.69382522872397),
                    93: (949.7462879831961, 0.5979202913623876, -208.69382522872397),
                    94: (949.791933396587, 0.6122416433898441, -208.69382522872397),
                    95: (949.8369637460072, 0.6256541441163754, -208.69382522872397),
                }
                uniform token[] xformOpOrder = ["xformOp:translate", "xformOp:rotateY"]
            }

            def Xform "Boat_19" (
                instanceable = true
                prepend references = @assetLibrary.usda@</Assets/Boat>
            )
            {
                float xformOp:rotateY.timeSamples = {
                    0: 191,
                    1: 191.65404,
                    2: 192.30527,
                    3: 192.9509,
                    4: 193.5882,
                    5: 194.2144,
                    6: 194.82683,
                    7: 195.42288,
                    8: 196,
                    9: 196.55571,
                    10: 197.08762,
                    11: 197.59346,
                    12: 198.07108,
                    13: 198.5184,
                    14: 198.93353,
                    15: 199.3147,
                    16: 199.66025,
                    17: 199.96873,
                    18: 200.2388,
                    19: 200.4693,
                    20: 200.65926,
                    21: 200.80785,
                    22: 200.91444,
                    23: 200.97859,
                    24: 201,
                    25: 200.97859,
                    26: 200.91444,
                    27: 200.80785,
                    28: 200.65926,
                    29: 200.4693,
                    30: 200.2388,
                    31: 199.96873,
                    32: 199.66025,
                    33: 199.3147,
                    34: 198.93353,
                    35: 198.5184,
                    36: 198.07108,
                    37: 197.59346,
                    38: 197.08762,
                    39: 196.55571,
                    40: 196,
                    41: 195.42288,
                    42: 194.82683,
                    43: 194.2144,
                    44: 193.5882,
                    45: 192.9509,
                    46: 192.30527,
                    47: 191.65404,
                    48: 191,
                    49: 190.34596,
                    50: 189.69473,
                    51: 189.0491,
                    52: 188.4118,
                    53: 187.7856,
                    54: 187.17317,
                    55: 186.57712,
                    56: 186,
                    57: 185.44429,
                    58: 184.91238,
                    59: 184.40654,
                    60: 183.92892,
                    61: 183.4816,
                    62: 183.06647,
                    63: 182.6853,
                    64: 182.33975,
                    65: 182.03127,
                    66: 181.7612,
                    67: 181.5307,
                    68: 181.34074,
                    69: 181.19215,
                    70: 181.08556,
                    71: 181.02141,
                    72: 181,
                    73: 181.02141,
                    74: 181.08556,
                    75: 181.19215,
                    76: 181.34074,
                    77: 181.5307,
                    78: 181.7612,
                    79: 182.03127,
                    80: 182.33975,
                    81: 182.6853,
                    82: 183.06647,
                    83: 183.4816,
                    84: 183.92892,
                    85: 184.40654,
                    86: 184.91238,
                    87: 185.44429,
                    88: 186,
                    89: 186.57712,
                    90: 187.17317,
                    91: 187.7856,
                    92: 188.4118,
                    93: 189.0491,
                    94: 189.69473,
                    95: 190.34596,
                }
                double3 xformOp:translate.timeSamples = {
                    0: (982.8842482913155, 0.690375901609446, 61.747508307240324),
                    1: (982.8459200787686, 0.6946841385008662, 61.747508307240324),
                    2: (982.8086156981641, 0.6977304926704937, 61.747508307240324),
                    3: (982.7723750959672, 0.6995019191620895, 61.747508307240324),
                    4: (982.7372370795225, 0.699990832455462, 61.747508307240324),
                    5: (982.7032392754982, 0.6991951389488298, 61.747508307240324),
                    6: (982.6704180895942, 0.6971182459239451, 61.747508307240324),
                    7: (982.6388086675586, 0.6937690469555914, 61.747508307240324),
                    8: (982.6084448575522, 0.6891618838279291, 61.747508307240324),
                    9: (982.5793591739032, 0.6833164851207756, 61.747508307240324),
                    10: (982.5515827622903, 0.676257881728797, 61.747508307240324),
                    11: (982.5251453663908, 0.668016299675374, 61.747508307240324),
                    12: (982.5000752960303, 0.6586270306801301, 61.747508307240324),
                    13: (982.4763993968681, 0.6481302810343696, 61.747508307240324),
                    14: (982.4541430216501, 0.6365709994315665, 61.747508307240324),
                    15: (982.4333300030603, 0.6239986844901569, 61.747508307240324),
                    16: (982.4139826282002, 0.6104671727928566, 61.747508307240324),
                    17: (982.3961216147237, 0.596034408350149, 61.747508307240324),
                    18: (982.3797660886511, 0.5807621944751362, 61.747508307240324),
                    19: (982.3649335638895, 0.5647159291322644, 61.747508307240324),
                    20: (982.351639923478, 0.5479643248931982, 61.747508307240324),
                    21: (982.3398994025796, 0.5305791146990431, 61.747508307240324),
                    22: (982.3297245732382, 0.512634744688876, 61.747508307240324),
                    23: (982.321126330916, 0.4942080554099507, 61.747508307240324),
                    24: (982.3141138828261, 0.47537795277467676, 61.747508307240324),
                    25: (982.3086947380735, 0.45622507017338726, 61.747508307240324),
                    26: (982.3048746996143, 0.43683142318978546, 61.747508307240324),
                    27: (982.3026578580414, 0.4172800583976221, 61.747508307240324),
                    28: (982.302046587204, 0.39765469774251727, 61.747508307240324),
                    29: (982.3030415416665, 0.37803938003173687, 61.747508307240324),
                    30: (982.3056416560067, 0.35851810106711574, 61.747508307240324),
                    31: (982.309844145957, 0.3391744539621422, 61.747508307240324),
                    32: (982.3156445113858, 0.3200912711834105, 61.747508307240324),
                    33: (982.3230365411167, 0.30135026984928265, 61.747508307240324),
                    34: (982.332012319579, 0.2830317018046428, 61.747508307240324),
                    35: (982.3425622352843, 0.2652140099701748, 61.747508307240324),
                    36: (982.3546749911186, 0.24797349243773617, 61.747508307240324),
                    37: (982.3683376164397, 0.23138397575021316, 61.747508307240324),
                    38: (982.383535480966, 0.21551649876493076, 61.747508307240324),
                    39: (982.4002523104436, 0.2004390084543597, 61.747508307240324),
                    40: (982.4184702040728, 0.18621606894674747, 61.747508307240324),
                    41: (982.4381696536768, 0.17290858505261147, 61.747508307240324),
                    42: (982.4593295645916, 0.16057354146098846, 61.747508307240324),
                    43: (982.4819272782544, 0.14926375872224817, 61.747508307240324),
                    44: (982.5059385964676, 0.1390276670623875, 61.747508307240324),
                    45: (982.53133780731, 0.1299090989973669, 61.747508307240324),
                    46: (982.5580977126707, 0.12194710163554906, 61.747508307240324),
                    47: (982.5861896573728, 0.11517576947198538, 61.747508307240324),
                    48: (982.615583559858, 0.10962409839055398, 61.747508307240324),
                    49: (982.6462479443994, 0.10531586149913386, 61.747508307240324),
                    50: (982.6781499748062, 0.10226950732950629, 61.747508307240324),
                    51: (982.7112554895849, 0.10049808083791056, 61.747508307240324),
                    52: (982.7455290385212, 0.10000916754453809, 61.747508307240324),
                    53: (982.7809339206405, 0.10080486105117037, 61.747508307240324),
                    54: (982.8174322235079, 0.10288175407605488, 61.747508307240324),
                    55: (982.854984863827, 0.10623095304440866, 61.747508307240324),
                    56: (982.8935516292896, 0.11083811617207096, 61.747508307240324),
                    57: (982.9330912216374, 0.11668351487922429, 61.747508307240324),
                    58: (982.9735613008845, 0.12374211827120324, 61.747508307240324),
                    59: (983.0149185306564, 0.13198370032462609, 61.747508307240324),
                    60: (983.0571186245955, 0.14137296931986998, 61.747508307240324),
                    61: (983.1001163937843, 0.1518697189656303, 61.747508307240324),
                    62: (983.1438657951346, 0.16342900056843326, 61.747508307240324),
                    63: (983.1883199806916, 0.17600131550984344, 61.747508307240324),
                    64: (983.2334313478, 0.18953282720714343, 61.747508307240324),
                    65: (983.2791515900777, 0.20396559164985098, 61.747508307240324),
                    66: (983.3254317491445, 0.21923780552486377, 61.747508307240324),
                    67: (983.3722222670467, 0.23528407086773562, 61.747508307240324),
                    68: (983.4194730393257, 0.25203567510680225, 61.747508307240324),
                    69: (983.4671334686711, 0.269420885300957, 61.747508307240324),
                    70: (983.5151525191014, 0.28736525531112395, 61.747508307240324),
                    71: (983.5634787706147, 0.30579194459004927, 61.747508307240324),
                    72: (983.6120604742503, 0.32462204722532323, 61.747508307240324),
                    73: (983.6608456075032, 0.3437749298266128, 61.747508307240324),
                    74: (983.7097819300308, 0.3631685768102145, 61.747508307240324),
                    75: (983.7588170395932, 0.38271994160237793, 61.747508307240324),
                    76: (983.8078984281668, 0.4023453022574827, 61.747508307240324),
                    77: (983.8569735381716, 0.4219606199682632, 61.747508307240324),
                    78: (983.9059898187503, 0.44148189893288425, 61.747508307240324),
                    79: (983.9548947820421, 0.4608255460378578, 61.747508307240324),
                    80: (984.0036360593873, 0.4799087288165895, 61.747508307240324),
                    81: (984.0521614574054, 0.49864973015071734, 61.747508307240324),
                    82: (984.1004190138847, 0.5169682981953572, 61.747508307240324),
                    83: (984.148357053425, 0.5347859900298257, 61.747508307240324),
                    84: (984.1959242427728, 0.5520265075622639, 61.747508307240324),
                    85: (984.2430696457903, 0.5686160242497869, 61.747508307240324),
                    86: (984.2897427779993, 0.5844835012350693, 61.747508307240324),
                    87: (984.3358936606406, 0.5995609915456404, 61.747508307240324),
                    88: (984.3814728741932, 0.6137839310532526, 61.747508307240324),
                    89: (984.4264316112934, 0.6270914149473885, 61.747508307240324),
                    90: (984.4707217289997, 0.6394264585390116, 61.747508307240324),
                    91: (984.5142958003446, 0.6507362412777519, 61.747508307240324),
                    92: (984.557107165121, 0.6609723329376125, 61.747508307240324),
                    93: (984.5991099798474, 0.6700909010026331, 61.747508307240324),
                    94: (984.6402592668575, 0.6780528983644509, 61.747508307240324),
                    95: (984.6805109624643, 0.6848242305280147, 61.747508307240324),
                }
                uniform token[] xformOpOrder = ["xformOp:translate", "xformOp:rotateY"]
            }

            def Xform "Boat_20" (
                instanceable = true
                prepend references = @assetLibrary.usda@</Assets/Boat>
            )
            {
                float xformOp:rotateY.timeSamples = {
                    0: 220,
                    1: 220.65404,
                    2: 221.30527,
                    3: 221.9509,
                    4: 222.5882,
                    5: 223.2144,
                    6: 223.82683,
                    7: 224.42288,
                    8: 225,
                    9: 225.55571,
                    10: 226.08762,
                    11: 226.59346,
                    12: 227.07108,
                    13: 227.5184,
                    14: 227.93353,
                    15: 228.3147,
                    16: 228.66025,
                    17: 228.96873,
                    18: 229.2388,
                    19: 229.4693,
                    20: 229.65926,
                    21: 229.80785,
                    22: 229.91444,
                    23: 229.97859,
                    24: 230,
                    25: 229.97859,
                    26: 229.91444,
                    27: 229.80785,
                    28: 229.65926,
                    29: 229.4693,
                    30: 229.2388,
                    31: 228.96873,
                    32: 228.66025,
                    33: 228.3147,
                    34: 227.93353,
                    35: 227.5184,
                    36: 227.07108,
                    37: 226.59346,
                    38: 226.08762,
                    39: 225.55571,
                    40: 225,
                    41: 224.42288,
                    42: 223.82683,
                    43: 223.2144,
                    44: 222.5882,
                    45: 221.9509,
                    46: 221.30527,
                    47: 220.65404,
                    48: 220,
                    49: 219.34596,
                    50: 218.69473,
                    51: 218.0491,
                    52: 217.4118,
                    53: 216.7856,
                    54: 216.17317,
                    55: 215.57712,
                    56: 215,
                    57: 214.44429,
                    58: 213.91238,
                    59: 213.40654,
                    60: 212.92892,
                    61: 212.4816,
                    62: 212.06647,
                    63: 211.6853,
                    64: 211.33975,
                    65: 211.03127,
                    66: 210.7612,
                    67: 210.5307,
                    68: 210.34074,
                    69: 210.19215,
                    70: 210.08556,
                    71: 210.02141,
                    72: 210,
                    73: 210.02141,
                    74: 210.08556,
                    75: 210.19215,
                    76: 210.34074,
                    77: 210.5307,
                    78: 210.7612,
                    79: 211.03127,
                    80: 211.33975,
                    81: 211.6853,
                    82: 212.06647,
                    83: 212.4816,
                    84: 212.92892,
                    85: 213.40654,
                    86: 213.91238,
                    87: 214.44429,
                    88: 215,
                    89: 215.57712,
                    90: 216.17317,
                    91: 216.7856,
                    92: 217.4118,
                    93: 218.0491,
                    94: 218.69473,
                    95: 219.34596,
                }
                double3 xformOp:translate.timeSamples = {
                    0: (968.8829245530223, 0.6968074739870145, -209.86224968018084),
                    1: (968.8514524256728, 0.6933171391475996, -209.86224968018084),
                    2: (968.8212296040672, 0.6885707752874883, -209.86224968018084),
                    3: (968.7922884515599, 0.6825887070654046, -209.86224968018084),
                    4: (968.764659959062, 0.6753965506158592, -209.86224968018084),
                    5: (968.7383737118553, 0.667025103856929, -209.86224968018084),
                    6: (968.7134578579115, 0.6575102146088438, -209.86224968018084),
                    7: (968.6899390777513, 0.646892627088116, -209.86224968018084),
                    8: (968.6678425558734, 0.6352178074345516, -209.86224968018084),
                    9: (968.6471919537871, 0.6225357490182574, -209.86224968018084),
                    10: (968.6280093846742, 0.6089007583603572, -209.86224968018084),
                    11: (968.6103153897102, 0.5943712225841302, -209.86224968018084),
                    12: (968.5941289160681, 0.5790093593923848, -209.86224968018084),
                    13: (968.5794672966293, 0.562880950641705, -209.86224968018084),
                    14: (968.5663462314233, 0.5460550606544383, -209.86224968018084),
                    15: (968.554779770815, 0.5286037404746686, -209.86224968018084),
                    16: (968.5447803004604, 0.510601719334581, -209.86224968018084),
                    17: (968.5363585280428, 0.4921260846524177, -209.86224968018084),
                    18: (968.5295234718069, 0.4732559519323195, -209.86224968018084),
                    19: (968.5242824509023, 0.45407212597958824, -209.86224968018084),
                    20: (968.5206410775453, 0.4346567548821086, -209.86224968018084),
                    21: (968.5186032510098, 0.41509297823962193, -209.86224968018084),
                    22: (968.5181711534515, 0.39546457114719763, -209.86224968018084),
                    23: (968.5193452475712, 0.37585558545741216, -209.86224968018084),
                    24: (968.5221242761196, 0.356349989857416, -209.86224968018084),
                    25: (968.5265052632433, 0.33703131030212186, -209.86224968018084),
                    26: (968.5324835176715, 0.31798227234324317, -209.86224968018084),
                    27: (968.5400526377397, 0.2992844468857818, -209.86224968018084),
                    28: (968.5492045182444, 0.28101790088888806, -209.86224968018084),
                    29: (968.559929359123, 0.2632608545068522, -209.86224968018084),
                    30: (968.572215675947, 0.24608934613839364, -209.86224968018084),
                    31: (968.5860503122207, 0.22957690681856432, -209.86224968018084),
                    32: (968.601418453469, 0.21379424534756672, -209.86224968018084),
                    33: (968.6183036431015, 0.19880894550481837, -209.86224968018084),
                    34: (968.636687800034, 0.18468517664483103, -209.86224968018084),
                    35: (968.656551238051, 0.17148341891418356, -209.86224968018084),
                    36: (968.6778726868853, 0.15926020426624965, -209.86224968018084),
                    37: (968.7006293149956, 0.14806787438269314, -209.86224968018084),
                    38: (968.7247967540144, 0.13795435653835358, -209.86224968018084),
                    39: (968.7503491248428, 0.12896295836929583, -209.86224968018084),
                    40: (968.7772590653622, 0.12113218242286444, -209.86224968018084),
                    41: (968.8054977597341, 0.11449556128386468, -209.86224968018084),
                    42: (968.8350349692572, 0.10908151398288612, -209.86224968018084),
                    43: (968.8658390647479, 0.10491322430165134, -209.86224968018084),
                    44: (968.8978770604091, 0.10200854149650296, -209.86224968018084),
                    45: (968.9311146491525, 0.10037990386514745, -209.86224968018084),
                    46: (968.9655162393357, 0.10003428548395543, -209.86224968018084),
                    47: (969.0010449928742, 0.10097316634389542, -209.86224968018084),
                    48: (969.0376628646889, 0.10319252601298551, -209.86224968018084),
                    49: (969.0753306434453, 0.10668286085240036, -209.86224968018084),
                    50: (969.1140079935427, 0.11142922471251171, -209.86224968018084),
                    51: (969.1536534983055, 0.11741129293459535, -209.86224968018084),
                    52: (969.1942247043346, 0.12460344938414075, -209.86224968018084),
                    53: (969.2356781669661, 0.13297489614307095, -209.86224968018084),
                    54: (969.2779694967938, 0.14248978539115625, -209.86224968018084),
                    55: (969.3210534072028, 0.15310737291188398, -209.86224968018084),
                    56: (969.3648837628626, 0.1647821925654484, -209.86224968018084),
                    57: (969.4094136291304, 0.1774642509817426, -209.86224968018084),
                    58: (969.4545953223101, 0.1910992416396428, -209.86224968018084),
                    59: (969.5003804607129, 0.20562877741586985, -209.86224968018084),
                    60: (969.546720016466, 0.22099064060761475, -209.86224968018084),
                    61: (969.5935643680122, 0.2371190493582951, -209.86224968018084),
                    62: (969.6408633532467, 0.2539449393455616, -209.86224968018084),
                    63: (969.6885663232313, 0.2713962595253314, -209.86224968018084),
                    64: (969.736622196431, 0.28939828066541856, -209.86224968018084),
                    65: (969.784979513413, 0.3078739153475823, -209.86224968018084),
                    66: (969.8335864919511, 0.32674404806768054, -209.86224968018084),
                    67: (969.8823910824752, 0.34592787402041175, -209.86224968018084),
                    68: (969.9313410238075, 0.3653432451178914, -209.86224968018084),
                    69: (969.9803838991246, 0.3849070217603775, -209.86224968018084),
                    70: (970.0294671920872, 0.4045354288528029, -209.86224968018084),
                    71: (970.0785383430759, 0.4241444145425879, -209.86224968018084),
                    72: (970.127544805473, 0.44365001014258404, -209.86224968018084),
                    73: (970.1764341019312, 0.4629686896978782, -209.86224968018084),
                    74: (970.2251538805673, 0.4820177276567564, -209.86224968018084),
                    75: (970.2736519710219, 0.5007155531142187, -209.86224968018084),
                    76: (970.3218764403251, 0.5189820991111119, -209.86224968018084),
                    77: (970.3697756485074, 0.5367391454931478, -209.86224968018084),
                    78: (970.4172983038968, 0.5539106538616063, -209.86224968018084),
                    79: (970.4643935180435, 0.5704230931814357, -209.86224968018084),
                    80: (970.5110108602128, 0.5862057546524337, -209.86224968018084),
                    81: (970.5571004113868, 0.6011910544951816, -209.86224968018084),
                    82: (970.60261281772, 0.6153148233551686, -209.86224968018084),
                    83: (970.6474993433876, 0.6285165810858164, -209.86224968018084),
                    84: (970.6917119227735, 0.6407397957337504, -209.86224968018084),
                    85: (970.7352032119405, 0.6519321256173072, -209.86224968018084),
                    86: (970.7779266393267, 0.6620456434616464, -209.86224968018084),
                    87: (970.8198364556159, 0.671037041630704, -209.86224968018084),
                    88: (970.8608877827273, 0.6788678175771357, -209.86224968018084),
                    89: (970.9010366618714, 0.6855044387161353, -209.86224968018084),
                    90: (970.9402401006229, 0.690918486017114, -209.86224968018084),
                    91: (970.9784561189575, 0.6950867756983488, -209.86224968018084),
                    92: (971.0156437942057, 0.697991458503497, -209.86224968018084),
                    93: (971.0517633048735, 0.6996200961348527, -209.86224968018084),
                    94: (971.086775973284, 0.6999657145160446, -209.86224968018084),
                    95: (971.1206443069949, 0.6990268336561046, -209.86224968018084),
                }
                uniform token[] xformOpOrder = ["xformOp:translate", "xformOp:rotateY"]
            }

            def Xform "Boat_21" (
                instanceable = true
                prepend references = @assetLibrary.usda@</Assets/Boat>
            )
            {
                float xformOp:rotateY.timeSamples = {
                    0: 249,
                    1: 249.65404,
                    2: 250.30527,
                    3: 250.9509,
                    4: 251.5882,
                    5: 252.2144,
                    6: 252.82683,
                    7: 253.42288,
                    8: 254,
                    9: 254.55571,
                    10: 255.08762,
                    11: 255.59346,
                    12: 256.07108,
                    13: 256.5184,
                    14: 256.93353,
                    15: 257.3147,
                    16: 257.66025,
                    17: 257.96872,
                    18: 258.2388,
                    19: 258.4693,
                    20: 258.65927,
                    21: 258.80786,
                    22: 258.91446,
                    23: 258.97858,
                    24: 259,
                    25: 258.97858,
                    26: 258.91446,
                    27: 258.80786,
                    28: 258.65927,
                    29: 258.4693,
                    30: 258.2388,
                    31: 257.96872,
                    32: 257.66025,
                    33: 257.3147,
                    34: 256.93353,
                    35: 256.5184,
                    36: 256.07108,
                    37: 255.59346,
                    38: 255.08762,
                    39: 254.55571,
                    40: 254,
                    41: 253.42288,
                    42: 252.82683,
                    43: 252.2144,
                    44: 251.5882,
                    45: 250.9509,
                    46: 250.30527,
                    47: 249.65404,
                    48: 249,
                    49: 248.34596,
                    50: 247.69473,
                    51: 247.0491,
                    52: 246.4118,
                    53: 245.7856,
                    54: 245.17317,
                    55: 244.57712,
                    56: 244,
                    57: 243.44429,
                    58: 242.91238,
                    59: 242.40654,
                    60: 241.92892,
                    61: 241.4816,
                    62: 241.06647,
                    63: 240.6853,
                    64: 240.33975,
                    65: 240.03127,
                    66: 239.7612,
                    67: 239.5307,
                    68: 239.34074,
                    69: 239.19215,
                    70: 239.08556,
                    71: 239.02141,
                    72: 239,
                    73: 239.02141,
                    74: 239.08556,
                    75: 239.19215,
                    76: 239.34074,
                    77: 239.5307,
                    78: 239.7612,
                    79: 240.03127,
                    80: 240.33975,
                    81: 240.6853,
                    82: 241.06647,
                    83: 241.4816,
                    84: 241.92892,
                    85: 242.40654,
                    86: 242.91238,
                    87: 243.44429,
                    88: 244,
                    89: 244.57712,
                    90: 245.17317,
                    91: 245.7856,
                    92: 246.4118,
                    93: 247.0491,
                    94: 247.69473,
                    95: 248.34596,
                }
                double3 xformOp:translate.timeSamples = {
                    0: (1056.2050036647577, 0.6563796724264841, 90.66980515057594),
                    1: (1056.181642317007, 0.6456418129818751, 90.66980515057594),
                    2: (1056.1597059429241, 0.6338520775824604, 90.66980515057594),
                    3: (1056.1392180325277, 0.6210609516852139, 90.66980515057594),
                    4: (1056.1202005247858, 0.6073232088549563, 90.66980515057594),
                    5: (1056.1026737841216, 0.5926976762155436, 90.66980515057594),
                    6: (1056.0866565786082, 0.5772469825430906, 90.66980515057594),
                    7: (1056.0721660598706, 0.5610372900799362, 90.66980515057594),
                    8: (1056.059217744719, 0.5441380112177654, 90.66980515057594),
                    9: (1056.0478254985337, 0.5266215112630896, 90.66980515057594),
                    10: (1056.0380015204173, 0.5085627985578972, 90.66980515057594),
                    11: (1056.0297563301315, 0.4900392032824159, 90.66980515057594),
                    12: (1056.0230987568325, 0.4711300463154098, 90.66980515057594),
                    13: (1056.0180359296169, 0.4519162995699972, 90.66980515057594),
                    14: (1056.0145732698863, 0.43248023925949053, 90.66980515057594),
                    15: (1056.0127144855442, 0.41290509357801775, 90.66980515057594),
                    16: (1056.012461567023, 0.3932746863046178, 90.66980515057594),
                    17: (1056.013814785154, 0.37367307785695103, 90.66980515057594),
                    18: (1056.0167726908776, 0.3541842053316828, 90.66980515057594),
                    19: (1056.0213321167944, 0.33489152307295317, 90.66980515057594),
                    20: (1056.0274881805567, 0.31587764530806034, 90.66980515057594),
                    21: (1056.0352342900974, 0.2972239923806572, 90.66980515057594),
                    22: (1056.0445621506883, 0.2790104420963404, 90.66980515057594),
                    23: (1056.0554617738226, 0.2613149876736214, 90.66980515057594),
                    24: (1056.0679214879108, 0.24421340376499437, 90.66980515057594),
                    25: (1056.081927950779, 0.227778921978239, 90.66980515057594),
                    26: (1056.097466163956, 0.21208191728743375, 90.66980515057594),
                    27: (1056.114519488734, 0.19718960667651303, 90.66980515057594),
                    28: (1056.1330696639855, 0.18316576130582107, 90.66980515057594),
                    29: (1056.1530968257184, 0.1700704334342156, 90.66980515057594),
                    30: (1056.1745795283462, 0.157959699266074, 90.66980515057594),
                    31: (1056.1974947676529, 0.1468854188243781, 90.66980515057594),
                    32: (1056.221818005426, 0.13689501387813396, 90.66980515057594),
                    33: (1056.2475231957337, 0.12803126487507566, 90.66980515057594),
                    34: (1056.2745828128143, 0.12033212774922214, 90.66980515057594),
                    35: (1056.3029678805517, 0.11383057138773928, 90.66980515057594),
                    36: (1056.3326480035046, 0.10855443645310414, 90.66980515057594),
                    37: (1056.3635913994542, 0.10452631616511382, 90.66980515057594),
                    38: (1056.3957649334366, 0.1017634595532495, 90.66980515057594),
                    39: (1056.4291341532262, 0.10027769759368493, 90.66980515057594),
                    40: (1056.4636633262262, 0.10007539254722914, 90.66980515057594),
                    41: (1056.4993154777337, 0.10115741071514955, 90.66980515057594),
                    42: (1056.5360524305318, 0.10351911872953662, 90.66980515057594),
                    43: (1056.573834845771, 0.10715040339409687, 90.66980515057594),
                    44: (1056.6126222650948, 0.1120357149904116, 90.66980515057594),
                    45: (1056.6523731539633, 0.11815413386421869, 90.66980515057594),
                    46: (1056.693044946129, 0.1254794600065835, 90.66980515057594),
                    47: (1056.7345940892178, 0.13398032524636044, 90.66980515057594),
                    48: (1056.776976091367, 0.1436203275735159, 90.66980515057594),
                    49: (1056.820145568867, 0.15435818701812493, 90.66980515057594),
                    50: (1056.86405629476, 0.16614792241753956, 90.66980515057594),
                    51: (1056.9086612483409, 0.17893904831478605, 90.66980515057594),
                    52: (1056.9539126655081, 0.19267679114504369, 90.66980515057594),
                    53: (1056.9997620899105, 0.20730232378445637, 90.66980515057594),
                    54: (1057.0461604248367, 0.22275301745690942, 90.66980515057594),
                    55: (1057.0930579857866, 0.23896270992006385, 90.66980515057594),
                    56: (1057.140404553678, 0.25586198878223465, 90.66980515057594),
                    57: (1057.18814942862, 0.2733784887369104, 90.66980515057594),
                    58: (1057.2362414842041, 0.2914372014421028, 90.66980515057594),
                    59: (1057.2846292222532, 0.30996079671758414, 90.66980515057594),
                    60: (1057.3332608279652, 0.32886995368459027, 90.66980515057594),
                    61: (1057.3820842253986, 0.34808370043000286, 90.66980515057594),
                    62: (1057.4310471332365, 0.36751976074050946, 90.66980515057594),
                    63: (1057.4800971207708, 0.3870949064219823, 90.66980515057594),
                    64: (1057.5291816640465, 0.4067253136953822, 90.66980515057594),
                    65: (1057.578248202105, 0.42632692214304896, 90.66980515057594),
                    66: (1057.6272441932683, 0.44581579466831767, 90.66980515057594),
                    67: (1057.676117171402, 0.4651084769270468, 90.66980515057594),
                    68: (1057.7248148020972, 0.48412235469193965, 90.66980515057594),
                    69: (1057.7732849387107, 0.5027760076193428, 90.66980515057594),
                    70: (1057.8214756782065, 0.5209895579036596, 90.66980515057594),
                    71: (1057.8693354167337, 0.5386850123263791, 90.66980515057594),
                    72: (1057.9168129048853, 0.5557865962350057, 90.66980515057594),
                    73: (1057.9638573025782, 0.5722210780217606, 90.66980515057594),
                    74: (1058.0104182334926, 0.5879180827125663, 90.66980515057594),
                    75: (1058.0564458390177, 0.602810393323487, 90.66980515057594),
                    76: (1058.1018908316405, 0.616834238694179, 90.66980515057594),
                    77: (1058.1467045477248, 0.6299295665657845, 90.66980515057594),
                    78: (1058.1908389996208, 0.6420403007339257, 90.66980515057594),
                    79: (1058.234246927052, 0.6531145811756218, 90.66980515057594),
                    80: (1058.2768818477225, 0.6631049861218661, 90.66980515057594),
                    81: (1058.3186981070912, 0.6719687351249244, 90.66980515057594),
                    82: (1058.3596509272604, 0.6796678722507778, 90.66980515057594),
                    83: (1058.3996964549247, 0.6861694286122608, 90.66980515057594),
                    84: (1058.4387918083294, 0.6914455635468959, 90.66980515057594),
                    85: (1058.4768951231913, 0.6954736838348863, 90.66980515057594),
                    86: (1058.5139655975265, 0.6982365404467505, 90.66980515057594),
                    87: (1058.5499635353424, 0.699722302406315, 90.66980515057594),
                    88: (1058.5848503891455, 0.699924607452771, 90.66980515057594),
                    89: (1058.618588801219, 0.6988425892848504, 90.66980515057594),
                    90: (1058.6511426436264, 0.6964808812704635, 90.66980515057594),
                    91: (1058.6824770568974, 0.6928495966059032, 90.66980515057594),
                    92: (1058.7125584873577, 0.6879642850095885, 90.66980515057594),
                    93: (1058.7413547230583, 0.6818458661357816, 90.66980515057594),
                    94: (1058.7688349282685, 0.6745205399934163, 90.66980515057594),
                    95: (1058.7949696764963, 0.6660196747536397, 90.66980515057594),
                }
                uniform token[] xformOpOrder = ["xformOp:translate", "xformOp:rotateY"]
            }

            def Xform "Boat_22" (
                instanceable = true
                prepend references = @assetLibrary.usda@</Assets/Boat>
            )
            {
                float xformOp:rotateY.timeSamples = {
                    0: 278,
                    1: 278.65402,
                    2: 279.30527,
                    3: 279.9509,
                    4: 280.5882,
                    5: 281.2144,
                    6: 281.82684,
                    7: 282.42288,
                    8: 283,
                    9: 283.5557,
                    10: 284.08762,
                    11: 284.59344,
                    12: 285.07108,
                    13: 285.5184,
                    14: 285.93353,
                    15: 286.3147,
                    16: 286.66025,
                    17: 286.96872,
                    18: 287.2388,
                    19: 287.4693,
                    20: 287.65927,
                    21: 287.80786,
                    22: 287.91446,
                    23: 287.97858,
                    24: 288,
                    25: 287.97858,
                    26: 287.91446,
                    27: 287.80786,
                    28: 287.65927,
                    29: 287.4693,
                    30: 287.2388,
                    31: 286.96872,
                    32: 286.66025,
                    33: 286.3147,
                    34: 285.93353,
                    35: 285.5184,
                    36: 285.07108,
                    37: 284.59344,
                    38: 284.08762,
                    39: 283.5557,
                    40: 283,
                    41: 282.42288,
                    42: 281.82684,
                    43: 281.2144,
                    44: 280.5882,
                    45: 279.9509,
                    46: 279.30527,
                    47: 278.65402,
                    48: 278,
                    49: 277.34598,
                    50: 276.69473,
                    51: 276.0491,
                    52: 275.4118,
                    53: 274.7856,
                    54: 274.17316,
                    55: 273.57712,
                    56: 273,
                    57: 272.4443,
                    58: 271.91238,
                    59: 271.40656,
                    60: 270.92892,
                    61: 270.4816,
                    62: 270.06647,
                    63: 269.6853,
                    64: 269.33975,
                    65: 269.03128,
                    66: 268.7612,
                    67: 268.5307,
                    68: 268.34073,
                    69: 268.19214,
                    70: 268.08554,
                    71: 268.02142,
                    72: 268,
                    73: 268.02142,
                    74: 268.08554,
                    75: 268.19214,
                    76: 268.34073,
                    77: 268.5307,
                    78: 268.7612,
                    79: 269.03128,
                    80: 269.33975,
                    81: 269.6853,
                    82: 270.06647,
                    83: 270.4816,
                    84: 270.92892,
                    85: 271.40656,
                    86: 271.91238,
                    87: 272.4443,
                    88: 273,
                    89: 273.57712,
                    90: 274.17316,
                    91: 274.7856,
                    92: 275.4118,
                    93: 276.0491,
                    94: 276.69473,
                    95: 277.34598,
                }
                double3 xformOp:translate.timeSamples = {
                    0: (1021.594002826109, 0.5754751578675286, 120.19547820848486),
                    1: (1021.5796836011707, 0.5591850457199137, 120.19547820848486),
                    2: (1021.5669082086209, 0.5422132787679933, 120.19547820848486),
                    3: (1021.5556903286697, 0.5246325327234092, 120.19547820848486),
                    4: (1021.5460419737041, 0.5065180910397683, 120.19547820848486),
                    5: (1021.5379734754241, 0.48794752253734036, 120.19547820848486),
                    6: (1021.5314934737798, 0.4690003492414582, 120.19547820848486),
                    7: (1021.5266089077194, 0.4497577058569978, 120.19547820848486),
                    8: (1021.5233250077583, 0.4303019923371163, 120.19547820848486),
                    9: (1021.5216452903792, 0.41071652103400025, 120.19547820848486),
                    10: (1021.5215715542653, 0.3910851599425863, 120.19547820848486),
                    11: (1021.5231038783751, 0.3714919735649294, 120.19547820848486),
                    12: (1021.5262406218576, 0.3520208629330993, 120.19547820848486),
                    13: (1021.5309784258093, 0.33275520633208133, 120.19547820848486),
                    14: (1021.537312216871, 0.3137775022611574, 120.19547820848486),
                    15: (1021.5452352126607, 0.2951690161626699, 120.19547820848486),
                    16: (1021.554738929036, 0.27700943243091924, 120.19547820848486),
                    17: (1021.5658131891794, 0.2593765131913548, 120.19547820848486),
                    18: (1021.5784461344956, 0.24234576531121596, 120.19547820848486),
                    19: (1021.5926242373106, 0.22599011706753244, 120.19547820848486),
                    20: (1021.6083323153566, 0.210379605857049, 120.19547820848486),
                    21: (1021.6255535480302, 0.1955810782853382, 120.19547820848486),
                    22: (1021.6442694944043, 0.18165790391937373, 120.19547820848486),
                    23: (1021.6644601129744, 0.1686697039293146, 120.19547820848486),
                    24: (1021.6861037831206, 0.15667209578150326, 120.19547820848486),
                    25: (1021.7091773282589, 0.145716455075935, 120.19547820848486),
                    26: (1021.733656040659, 0.13584969554805165, 120.19547820848486),
                    27: (1021.7595137079027, 0.12711406817692428, 120.19547820848486),
                    28: (1021.7867226409522, 0.11954698026007349, 120.19547820848486),
                    29: (1021.8152537038005, 0.11318083522967998, 120.19547820848486),
                    30: (1021.8450763446709, 0.10804289389611221, 120.19547820848486),
                    31: (1021.8761586287326, 0.1041551577129518, 120.19547820848486),
                    32: (1021.9084672722971, 0.10153427456339092, 120.19547820848486),
                    33: (1021.94196767846, 0.10019146747144136, 120.19547820848486),
                    34: (1021.9766239741468, 0.10013248654322238, 120.19547820848486),
                    35: (1022.0123990485284, 0.10135758434412351, 120.19547820848486),
                    36: (1022.049254592759, 0.10386151481728084, 120.19547820848486),
                    37: (1022.0871511409987, 0.10763355574799793, 120.19547820848486),
                    38: (1022.1260481126744, 0.11265755467791527, 120.19547820848486),
                    39: (1022.1659038559346, 0.1189119980723165, 120.19547820848486),
                    40: (1022.2066756922512, 0.1263701034443872, 120.19547820848486),
                    41: (1022.2483199621205, 0.13499993404193478, 120.19547820848486),
                    42: (1022.2907920718153, 0.14476453560546532, 120.19547820848486),
                    43: (1022.3340465411369, 0.15562209461199458, 120.19547820848486),
                    44: (1022.3780370521159, 0.16752611732697392, 120.19547820848486),
                    45: (1022.4227164986114, 0.18042562889759892, 120.19547820848486),
                    46: (1022.4680370367531, 0.19426539163495474, 120.19547820848486),
                    47: (1022.5139501361734, 0.20898614155028175, 120.19547820848486),
                    48: (1022.5604066319756, 0.22452484213247148, 120.19547820848486),
                    49: (1022.6073567773803, 0.24081495428008634, 120.19547820848486),
                    50: (1022.6547502969959, 0.25778672123200674, 120.19547820848486),
                    51: (1022.7025364406544, 0.2753674672765909, 120.19547820848486),
                    52: (1022.7506640377565, 0.2934819089602317, 120.19547820848486),
                    53: (1022.7990815520654, 0.3120524774626596, 120.19547820848486),
                    54: (1022.8477371368944, 0.3309996507585418, 120.19547820848486),
                    55: (1022.8965786906243, 0.35024229414300223, 120.19547820848486),
                    56: (1022.9455539124962, 0.3696980076628837, 120.19547820848486),
                    57: (1022.9946103586157, 0.3892834789659998, 120.19547820848486),
                    58: (1023.0436954981117, 0.4089148400574137, 120.19547820848486),
                    59: (1023.0927567693873, 0.4285080264350706, 120.19547820848486),
                    60: (1023.1417416364044, 0.4479791370669002, 120.19547820848486),
                    61: (1023.1905976449403, 0.46724479366791866, 120.19547820848486),
                    62: (1023.2392724787577, 0.4862224977388426, 120.19547820848486),
                    63: (1023.287714015625, 0.5048309838373302, 120.19547820848486),
                    64: (1023.3358703831315, 0.5229905675690802, 120.19547820848486),
                    65: (1023.3836900142323, 0.5406234868086452, 120.19547820848486),
                    66: (1023.4311217024691, 0.5576542346887841, 120.19547820848486),
                    67: (1023.478114656802, 0.5740098829324676, 120.19547820848486),
                    68: (1023.5246185559981, 0.589620394142951, 120.19547820848486),
                    69: (1023.5705836025178, 0.6044189217146614, 120.19547820848486),
                    70: (1023.6159605758378, 0.6183420960806266, 120.19547820848486),
                    71: (1023.6607008851585, 0.6313302960706855, 120.19547820848486),
                    72: (1023.704756621436, 0.6433279042184967, 120.19547820848486),
                    73: (1023.7480806086845, 0.6542835449240649, 120.19547820848486),
                    74: (1023.7906264544933, 0.6641503044519481, 120.19547820848486),
                    75: (1023.832348599705, 0.672885931823076, 120.19547820848486),
                    76: (1023.8732023672015, 0.6804530197399266, 120.19547820848486),
                    77: (1023.9131440097455, 0.6868191647703201, 120.19547820848486),
                    78: (1023.9521307568253, 0.6919571061038878, 120.19547820848486),
                    79: (1023.9901208604559, 0.6958448422870482, 120.19547820848486),
                    80: (1024.0270736398827, 0.6984657254366091, 120.19547820848486),
                    81: (1024.0629495251442, 0.6998085325285587, 120.19547820848486),
                    82: (1024.0977100994435, 0.6998675134567778, 120.19547820848486),
                    83: (1024.131318140287, 0.6986424156558766, 120.19547820848486),
                    84: (1024.163737659343, 0.6961384851827193, 120.19547820848486),
                    85: (1024.1949339409784, 0.692366444252002, 120.19547820848486),
                    86: (1024.2248735794333, 0.6873424453220848, 120.19547820848486),
                    87: (1024.2535245145932, 0.6810880019276837, 120.19547820848486),
                    88: (1024.2808560663188, 0.6736298965556129, 120.19547820848486),
                    89: (1024.3068389673, 0.6650000659580653, 120.19547820848486),
                    90: (1024.3314453943958, 0.6552354643945344, 120.19547820848486),
                    91: (1024.3546489984278, 0.6443779053880054, 120.19547820848486),
                    92: (1024.3764249323954, 0.6324738826730265, 120.19547820848486),
                    93: (1024.396749878083, 0.6195743711024011, 120.19547820848486),
                    94: (1024.41560207103, 0.6057346083650453, 120.19547820848486),
                    95: (1024.4329613238356, 0.591013858449718, 120.19547820848486),
                }
                uniform token[] xformOpOrder = ["xformOp:translate", "xformOp:rotateY"]
            }

            def Xform "Boat_23" (
                instanceable = true
                prepend references = @assetLibrary.usda@</Assets/Boat>
            )
            {
                float xformOp:rotateY.timeSamples = {
                    0: 307,
                    1: 307.65402,
                    2: 308.30527,
                    3: 308.9509,
                    4: 309.5882,
                    5: 310.2144,
                    6: 310.82684,
                    7: 311.42288,
                    8: 312,
                    9: 312.5557,
                    10: 313.08762,
                    11: 313.59344,
                    12: 314.07108,
                    13: 314.5184,
                    14: 314.93353,
                    15: 315.3147,
                    16: 315.66025,
                    17: 315.96872,
                    18: 316.2388,
                    19: 316.4693,
                    20: 316.65927,
                    21: 316.80786,
                    22: 316.91446,
                    23: 316.97858,
                    24: 317,
                    25: 316.97858,
                    26: 316.91446,
                    27: 316.80786,
                    28: 316.65927,
                    29: 316.4693,
                    30: 316.2388,
                    31: 315.96872,
                    32: 315.66025,
                    33: 315.3147,
                    34: 314.93353,
                    35: 314.5184,
                    36: 314.07108,
                    37: 313.59344,
                    38: 313.08762,
                    39: 312.5557,
                    40: 312,
                    41: 311.42288,
                    42: 310.82684,
                    43: 310.2144,
                    44: 309.5882,
                    45: 308.9509,
                    46: 308.30527,
                    47: 307.65402,
                    48: 307,
                    49: 306.34598,
                    50: 305.69473,
                    51: 305.0491,
                    52: 304.4118,
                    53: 303.7856,
                    54: 303.17316,
                    55: 302.57712,
                    56: 302,
                    57: 301.4443,
                    58: 300.91238,
                    59: 300.40656,
                    60: 299.92892,
                    61: 299.4816,
                    62: 299.06647,
                    63: 298.6853,
                    64: 298.33975,
                    65: 298.03128,
                    66: 297.7612,
                    67: 297.5307,
                    68: 297.34073,
                    69: 297.19214,
                    70: 297.08554,
                    71: 297.02142,
                    72: 297,
                    73: 297.02142,
                    74: 297.08554,
                    75: 297.19214,
                    76: 297.34073,
                    77: 297.5307,
                    78: 297.7612,
                    79: 298.03128,
                    80: 298.33975,
                    81: 298.6853,
                    82: 299.06647,
                    83: 299.4816,
                    84: 299.92892,
                    85: 300.40656,
                    86: 300.91238,
                    87: 301.4443,
                    88: 302,
                    89: 302.57712,
                    90: 303.17316,
                    91: 303.7856,
                    92: 304.4118,
                    93: 305.0491,
                    94: 305.69473,
                    95: 306.34598,
                }
                double3 xformOp:translate.timeSamples = {
                    0: (980.2676853784128, 0.4668669742300738, 199.93845242735424),
                    1: (980.2629791385986, 0.44759645990048164, 199.93845242735424),
                    2: (980.2598740421678, 0.4281221302224541, 199.93845242735424),
                    3: (980.2583734141352, 0.40852737726542665, 199.93845242735424),
                    4: (980.2584788614113, 0.38889610876980124, 199.93845242735424),
                    5: (980.2601902710803, 0.369312388841124, 199.93845242735424),
                    6: (980.2635058105218, 0.34986007797467683, 199.93845242735424),
                    7: (980.2684219293732, 0.330622473951963, 199.93845242735424),
                    8: (980.2749333633312, 0.3116819551468189, 199.93845242735424),
                    9: (980.2830331397895, 0.29311962776856854, 199.93845242735424),
                    10: (980.2927125853043, 0.27501497855278645, 199.93845242735424),
                    11: (980.303961334883, 0.2574455343868909, 199.93845242735424),
                    12: (980.3167673430828, 0.24048653032811082, 199.93845242735424),
                    13: (980.3311168969094, 0.22421058743541872, 199.93845242735424),
                    14: (980.3469946305011, 0.20868740179500975, 199.93845242735424),
                    15: (980.364383541583, 0.193983446070959, 199.93845242735424),
                    16: (980.3832650096738, 0.1801616848590691, 199.93845242735424),
                    17: (980.4036188160243, 0.16728130506280525, 199.93845242735424),
                    18: (980.425423165269, 0.1553974624458861, 199.93845242735424),
                    19: (980.4486547087645, 0.1445610454468384, 199.93845242735424),
                    20: (980.4732885695922, 0.13481845726688912, 199.93845242735424),
                    21: (980.4992983691969, 0.12621141716433415, 199.93845242735424),
                    22: (980.5266562556337, 0.11877678180626955, 199.93845242735424),
                    23: (980.5553329333925, 0.11254638744268425, 199.93845242735424),
                    24: (980.5852976947687, 0.10754691357875085, 199.93845242735424),
                    25: (980.6165184527449, 0.10379976872908792, 199.93845242735424),
                    26: (980.6489617753518, 0.10132099874321376, 199.93845242735424),
                    27: (980.682592921467, 0.10012121809475572, 199.93845242735424),
                    28: (980.7173758780165, 0.10020556442864403, 199.93845242735424),
                    29: (980.7532733985395, 0.10157367656092797, 199.93845242735424),
                    30: (980.7902470430716, 0.10421969602542075, 199.93845242735424),
                    31: (980.8282572193086, 0.10813229216055109, 199.93845242735424),
                    32: (980.8672632250014, 0.11329471062899543, 199.93845242735424),
                    33: (980.9072232915421, 0.11968484516232336, 199.93845242735424),
                    34: (980.9480946286908, 0.12727533222343174, 199.93845242735424),
                    35: (980.9898334703958, 0.1360336681814121, 199.93845242735424),
                    36: (981.0323951216598, 0.14592234849708813, 199.93845242735424),
                    37: (981.0757340064008, 0.1568990283232101, 199.93845242735424),
                    38: (981.1198037162555, 0.1689167038315925, 199.93845242735424),
                    39: (981.1645570602748, 0.18192391349072104, 199.93845242735424),
                    40: (981.2099461154568, 0.19586495843193225, 199.93845242735424),
                    41: (981.2559222780643, 0.2106801409605192, 199.93845242735424),
                    42: (981.3024363156711, 0.2263060201904272, 199.93845242735424),
                    43: (981.3494384198804, 0.2426756837078647, 199.93845242735424),
                    44: (981.3968782596619, 0.25971903410053354, 199.93845242735424),
                    45: (981.4447050352468, 0.27736308912550955, 199.93845242735424),
                    46: (981.492867532526, 0.29553229423041083, 199.93845242735424),
                    47: (981.541314177891, 0.31414884608959187, 199.93845242735424),
                    48: (981.5899930934604, 0.3331330257699262, 199.93845242735424),
                    49: (981.6388521526324, 0.3524035400995184, 199.93845242735424),
                    50: (981.6878390359024, 0.3718778697775459, 199.93845242735424),
                    51: (981.7369012868888, 0.3914726227345734, 199.93845242735424),
                    52: (981.7859863685046, 0.41110389123019875, 199.93845242735424),
                    53: (981.8350417192148, 0.430687611158876, 199.93845242735424),
                    54: (981.8840148093212, 0.45013992202532316, 199.93845242735424),
                    55: (981.9328531972122, 0.469377526048037, 199.93845242735424),
                    56: (981.9815045855189, 0.4883180448531811, 199.93845242735424),
                    57: (982.029916877116, 0.5068803722314315, 199.93845242735424),
                    58: (982.0780382309091, 0.5249850214472136, 199.93845242735424),
                    59: (982.1258171173472, 0.5425544656131092, 199.93845242735424),
                    60: (982.1732023736021, 0.5595134696718892, 199.93845242735424),
                    61: (982.2201432583545, 0.5757894125645813, 199.93845242735424),
                    62: (982.2665895061291, 0.5913125982049903, 199.93845242735424),
                    63: (982.3124913811206, 0.606016553929041, 199.93845242735424),
                    64: (982.3577997304516, 0.6198383151409309, 199.93845242735424),
                    65: (982.4024660368066, 0.6327186949371948, 199.93845242735424),
                    66: (982.446442470386, 0.6446025375541142, 199.93845242735424),
                    67: (982.4896819401234, 0.6554389545531616, 199.93845242735424),
                    68: (982.5321381441115, 0.6651815427331109, 199.93845242735424),
                    69: (982.5737656191836, 0.6737885828356659, 199.93845242735424),
                    70: (982.6145197895968, 0.6812232181937306, 199.93845242735424),
                    71: (982.6543570147646, 0.6874536125573159, 199.93845242735424),
                    72: (982.6932346359885, 0.6924530864212493, 199.93845242735424),
                    73: (982.7311110221378, 0.6962002312709121, 199.93845242735424),
                    74: (982.7679456142298, 0.6986790012567863, 199.93845242735424),
                    75: (982.8036989688604, 0.6998787819052443, 199.93845242735424),
                    76: (982.8383328004421, 0.699794435571356, 199.93845242735424),
                    77: (982.8718100222004, 0.6984263234390721, 199.93845242735424),
                    78: (982.9040947858879, 0.6957803039745794, 199.93845242735424),
                    79: (982.935152520171, 0.6918677078394491, 199.93845242735424),
                    80: (982.9649499676497, 0.6867052893710046, 199.93845242735424),
                    81: (982.9934552204711, 0.6803151548376767, 199.93845242735424),
                    82: (983.0206377544964, 0.6727246677765684, 199.93845242735424),
                    83: (983.0464684619874, 0.663966331818588, 199.93845242735424),
                    84: (983.0709196827755, 0.6540776515029119, 199.93845242735424),
                    85: (983.093965233881, 0.6431009716767899, 199.93845242735424),
                    86: (983.1155804375505, 0.6310832961684076, 199.93845242735424),
                    87: (983.1357421476828, 0.618076086509279, 199.93845242735424),
                    88: (983.1544287746133, 0.6041350415680682, 199.93845242735424),
                    89: (983.1716203082341, 0.5893198590394804, 199.93845242735424),
                    90: (983.1872983394202, 0.5736939798095728, 199.93845242735424),
                    91: (983.2014460797434, 0.5573243162921354, 199.93845242735424),
                    92: (983.2140483794486, 0.5402809658994665, 199.93845242735424),
                    93: (983.225091743678, 0.5226369108744909, 199.93845242735424),
                    94: (983.2345643469205, 0.5044677057695888, 199.93845242735424),
                    95: (983.2424560456751, 0.48585115391040823, 199.93845242735424),
                }
                uniform token[] xformOpOrder = ["xformOp:translate", "xformOp:rotateY"]
            }

            def Xform "Boat_24" (
                instanceable = true
                prepend references = @assetLibrary.usda@</Assets/Boat>
            )
            {
                float xformOp:rotateY.timeSamples = {
                    0: 336,
                    1: 336.65402,
                    2: 337.30527,
                    3: 337.9509,
                    4: 338.5882,
                    5: 339.2144,
                    6: 339.82684,
                    7: 340.42288,
                    8: 341,
                    9: 341.5557,
                    10: 342.08762,
                    11: 342.59344,
                    12: 343.07108,
                    13: 343.5184,
                    14: 343.93353,
                    15: 344.3147,
                    16: 344.66025,
                    17: 344.96872,
                    18: 345.2388,
                    19: 345.4693,
                    20: 345.65927,
                    21: 345.80786,
                    22: 345.91446,
                    23: 345.97858,
                    24: 346,
                    25: 345.97858,
                    26: 345.91446,
                    27: 345.80786,
                    28: 345.65927,
                    29: 345.4693,
                    30: 345.2388,
                    31: 344.96872,
                    32: 344.66025,
                    33: 344.3147,
                    34: 343.93353,
                    35: 343.5184,
                    36: 343.07108,
                    37: 342.59344,
                    38: 342.08762,
                    39: 341.5557,
                    40: 341,
                    41: 340.42288,
                    42: 339.82684,
                    43: 339.2144,
                    44: 338.5882,
                    45: 337.9509,
                    46: 337.30527,
                    47: 336.65402,
                    48: 336,
                    49: 335.34598,
                    50: 334.69473,
                    51: 334.0491,
                    52: 333.4118,
                    53: 332.7856,
                    54: 332.17316,
                    55: 331.57712,
                    56: 331,
                    57: 330.4443,
                    58: 329.91238,
                    59: 329.40656,
                    60: 328.92892,
                    61: 328.4816,
                    62: 328.06647,
                    63: 327.6853,
                    64: 327.33975,
                    65: 327.03128,
                    66: 326.7612,
                    67: 326.5307,
                    68: 326.34073,
                    69: 326.19214,
                    70: 326.08554,
                    71: 326.02142,
                    72: 326,
                    73: 326.02142,
                    74: 326.08554,
                    75: 326.19214,
                    76: 326.34073,
                    77: 326.5307,
                    78: 326.7612,
                    79: 327.03128,
                    80: 327.33975,
                    81: 327.6853,
                    82: 328.06647,
                    83: 328.4816,
                    84: 328.92892,
                    85: 329.40656,
                    86: 329.91238,
                    87: 330.4443,
                    88: 331,
                    89: 331.57712,
                    90: 332.17316,
                    91: 332.7856,
                    92: 333.4118,
                    93: 334.0491,
                    94: 334.69473,
                    95: 335.34598,
                }
                double3 xformOp:translate.timeSamples = {
                    0: (976.656777866904, 0.3477019656331056, -248.02856048127418),
                    1: (976.6618722351437, 0.32849343961399846, -248.02856048127418),
                    2: (976.6685612252278, 0.30959111566435105, -248.02856048127418),
                    3: (976.6768376744183, 0.29107593643725377, -248.02856048127418),
                    4: (976.6866927200858, 0.27302718677265814, -248.02856048127418),
                    5: (976.6981158092009, 0.255522154187523, -248.02856048127418),
                    6: (976.7110947096335, 0.23863579791879921, -248.02856048127418),
                    7: (976.7256155232518, 0.22244042793647015, -248.02856048127418),
                    8: (976.741662700805, 0.20700539530115897, -248.02856048127418),
                    9: (976.7592190585735, 0.19239679519223857, -248.02856048127418),
                    10: (976.7782657967697, 0.17867718387812884, -248.02856048127418),
                    11: (976.7987825196691, 0.16590531084074983, -248.02856048127418),
                    12: (976.820747257451, 0.15413586720122127, -248.02856048127418),
                    13: (976.8441364897241, 0.14341925152408574, -248.02856048127418),
                    14: (976.8689251707125, 0.13380135400291687, -248.02856048127418),
                    15: (976.8950867560758, 0.1253233599514672, -248.02856048127418),
                    16: (976.922593231333, 0.11802157344183029, -248.02856048127418),
                    17: (976.9514151418617, 0.11192726184483104, -248.02856048127418),
                    18: (976.981521624438, 0.10706652193834376, -248.02856048127418),
                    19: (977.0128804402863, 0.10346016815688203, -248.02856048127418),
                    20: (977.0454580096011, 0.10112364346099578, -248.02856048127418),
                    21: (977.0792194475052, 0.10006695320814257, -248.02856048127418),
                    22: (977.1141286014055, 0.10029462230821118, -248.02856048127418),
                    23: (977.1501480897052, 0.1018056758471626, -248.02856048127418),
                    24: (977.1872393418344, 0.10459364326176201, -248.02856048127418),
                    25: (977.2253626395511, 0.10864658604752359, -248.02856048127418),
                    26: (977.2644771594732, 0.11394714888121948, -248.02856048127418),
                    27: (977.3045410167932, 0.12047263393903845, -248.02856048127418),
                    28: (977.3455113101292, 0.12819509809215257, -248.02856048127418),
                    29: (977.3873441674647, 0.13708147256348385, -248.02856048127418),
                    30: (977.4299947931285, 0.14709370453328496, -248.02856048127418),
                    31: (977.4734175157621, 0.15818892008715504, -248.02856048127418),
                    32: (977.5175658372267, 0.17031960780872463, -248.02856048127418),
                    33: (977.5623924823938, 0.18343382223083254, -248.02856048127418),
                    34: (977.607849449769, 0.19747540627399254, -248.02856048127418),
                    35: (977.653888062893, 0.21238423171962856, -248.02856048127418),
                    36: (977.7004590224657, 0.2280964566883375, -248.02856048127418),
                    37: (977.7475124591373, 0.24454479902061946, -248.02856048127418),
                    38: (977.794997986909, 0.2616588243894118, -248.02856048127418),
                    39: (977.8428647570886, 0.2793652479106923, -248.02856048127418),
                    40: (977.8910615127393, 0.29758824796060335, -248.02856048127418),
                    41: (977.9395366435682, 0.31624979085528476, -248.02856048127418),
                    42: (977.988238241191, 0.3352699650030904, -248.02856048127418),
                    43: (978.037114154717, 0.35456732309828853, -248.02856048127418),
                    44: (978.0861120465938, 0.3740592308909313, -248.02856048127418),
                    45: (978.1351794486518, 0.3936622210393984, -248.02856048127418),
                    46: (978.1842638182875, 0.4132923505303678, -248.02856048127418),
                    47: (978.2333125947287, 0.4328655601356879, -248.02856048127418),
                    48: (978.2822732553169, 0.4522980343668944, -248.02856048127418),
                    49: (978.3310933717505, 0.4715065603860016, -248.02856048127418),
                    50: (978.379720666226, 0.490408884335649, -248.02856048127418),
                    51: (978.4281030674185, 0.5089240635627462, -248.02856048127418),
                    52: (978.4761887662411, 0.5269728132273418, -248.02856048127418),
                    53: (978.5239262713227, 0.544477845812477, -248.02856048127418),
                    54: (978.5712644641475, 0.5613642020812009, -248.02856048127418),
                    55: (978.6181526537928, 0.5775595720635298, -248.02856048127418),
                    56: (978.6645406312108, 0.592994604698841, -248.02856048127418),
                    57: (978.7103787229933, 0.6076032048077614, -248.02856048127418),
                    58: (978.7556178445634, 0.6213228161218711, -248.02856048127418),
                    59: (978.8002095527369, 0.6340946891592502, -248.02856048127418),
                    60: (978.8441060975955, 0.6458641327987784, -248.02856048127418),
                    61: (978.8872604736197, 0.6565807484759143, -248.02856048127418),
                    62: (978.9296264700225, 0.6661986459970832, -248.02856048127418),
                    63: (978.971158720234, 0.6746766400485329, -248.02856048127418),
                    64: (979.0118127504804, 0.6819784265581696, -248.02856048127418),
                    65: (979.0515450274078, 0.688072738155169, -248.02856048127418),
                    66: (979.0903130046988, 0.6929334780616563, -248.02856048127418),
                    67: (979.1280751686324, 0.696539831843118, -248.02856048127418),
                    68: (979.1647910825376, 0.6988763565390043, -248.02856048127418),
                    69: (979.2004214300941, 0.6999330467918574, -248.02856048127418),
                    70: (979.2349280574334, 0.6997053776917889, -248.02856048127418),
                    71: (979.2682740139945, 0.6981943241528374, -248.02856048127418),
                    72: (979.300423592092, 0.695406356738238, -248.02856048127418),
                    73: (979.3313423651523, 0.6913534139524764, -248.02856048127418),
                    74: (979.360997224579, 0.6860528511187807, -248.02856048127418),
                    75: (979.3893564152056, 0.6795273660609614, -248.02856048127418),
                    76: (979.4163895693006, 0.6718049019078475, -248.02856048127418),
                    77: (979.4420677390855, 0.6629185274365161, -248.02856048127418),
                    78: (979.4663634277327, 0.6529062954667151, -248.02856048127418),
                    79: (979.4892506188106, 0.641811079912845, -248.02856048127418),
                    80: (979.5107048041416, 0.6296803921912751, -248.02856048127418),
                    81: (979.5307030100465, 0.6165661777691676, -248.02856048127418),
                    82: (979.5492238219458, 0.602524593726008, -248.02856048127418),
                    83: (979.56624740729, 0.5876157682803715, -248.02856048127418),
                    84: (979.5817555367977, 0.5719035433116626, -248.02856048127418),
                    85: (979.5957316039752, 0.5554552009793802, -248.02856048127418),
                    86: (979.6081606428999, 0.5383411756105883, -248.02856048127418),
                    87: (979.6190293442453, 0.5206347520893082, -248.02856048127418),
                    88: (979.6283260695342, 0.5024117520393967, -248.02856048127418),
                    89: (979.6360408635999, 0.4837502091447153, -248.02856048127418),
                    90: (979.6421654652479, 0.4647300349969091, -248.02856048127418),
                    91: (979.6466933161014, 0.4454326769017115, -248.02856048127418),
                    92: (979.6496195676241, 0.4259407691090693, -248.02856048127418),
                    93: (979.6509410863126, 0.4063377789606017, -248.02856048127418),
                    94: (979.6506564570518, 0.3867076494696323, -248.02856048127418),
                    95: (979.6487659846297, 0.36713443986431166, -248.02856048127418),
                }
                uniform token[] xformOpOrder = ["xformOp:translate", "xformOp:rotateY"]
            }

            def Xform "Boat_25" (
                instanceable = true
                prepend references = @assetLibrary.usda@</Assets/Boat>
            )
            {
                float xformOp:rotateY.timeSamples = {
                    0: 5,
                    1: 5.6540313,
                    2: 6.305262,
                    3: 6.9509034,
                    4: 7.5881906,
                    5: 8.214395,
                    6: 8.826835,
                    7: 9.422887,
                    8: 10,
                    9: 10.555702,
                    10: 11.087614,
                    11: 11.593458,
                    12: 12.071068,
                    13: 12.518398,
                    14: 12.933534,
                    15: 13.314696,
                    16: 13.6602545,
                    17: 13.968727,
                    18: 14.238795,
                    19: 14.469301,
                    20: 14.659258,
                    21: 14.807853,
                    22: 14.914449,
                    23: 14.978589,
                    24: 15,
                    25: 14.978589,
                    26: 14.914449,
                    27: 14.807853,
                    28: 14.659258,
                    29: 14.469301,
                    30: 14.238795,
                    31: 13.968727,
                    32: 13.6602545,
                    33: 13.314696,
                    34: 12.933534,
                    35: 12.518398,
                    36: 12.071068,
                    37: 11.593458,
                    38: 11.087614,
                    39: 10.555702,
                    40: 10,
                    41: 9.422887,
                    42: 8.826835,
                    43: 8.214395,
                    44: 7.5881906,
                    45: 6.9509034,
                    46: 6.305262,
                    47: 5.6540313,
                    48: 5,
                    49: 4.3459687,
                    50: 3.6947381,
                    51: 3.0490968,
                    52: 2.4118094,
                    53: 1.7856053,
                    54: 1.1731657,
                    55: 0.5771131,
                    56: 0,
                    57: 359.4443,
                    58: 358.91238,
                    59: 358.40656,
                    60: 357.92892,
                    61: 357.4816,
                    62: 357.06647,
                    63: 356.6853,
                    64: 356.33975,
                    65: 356.03128,
                    66: 355.7612,
                    67: 355.5307,
                    68: 355.34073,
                    69: 355.19214,
                    70: 355.08554,
                    71: 355.02142,
                    72: 355,
                    73: 355.02142,
                    74: 355.08554,
                    75: 355.19214,
                    76: 355.34073,
                    77: 355.5307,
                    78: 355.7612,
                    79: 356.03128,
                    80: 356.33975,
                    81: 356.6853,
                    82: 357.06647,
                    83: 357.4816,
                    84: 357.92892,
                    85: 358.40656,
                    86: 358.91238,
                    87: 359.4443,
                    88: 0,
                    89: 0.5771131,
                    90: 1.1731657,
                    91: 1.7856053,
                    92: 2.4118094,
                    93: 3.0490968,
                    94: 3.6947381,
                    95: 4.3459687,
                }
                double3 xformOp:translate.timeSamples = {
                    0: (803.3643461386392, 0.2367936667331891, 109.60232762693539),
                    1: (803.3790380185474, 0.220679732925803, 109.60232762693539),
                    2: (803.3952544262202, 0.2053336760317769, 109.60232762693539),
                    3: (803.412977996722, 0.19082121022270085, 109.60232762693539),
                    4: (803.4321897512099, 0.17720448010516285, 109.60232762693539),
                    5: (803.4528691172555, 0.16454179460800505, 109.60232762693539),
                    6: (803.4749939508762, 0.15288737729453705, 109.60232762693539),
                    7: (803.4985405602456, 0.14229113416891398, 109.60232762693539),
                    8: (803.5234837310649, 0.13279843997096463, 109.60232762693539),
                    9: (803.5497967535617, 0.12444994387458919, 109.60232762693539),
                    10: (803.5774514510928, 0.11728139542175697, 109.60232762693539),
                    11: (803.6064182103152, 0.1113234914374786, 109.60232762693539),
                    12: (803.6366660128975, 0.10660174458128885, 109.60232762693539),
                    13: (803.6681624687353, 0.10313637409812176, 109.60232762693539),
                    14: (803.7008738506346, 0.1009422192363994, 109.60232762693539),
                    15: (803.7347651304285, 0.10002867570409252, 109.60232762693539),
                    16: (803.7698000164855, 0.10039965543485624, 109.60232762693539),
                    17: (803.8059409925723, 0.10205356983652963, 109.60232762693539),
                    18: (803.8431493580264, 0.10498333659373105, 109.60232762693539),
                    19: (803.8813852691981, 0.10917640999542028, 109.60232762693539),
                    20: (803.9206077821159, 0.114614834657559, 109.60232762693539),
                    21: (803.9607748963307, 0.12127532241082167, 109.60232762693539),
                    22: (804.0018435998904, 0.12912935202411202, 109.60232762693539),
                    23: (804.0437699153987, 0.1381432913368537, 109.60232762693539),
                    24: (804.0865089471067, 0.1482785412770643, 109.60232762693539),
                    25: (804.1300149289889, 0.15949170114850791, 109.60232762693539),
                    26: (804.17424127375, 0.17173475447913938, 109.60232762693539),
                    27: (804.2191406227124, 0.18495527463500885, 109.60232762693539),
                    28: (804.2646648965286, 0.1990966493191584, 109.60232762693539),
                    29: (804.310765346666, 0.2140983229941669, 109.60232762693539),
                    30: (804.3573926076077, 0.22989605619025902, 109.60232762693539),
                    31: (804.4044967497151, 0.24642220058857658, 109.60232762693539),
                    32: (804.4520273326928, 0.26360598870166696, 109.60232762693539),
                    33: (804.4999334596021, 0.2813738369107264, 109.60232762693539),
                    34: (804.5481638313623, 0.299649660561954, 109.60232762693539),
                    35: (804.5966668016833, 0.31835519977271975, 109.60232762693539),
                    36: (804.6453904323698, 0.3374103545523959, 109.60232762693539),
                    37: (804.6942825489375, 0.3567335278028164, 109.60232762693539),
                    38: (804.7432907964833, 0.3762419747295749, 109.60232762693539),
                    39: (804.7923626957484, 0.39585215716793976, 109.60232762693539),
                    40: (804.8414456993138, 0.4154801013060999, 109.60232762693539),
                    41: (804.8904872478699, 0.4350417572739184, 109.60232762693539),
                    42: (804.9394348264982, 0.4544533590573821, 109.60232762693539),
                    43: (804.9882360209056, 0.4736317831975303, 109.60232762693539),
                    44: (805.0368385735505, 0.49249490473786967, 109.60232762693539),
                    45: (805.0851904396025, 0.5109619488960453, 109.60232762693539),
                    46: (805.1332398426721, 0.5289538369538593, 109.60232762693539),
                    47: (805.1809353302551, 0.5463935248844842, 109.60232762693539),
                    48: (805.2282258288287, 0.5632063332668109, 109.60232762693539),
                    49: (805.2750606985427, 0.579320267074197, 109.60232762693539),
                    50: (805.3213897874452, 0.594666323968223, 109.60232762693539),
                    51: (805.3671634851877, 0.6091787897772991, 109.60232762693539),
                    52: (805.412332776148, 0.6227955198948372, 109.60232762693539),
                    53: (805.4568492919179, 0.635458205391995, 109.60232762693539),
                    54: (805.5006653630976, 0.6471126227054629, 109.60232762693539),
                    55: (805.5437340703403, 0.6577088658310861, 109.60232762693539),
                    56: (805.5860092945956, 0.6672015600290353, 109.60232762693539),
                    57: (805.6274457664946, 0.6755500561254109, 109.60232762693539),
                    58: (805.6679991148252, 0.682718604578243, 109.60232762693539),
                    59: (805.7076259140463, 0.6886765085625214, 109.60232762693539),
                    60: (805.7462837307887, 0.693398255418711, 109.60232762693539),
                    61: (805.7839311692941, 0.6968636259018783, 109.60232762693539),
                    62: (805.8205279157422, 0.6990577807636007, 109.60232762693539),
                    63: (805.8560347814204, 0.6999713242959076, 109.60232762693539),
                    64: (805.8904137446875, 0.6996003445651439, 109.60232762693539),
                    65: (805.9236279916886, 0.6979464301634704, 109.60232762693539),
                    66: (805.9556419557761, 0.695016663406269, 109.60232762693539),
                    67: (805.9864213555952, 0.6908235900045798, 109.60232762693539),
                    68: (806.0159332317938, 0.685385165342441, 109.60232762693539),
                    69: (806.0441459823157, 0.6787246775891786, 109.60232762693539),
                    70: (806.071029396241, 0.6708706479758879, 109.60232762693539),
                    71: (806.0965546861366, 0.6618567086631464, 109.60232762693539),
                    72: (806.1206945188828, 0.6517214587229359, 109.60232762693539),
                    73: (806.1434230449421, 0.6405082988514922, 109.60232762693539),
                    74: (806.1647159260393, 0.628265245520861, 109.60232762693539),
                    75: (806.1845503612243, 0.6150447253649909, 109.60232762693539),
                    76: (806.2029051112869, 0.6009033506808417, 109.60232762693539),
                    77: (806.219760521501, 0.5859016770058332, 109.60232762693539),
                    78: (806.2350985426714, 0.570103943809741, 109.60232762693539),
                    79: (806.2489027504605, 0.5535777994114235, 109.60232762693539),
                    80: (806.2611583629771, 0.5363940112983326, 109.60232762693539),
                    81: (806.2718522566042, 0.5186261630892737, 109.60232762693539),
                    82: (806.2809729800528, 0.5003503394380465, 109.60232762693539),
                    83: (806.2885107666235, 0.48164480022728035, 109.60232762693539),
                    84: (806.294457544666, 0.46258964544760417, 109.60232762693539),
                    85: (806.2988069462212, 0.4432664721971832, 109.60232762693539),
                    86: (806.301554313841, 0.42375802527042516, 109.60232762693539),
                    87: (806.3026967055755, 0.40414784283206084, 109.60232762693539),
                    88: (806.3022328981227, 0.3845198986939002, 109.60232762693539),
                    89: (806.3001633881396, 0.3649582427260817, 109.60232762693539),
                    90: (806.2964903917091, 0.34554664094261744, 109.60232762693539),
                    91: (806.2912178419678, 0.32636821680246975, 109.60232762693539),
                    92: (806.284351384894, 0.30750509526213093, 109.60232762693539),
                    93: (806.275898373262, 0.28903805110395475, 109.60232762693539),
                    94: (806.2658678587683, 0.2710461630461407, 109.60232762693539),
                    95: (806.2542705823391, 0.2536064751155154, 109.60232762693539),
                }
                uniform token[] xformOpOrder = ["xformOp:translate", "xformOp:rotateY"]
            }

            def Xform "Boat_26" (
                instanceable = true
                prepend references = @assetLibrary.usda@</Assets/Boat>
            )
            {
                float xformOp:rotateY.timeSamples = {
                    0: 34,
                    1: 34.65403,
                    2: 35.305264,
                    3: 35.950905,
                    4: 36.588192,
                    5: 37.214394,
                    6: 37.826836,
                    7: 38.422886,
                    8: 39,
                    9: 39.555702,
                    10: 40.087616,
                    11: 40.593456,
                    12: 41.071068,
                    13: 41.5184,
                    14: 41.933533,
                    15: 42.314697,
                    16: 42.660255,
                    17: 42.968727,
                    18: 43.238796,
                    19: 43.469303,
                    20: 43.65926,
                    21: 43.807854,
                    22: 43.914448,
                    23: 43.97859,
                    24: 44,
                    25: 43.97859,
                    26: 43.914448,
                    27: 43.807854,
                    28: 43.65926,
                    29: 43.469303,
                    30: 43.238796,
                    31: 42.968727,
                    32: 42.660255,
                    33: 42.314697,
                    34: 41.933533,
                    35: 41.5184,
                    36: 41.071068,
                    37: 40.593456,
                    38: 40.087616,
                    39: 39.555702,
                    40: 39,
                    41: 38.422886,
                    42: 37.826836,
                    43: 37.214394,
                    44: 36.588192,
                    45: 35.950905,
                    46: 35.305264,
                    47: 34.65403,
                    48: 34,
                    49: 33.34597,
                    50: 32.694736,
                    51: 32.049095,
                    52: 31.41181,
                    53: 30.785604,
                    54: 30.173166,
                    55: 29.577112,
                    56: 29,
                    57: 28.444298,
                    58: 27.912386,
                    59: 27.406542,
                    60: 26.928932,
                    61: 26.481602,
                    62: 26.066467,
                    63: 25.685305,
                    64: 25.339746,
                    65: 25.031273,
                    66: 24.761204,
                    67: 24.530699,
                    68: 24.340742,
                    69: 24.192146,
                    70: 24.085552,
                    71: 24.02141,
                    72: 24,
                    73: 24.02141,
                    74: 24.085552,
                    75: 24.192146,
                    76: 24.340742,
                    77: 24.530699,
                    78: 24.761204,
                    79: 25.031273,
                    80: 25.339746,
                    81: 25.685305,
                    82: 26.066467,
                    83: 26.481602,
                    84: 26.928932,
                    85: 27.406542,
                    86: 27.912386,
                    87: 28.444298,
                    88: 29,
                    89: 29.577112,
                    90: 30.173166,
                    91: 30.785604,
                    92: 31.41181,
                    93: 32.049095,
                    94: 32.694736,
                    95: 33.34597,
                }
                double3 xformOp:translate.timeSamples = {
                    0: (1046.175610249755, 0.15165205927430392, -225.1180616588751),
                    1: (1046.1993139224426, 0.1411767535135557, -225.1180616588751),
                    2: (1046.224411250704, 0.1318097686295301, -225.1180616588751),
                    3: (1046.2508753596915, 0.12359121548954644, -225.1180616588751),
                    4: (1046.2786779109742, 0.11655628719988487, -225.1180616588751),
                    5: (1046.307789132884, 0.11073510840350392, -225.1180616588751),
                    6: (1046.3381778523951, 0.10615260628169326, -225.1180616588751),
                    7: (1046.3698115285056, 0.10282840381205693, -225.1180616588751),
                    8: (1046.402656287083, 0.10077673573991092, -225.1180616588751),
                    9: (1046.4366769571368, 0.1000063876229178, -225.1180616588751),
                    10: (1046.4718371084816, 0.10052065820998063, -225.1180616588751),
                    11: (1046.5080990907466, 0.1023173453154933, -225.1180616588751),
                    12: (1046.545424073693, 0.10538875524943753, -225.1180616588751),
                    13: (1046.5837720887941, 0.10972173576294486, -225.1180616588751),
                    14: (1046.6231020720347, 0.1152977323682452, -225.1180616588751),
                    15: (1046.6633719078839, 0.12209286779183198, -225.1180616588751),
                    16: (1046.7045384743926, 0.13007804422061325, -225.1180616588751),
                    17: (1046.7465576893703, 0.1392190679032142, -225.1180616588751),
                    18: (1046.7893845575893, 0.14947679557287086, -225.1180616588751),
                    19: (1046.8329732189663, 0.16080730206490657, -225.1180616588751),
                    20: (1046.8772769976708, 0.17316206841103138, -225.1180616588751),
                    21: (1046.9222484521072, 0.186488189605013, -225.1180616588751),
                    22: (1046.9678394257155, 0.20072860115003502, -225.1180616588751),
                    23: (1047.014001098539, 0.2158223234176347, -225.1180616588751),
                    24: (1047.0606840395026, 0.23170472277183138, -225.1180616588751),
                    25: (1047.1078382593437, 0.24830778834028008, -225.1180616588751),
                    26: (1047.1554132641425, 0.26556042324726775, -225.1180616588751),
                    27: (1047.2033581093922, 0.28338874906144945, -225.1180616588751),
                    28: (1047.2516214545517, 0.3017164221546354, -225.1180616588751),
                    29: (1047.3001516180223, 0.32046496061692464, -225.1180616588751),
                    30: (1047.3488966324892, 0.33955408032829354, -225.1180616588751),
                    31: (1047.3978043005702, 0.35890203874752313, -225.1180616588751),
                    32: (1047.4468222507091, 0.3784259849463091, -225.1180616588751),
                    33: (1047.4958979932571, 0.39804231438965854, -225.1180616588751),
                    34: (1047.54497897668, 0.41766702694334085, -225.1180616588751),
                    35: (1047.5940126438315, 0.4372160865753604, -225.1180616588751),
                    36: (1047.6429464882324, 0.45660578121114676, -225.1180616588751),
                    37: (1047.6917281102967, 0.4757530812015088, -225.1180616588751),
                    38: (1047.7403052734414, 0.4945759948683419, -225.1180616588751),
                    39: (1047.7886259600236, 0.5129939196055778, -225.1180616588751),
                    40: (1047.8366384270419, 0.5309279870319206, -225.1180616588751),
                    41: (1047.884291261544, 0.548301400717362, -225.1180616588751),
                    42: (1047.9315334356809, 0.5650397650372868, -225.1180616588751),
                    43: (1047.9783143613497, 0.5810714037459563, -225.1180616588751),
                    44: (1048.024583944363, 0.596327666905198, -225.1180616588751),
                    45: (1048.0702926380925, 0.6107432248539798, -225.1180616588751),
                    46: (1048.1153914965244, 0.624256347960048, -225.1180616588751),
                    47: (1048.1598322266711, 0.6368091709556909, -225.1180616588751),
                    48: (1048.2035672402858, 0.6483479407256961, -225.1180616588751),
                    49: (1048.2465497048204, 0.6588232464864443, -225.1180616588751),
                    50: (1048.2887335935754, 0.66819023137047, -225.1180616588751),
                    51: (1048.3300737349862, 0.6764087845104536, -225.1180616588751),
                    52: (1048.3705258609937, 0.6834437128001152, -225.1180616588751),
                    53: (1048.4100466544483, 0.6892648915964961, -225.1180616588751),
                    54: (1048.4485937954942, 0.6938473937183067, -225.1180616588751),
                    55: (1048.4861260068878, 0.697171596187943, -225.1180616588751),
                    56: (1048.5226030981967, 0.6992232642600891, -225.1180616588751),
                    57: (1048.5579860088378, 0.6999936123770822, -225.1180616588751),
                    58: (1048.5922368499043, 0.6994793417900194, -225.1180616588751),
                    59: (1048.6253189447377, 0.6976826546845067, -225.1180616588751),
                    60: (1048.6571968682022, 0.6946112447505626, -225.1180616588751),
                    61: (1048.6878364846189, 0.6902782642370552, -225.1180616588751),
                    62: (1048.717204984319, 0.6847022676317549, -225.1180616588751),
                    63: (1048.7452709187778, 0.6779071322081681, -225.1180616588751),
                    64: (1048.7720042342894, 0.6699219557793867, -225.1180616588751),
                    65: (1048.7973763041498, 0.6607809320967859, -225.1180616588751),
                    66: (1048.8213599593114, 0.650523204427129, -225.1180616588751),
                    67: (1048.8439295174753, 0.6391926979350935, -225.1180616588751),
                    68: (1048.8650608105936, 0.6268379315889687, -225.1180616588751),
                    69: (1048.884731210748, 0.613511810394987, -225.1180616588751),
                    70: (1048.9029196543815, 0.599271398849965, -225.1180616588751),
                    71: (1048.9196066648533, 0.584177676582365, -225.1180616588751),
                    72: (1048.9347743732942, 0.5682952772281686, -225.1180616588751),
                    73: (1048.9484065377424, 0.5516922116597205, -225.1180616588751),
                    74: (1048.9604885605345, 0.5344395767527323, -225.1180616588751),
                    75: (1048.9710075039382, 0.5166112509385506, -225.1180616588751),
                    76: (1048.9799521040052, 0.49828357784536464, -225.1180616588751),
                    77: (1048.9873127826338, 0.47953503938307546, -225.1180616588751),
                    78: (1048.9930816578249, 0.46044591967170706, -225.1180616588751),
                    79: (1048.9972525521225, 0.44109796125247697, -225.1180616588751),
                    80: (1048.9998209992284, 0.42157401505369096, -225.1180616588751),
                    81: (1049.0007842487853, 0.40195768561034156, -225.1180616588751),
                    82: (1049.0001412693214, 0.38233297305665925, -225.1180616588751),
                    83: (1048.997892749355, 0.36278391342463967, -225.1180616588751),
                    84: (1048.994041096658, 0.34339421878885334, -225.1180616588751),
                    85: (1048.988590435676, 0.3242469187984913, -225.1180616588751),
                    86: (1048.981546603114, 0.3054240051316587, -225.1180616588751),
                    87: (1048.9729171416839, 0.2870060803944222, -225.1180616588751),
                    88: (1048.9627112920293, 0.2690720129680799, -225.1180616588751),
                    89: (1048.9509399828294, 0.2516985992826376, -225.1180616588751),
                    90: (1048.9376158190971, 0.23496023496271323, -225.1180616588751),
                    91: (1048.9227530686808, 0.21892859625404332, -225.1180616588751),
                    92: (1048.9063676469857, 0.20367233309480207, -225.1180616588751),
                    93: (1048.8884770999318, 0.1892567751460206, -225.1180616588751),
                    94: (1048.8691005851651, 0.17574365203995163, -225.1180616588751),
                    95: (1048.8482588515428, 0.16319082904430918, -225.1180616588751),
                }
                uniform token[] xformOpOrder = ["xformOp:translate", "xformOp:rotateY"]
            }

            def Xform "Boat_27" (
                instanceable = true
                prepend references = @assetLibrary.usda@</Assets/Boat>
            )
            {
                float xformOp:rotateY.timeSamples = {
                    0: 63,
                    1: 63.65403,
                    2: 64.30526,
                    3: 64.950905,
                    4: 65.58819,
                    5: 66.21439,
                    6: 66.826836,
                    7: 67.42289,
                    8: 68,
                    9: 68.5557,
                    10: 69.087616,
                    11: 69.59346,
                    12: 70.07107,
                    13: 70.518394,
                    14: 70.93353,
                    15: 71.3147,
                    16: 71.660255,
                    17: 71.96873,
                    18: 72.23879,
                    19: 72.4693,
                    20: 72.659256,
                    21: 72.80785,
                    22: 72.91445,
                    23: 72.97859,
                    24: 73,
                    25: 72.97859,
                    26: 72.91445,
                    27: 72.80785,
                    28: 72.659256,
                    29: 72.4693,
                    30: 72.23879,
                    31: 71.96873,
                    32: 71.660255,
                    33: 71.3147,
                    34: 70.93353,
                    35: 70.518394,
                    36: 70.07107,
                    37: 69.59346,
                    38: 69.087616,
                    39: 68.5557,
                    40: 68,
                    41: 67.42289,
                    42: 66.826836,
                    43: 66.21439,
                    44: 65.58819,
                    45: 64.950905,
                    46: 64.30526,
                    47: 63.65403,
                    48: 63,
                    49: 62.34597,
                    50: 61.694736,
                    51: 61.049095,
                    52: 60.411808,
                    53: 59.785606,
                    54: 59.173164,
                    55: 58.577114,
                    56: 58,
                    57: 57.444298,
                    58: 56.912384,
                    59: 56.406544,
                    60: 55.928932,
                    61: 55.4816,
                    62: 55.066467,
                    63: 54.685303,
                    64: 54.339745,
                    65: 54.031273,
                    66: 53.761204,
                    67: 53.530697,
                    68: 53.34074,
                    69: 53.192146,
                    70: 53.085552,
                    71: 53.02141,
                    72: 53,
                    73: 53.02141,
                    74: 53.085552,
                    75: 53.192146,
                    76: 53.34074,
                    77: 53.530697,
                    78: 53.761204,
                    79: 54.031273,
                    80: 54.339745,
                    81: 54.685303,
                    82: 55.066467,
                    83: 55.4816,
                    84: 55.928932,
                    85: 56.406544,
                    86: 56.912384,
                    87: 57.444298,
                    88: 58,
                    89: 58.577114,
                    90: 59.173164,
                    91: 59.785606,
                    92: 60.411808,
                    93: 61.049095,
                    94: 61.694736,
                    95: 62.34597,
                }
                double3 xformOp:translate.timeSamples = {
                    0: (800.4910723829547, 0.10571913098005259, -71.05922105947934),
                    1: (800.522842857793, 0.10253627371448076, -71.05922105947934),
                    2: (800.5558205553643, 0.10062720179232565, -71.05922105947934),
                    3: (800.5899701623242, 0.10000009015264394, -71.05922105947934),
                    4: (800.6252551104184, 0.10065762418375263, -71.05922105947934),
                    5: (800.6616376156403, 0.10259698822398411, -71.05922105947934),
                    6: (800.6990787186922, 0.10580987761878152, -71.05922105947934),
                    7: (800.7375383267033, 0.11028253428250451, -71.05922105947934),
                    8: (800.7769752561619, 0.11599580561266426, -71.05922105947934),
                    9: (800.8173472770161, 0.12292522650430787, -71.05922105947934),
                    10: (800.8586111578949, 0.13104112411335306, -71.05922105947934),
                    11: (800.9007227124009, 0.1403087449202628, -71.05922105947934),
                    12: (800.943636846427, 0.15068840354995072, -71.05922105947934),
                    13: (800.9873076064434, 0.16213565271065009, -71.05922105947934),
                    14: (801.0316882287066, 0.1746014735240417, -71.05922105947934),
                    15: (801.0767311893345, 0.1880324854316147, -71.05922105947934),
                    16: (801.1223882551967, 0.20237117477841435, -71.05922105947934),
                    17: (801.1686105355636, 0.21755614109534213, -71.05922105947934),
                    18: (801.2153485344596, 0.23352236002538995, -71.05922105947934),
                    19: (801.2625522036649, 0.2502014617679218, -71.05922105947934),
                    20: (801.310170996308, 0.2675220238486533, -71.05922105947934),
                    21: (801.358153920993, 0.2854098769616539, -71.05922105947934),
                    22: (801.4064495964026, 0.3037884225736998, -71.05922105947934),
                    23: (801.4550063063176, 0.3225789609309558, -71.05922105947934),
                    24: (801.503772054997, 0.3417010280633996, -71.05922105947934),
                    25: (801.5526946228555, 0.36107274034389686, -71.05922105947934),
                    26: (801.6017216223822, 0.3806111451264632, -71.05922105947934),
                    27: (801.6508005542379, 0.4002325759622287, -71.05922105947934),
                    28: (801.6998788634733, 0.4198530108720187, -71.05922105947934),
                    29: (801.7489039958052, 0.4393884321413651, -71.05922105947934),
                    30: (801.7978234538944, 0.45875518609726, -71.05922105947934),
                    31: (801.8465848535595, 0.4778703413260257, -71.05922105947934),
                    32: (801.8951359798726, 0.4966520437983615, -71.05922105947934),
                    33: (801.9434248430716, 0.515019867380861, -71.05922105947934),
                    34: (801.9913997342322, 0.5328951582330644, -71.05922105947934),
                    35: (802.0390092806393, 0.550201371615278, -71.05922105947934),
                    36: (802.0862025007982, 0.5668643996649004, -71.05922105947934),
                    37: (802.1329288590266, 0.5828128887376695, -71.05922105947934),
                    38: (802.1791383195698, 0.5979785449549185, -71.05922105947934),
                    39: (802.22478140018, 0.6122964266484515, -71.05922105947934),
                    40: (802.2698092251031, 0.6257052224507353, -71.05922105947934),
                    41: (802.3141735774167, 0.6381475138395888, -71.05922105947934),
                    42: (802.3578269506608, 0.6495700210131099, -71.05922105947934),
                    43: (802.4007225997101, 0.6599238310419662, -71.05922105947934),
                    44: (802.4428145908291, 0.6691646073220683, -71.05922105947934),
                    45: (802.4840578508596, 0.677252779430715, -71.05922105947934),
                    46: (802.5244082154856, 0.6841537125732181, -71.05922105947934),
                    47: (802.5638224765258, 0.6898378558944113, -71.05922105947934),
                    48: (802.6022584282026, 0.6942808690199475, -71.05922105947934),
                    49: (802.6396749123361, 0.6974637262855192, -71.05922105947934),
                    50: (802.6760318624179, 0.6993727982076744, -71.05922105947934),
                    51: (802.711290346515, 0.6999999098473562, -71.05922105947934),
                    52: (802.7454126089599, 0.6993423758162474, -71.05922105947934),
                    53: (802.778362110779, 0.6974030117760159, -71.05922105947934),
                    54: (802.8101035688205, 0.6941901223812186, -71.05922105947934),
                    55: (802.8406029935363, 0.6897174657174956, -71.05922105947934),
                    56: (802.8698277253783, 0.6840041943873358, -71.05922105947934),
                    57: (802.8977464697716, 0.6770747734956922, -71.05922105947934),
                    58: (802.9243293306256, 0.6689588758866469, -71.05922105947934),
                    59: (802.9495478423469, 0.6596912550797374, -71.05922105947934),
                    60: (802.9733750003215, 0.6493115964500497, -71.05922105947934),
                    61: (802.995785289832, 0.6378643472893499, -71.05922105947934),
                    62: (803.016754713379, 0.6253985264759584, -71.05922105947934),
                    63: (803.0362608163783, 0.6119675145683854, -71.05922105947934),
                    64: (803.0542827112067, 0.5976288252215861, -71.05922105947934),
                    65: (803.0708010995675, 0.582443858904658, -71.05922105947934),
                    66: (803.0857982931566, 0.5664776399746101, -71.05922105947934),
                    67: (803.0992582326038, 0.5497985382320782, -71.05922105947934),
                    68: (803.1111665046685, 0.5324779761513467, -71.05922105947934),
                    69: (803.121510357675, 0.5145901230383467, -71.05922105947934),
                    70: (803.1302787151661, 0.49621157742629973, -71.05922105947934),
                    71: (803.1374621877652, 0.4774210390690443, -71.05922105947934),
                    72: (803.1430530832299, 0.4582989719366005, -71.05922105947934),
                    73: (803.1470454146892, 0.43892725965610324, -71.05922105947934),
                    74: (803.1494349070546, 0.4193888548735374, -71.05922105947934),
                    75: (803.1502190015979, 0.3997674240377709, -71.05922105947934),
                    76: (803.1493968586909, 0.38014698912798134, -71.05922105947934),
                    77: (803.146969358705, 0.360611567858635, -71.05922105947934),
                    78: (803.1429391010677, 0.3412448139027401, -71.05922105947934),
                    79: (803.1373104014801, 0.3221296586739744, -71.05922105947934),
                    80: (803.1300892872946, 0.30334795620163807, -71.05922105947934),
                    81: (803.1212834910611, 0.284980132619139, -71.05922105947934),
                    82: (803.1109024422468, 0.26710484176693605, -71.05922105947934),
                    83: (803.0989572571389, 0.24979862838472205, -71.05922105947934),
                    84: (803.0854607269406, 0.23313560033509964, -71.05922105947934),
                    85: (803.0704273040747, 0.21718711126233017, -71.05922105947934),
                    86: (803.0538730867067, 0.2020214550450815, -71.05922105947934),
                    87: (803.0358158015074, 0.18770357335154894, -71.05922105947934),
                    88: (803.01627478467, 0.17429477754926467, -71.05922105947934),
                    89: (802.9952709612048, 0.16185248616041129, -71.05922105947934),
                    90: (802.972826822532, 0.1504299789868899, -71.05922105947934),
                    91: (802.9489664023977, 0.14007616895803388, -71.05922105947934),
                    92: (802.923715251137, 0.13083539267793198, -71.05922105947934),
                    93: (802.8971004083154, 0.12274722056928505, -71.05922105947934),
                    94: (802.8691503737732, 0.11584628742678199, -71.05922105947934),
                    95: (802.8398950771075, 0.11016214410558861, -71.05922105947934),
                }
                uniform token[] xformOpOrder = ["xformOp:translate", "xformOp:rotateY"]
            }

            def Xform "Boat_28" (
                instanceable = true
                prepend references = @assetLibrary.usda@</Assets/Boat>
            )
            {
                float xformOp:rotateY.timeSamples = {
                    0: 92,
                    1: 92.65403,
                    2: 93.30526,
                    3: 93.950905,
                    4: 94.58819,
                    5: 95.21439,
                    6: 95.826836,
                    7: 96.42289,
                    8: 97,
                    9: 97.5557,
                    10: 98.087616,
                    11: 98.59346,
                    12: 99.07107,
                    13: 99.518394,
                    14: 99.93353,
                    15: 100.3147,
                    16: 100.660255,
                    17: 100.96873,
                    18: 101.23879,
                    19: 101.4693,
                    20: 101.659256,
                    21: 101.80785,
                    22: 101.91445,
                    23: 101.97859,
                    24: 102,
                    25: 101.97859,
                    26: 101.91445,
                    27: 101.80785,
                    28: 101.659256,
                    29: 101.4693,
                    30: 101.23879,
                    31: 100.96873,
                    32: 100.660255,
                    33: 100.3147,
                    34: 99.93353,
                    35: 99.518394,
                    36: 99.07107,
                    37: 98.59346,
                    38: 98.087616,
                    39: 97.5557,
                    40: 97,
                    41: 96.42289,
                    42: 95.826836,
                    43: 95.21439,
                    44: 94.58819,
                    45: 93.950905,
                    46: 93.30526,
                    47: 92.65403,
                    48: 92,
                    49: 91.34597,
                    50: 90.69474,
                    51: 90.049095,
                    52: 89.41181,
                    53: 88.78561,
                    54: 88.173164,
                    55: 87.57711,
                    56: 87,
                    57: 86.4443,
                    58: 85.912384,
                    59: 85.40654,
                    60: 84.92893,
                    61: 84.481606,
                    62: 84.06647,
                    63: 83.6853,
                    64: 83.339745,
                    65: 83.03127,
                    66: 82.76121,
                    67: 82.5307,
                    68: 82.340744,
                    69: 82.19215,
                    70: 82.08555,
                    71: 82.02141,
                    72: 82,
                    73: 82.02141,
                    74: 82.08555,
                    75: 82.19215,
                    76: 82.340744,
                    77: 82.5307,
                    78: 82.76121,
                    79: 83.03127,
                    80: 83.339745,
                    81: 83.6853,
                    82: 84.06647,
                    83: 84.481606,
                    84: 84.92893,
                    85: 85.40654,
                    86: 85.912384,
                    87: 86.4443,
                    88: 87,
                    89: 87.57711,
                    90: 88.173164,
                    91: 88.78561,
                    92: 89.41181,
                    93: 90.049095,
                    94: 90.69474,
                    95: 91.34597,
                }
                double3 xformOp:translate.timeSamples = {
                    0: (1132.3559063559992, 0.10624668125460496, -19.29678479018026),
                    1: (1132.3944770444139, 0.11085877566175945, -19.29678479018026),
                    2: (1132.43402039456, 0.11670901718129867, -19.29678479018026),
                    3: (1132.4744940624284, 0.12377235418089028, -19.29678479018026),
                    4: (1132.5158547078015, 0.13201854036711919, -19.29678479018026),
                    5: (1132.558058040664, 0.14141226430475828, -19.29678479018026),
                    6: (1132.6010588686304, 0.15191330062575578, -19.29678479018026),
                    7: (1132.6448111453367, 0.16347668228043682, -19.29678479018026),
                    8: (1132.6892680197495, 0.17605289309331304, -19.29678479018026),
                    9: (1132.734381886334, 0.18958807979894932, -19.29678479018026),
                    10: (1132.7801044360317, 0.20402428264991224, -19.29678479018026),
                    11: (1132.8263867079913, 0.2192996836093077, -19.29678479018026),
                    12: (1132.8731791419968, 0.23534887106510494, -19.29678479018026),
                    13: (1132.920431631538, 0.252103119932703, -19.29678479018026),
                    14: (1132.968093577465, 0.26949068594629133, -19.29678479018026),
                    15: (1133.0161139421728, 0.28743711287881213, -19.29678479018026),
                    16: (1133.064441304252, 0.3058655513749546, -19.29678479018026),
                    17: (1133.1130239135525, 0.32469708803189246, -19.29678479018026),
                    18: (1133.1618097465998, 0.34385108331859165, -19.29678479018026),
                    19: (1133.210746562302, 0.3632455168866592, -19.29678479018026),
                    20: (1133.2597819578905, 0.3827973387940689, -19.29678479018026),
                    21: (1133.308863425036, 0.40242282513776306, -19.29678479018026),
                    22: (1133.357938406074, 0.42203793657225785, -19.29678479018026),
                    23: (1133.4069543502858, 0.4415586781790252, -19.29678479018026),
                    24: (1133.4558587701704, 0.46090145914562564, -19.29678479018026),
                    25: (1133.50459929765, 0.4799834507144024, -19.29678479018026),
                    26: (1133.5531237401472, 0.49872294086793734, -19.29678479018026),
                    27: (1133.6013801364734, 0.5170396842324536, -19.29678479018026),
                    28: (1133.6493168124707, 0.5348552457008279, -19.29678479018026),
                    29: (1133.6968824363457, 0.5520933363037572, -19.29678479018026),
                    30: (1133.7440260736373, 0.56868013989084, -19.29678479018026),
                    31: (1133.7906972417577, 0.584544629222664, -19.29678479018026),
                    32: (1133.8368459640508, 0.5996188701203493, -19.29678479018026),
                    33: (1133.8824228233093, 0.6138383123701332, -19.29678479018026),
                    34: (1133.9273790146904, 0.6271420661372933, -19.29678479018026),
                    35: (1133.9716663979787, 0.6394731627057689, -19.29678479018026),
                    36: (1134.0152375491346, 0.6507787984269497, -19.29678479018026),
                    37: (1134.058045811078, 0.6610105608330046, -19.29678479018026),
                    38: (1134.1000453436502, 0.6701246359465023, -19.29678479018026),
                    39: (1134.1411911726993, 0.6780819958985886, -19.29678479018026),
                    40: (1134.1814392382414, 0.6848485660523126, -19.29678479018026),
                    41: (1134.2207464416394, 0.6903953709154529, -19.29678479018026),
                    42: (1134.2590706917556, 0.694698658218025, -19.29678479018026),
                    43: (1134.2963709500232, 0.6977400006231462, -19.29678479018026),
                    44: (1134.332607274391, 0.6995063746357228, -19.29678479018026),
                    45: (1134.3677408620954, 0.6999902163710541, -19.29678479018026),
                    46: (1134.4017340912108, 0.6991894539445486, -19.29678479018026),
                    47: (1134.4345505609358, 0.6971075163438518, -19.29678479018026),
                    48: (1134.466155130573, 0.6937533187453951, -19.29678479018026),
                    49: (1134.4965139571575, 0.6891412243382407, -19.29678479018026),
                    50: (1134.5255945316972, 0.6832909828187014, -19.29678479018026),
                    51: (1134.5533657139845, 0.6762276458191098, -19.29678479018026),
                    52: (1134.579797765942, 0.6679814596328808, -19.29678479018026),
                    53: (1134.6048623834663, 0.6585877356952419, -19.29678479018026),
                    54: (1134.6285327267374, 0.6480866993742442, -19.29678479018026),
                    55: (1134.6507834489582, 0.6365233177195633, -19.29678479018026),
                    56: (1134.6715907234989, 0.6239471069066871, -19.29678479018026),
                    57: (1134.6909322694082, 0.6104119202010507, -19.29678479018026),
                    58: (1134.7087873752744, 0.5959757173500878, -19.29678479018026),
                    59: (1134.7251369214027, 0.5807003163906924, -19.29678479018026),
                    60: (1134.7399634002902, 0.5646511289348951, -19.29678479018026),
                    61: (1134.7532509353714, 0.5478968800672971, -19.29678479018026),
                    62: (1134.764985298021, 0.5305093140537087, -19.29678479018026),
                    63: (1134.7751539227897, 0.512562887121188, -19.29678479018026),
                    64: (1134.7837459208592, 0.4941344486250455, -19.29678479018026),
                    65: (1134.790752091703, 0.4753029119681076, -19.29678479018026),
                    66: (1134.796164932938, 0.4561489166814079, -19.29678479018026),
                    67: (1134.7999786483579, 0.4367544831133409, -19.29678479018026),
                    68: (1134.8021891541407, 0.4172026612059312, -19.29678479018026),
                    69: (1134.8027940832217, 0.39757717486223704, -19.29678479018026),
                    70: (1134.8017927878275, 0.37796206342774225, -19.29678479018026),
                    71: (1134.79918634017, 0.3584413218209743, -19.29678479018026),
                    72: (1134.7949775312995, 0.3390985408543744, -19.29678479018026),
                    73: (1134.7891708681132, 0.3200165492855982, -19.29678479018026),
                    74: (1134.7817725685316, 0.30127705913206276, -19.29678479018026),
                    75: (1134.7727905548395, 0.28296031576754643, -19.29678479018026),
                    76: (1134.7622344452018, 0.2651447542991717, -19.29678479018026),
                    77: (1134.7501155433652, 0.2479066636962429, -19.29678479018026),
                    78: (1134.7364468265534, 0.2313198601091605, -19.29678479018026),
                    79: (1134.721242931571, 0.215455370777336, -19.29678479018026),
                    80: (1134.7045201391288, 0.2003811298796507, -19.29678479018026),
                    81: (1134.6862963564126, 0.18616168762986718, -19.29678479018026),
                    82: (1134.666591097905, 0.17285793386270681, -19.29678479018026),
                    83: (1134.6454254644902, 0.1605268372942308, -19.29678479018026),
                    84: (1134.6228221208592, 0.1492212015730503, -19.29678479018026),
                    85: (1134.598805271238, 0.13898943916699552, -19.29678479018026),
                    86: (1134.5734006334708, 0.12987536405349748, -19.29678479018026),
                    87: (1134.54663541148, 0.12191800410141135, -19.29678479018026),
                    88: (1134.5185382661361, 0.11515143394768768, -19.29678479018026),
                    89: (1134.4891392845657, 0.10960462908454705, -19.29678479018026),
                    90: (1134.4584699479349, 0.10530134178197514, -19.29678479018026),
                    91: (1134.4265630977372, 0.10225999937685387, -19.29678479018026),
                    92: (1134.3934529006272, 0.10049362536427725, -19.29678479018026),
                    93: (1134.359174811833, 0.10000978362894597, -19.29678479018026),
                    94: (1134.3237655371913, 0.10081054605545148, -19.29678479018026),
                    95: (1134.2872629938397, 0.10289248365614811, -19.29678479018026),
                }
                uniform token[] xformOpOrder = ["xformOp:translate", "xformOp:rotateY"]
            }

            def Xform "Boat_29" (
                instanceable = true
                prepend references = @assetLibrary.usda@</Assets/Boat>
            )
            {
                float xformOp:rotateY.timeSamples = {
                    0: 121,
                    1: 121.65403,
                    2: 122.30526,
                    3: 122.950905,
                    4: 123.58819,
                    5: 124.21439,
                    6: 124.826836,
                    7: 125.42289,
                    8: 126,
                    9: 126.5557,
                    10: 127.087616,
                    11: 127.59346,
                    12: 128.07108,
                    13: 128.5184,
                    14: 128.93353,
                    15: 129.3147,
                    16: 129.66025,
                    17: 129.96873,
                    18: 130.2388,
                    19: 130.4693,
                    20: 130.65926,
                    21: 130.80785,
                    22: 130.91444,
                    23: 130.97859,
                    24: 131,
                    25: 130.97859,
                    26: 130.91444,
                    27: 130.80785,
                    28: 130.65926,
                    29: 130.4693,
                    30: 130.2388,
                    31: 129.96873,
                    32: 129.66025,
                    33: 129.3147,
                    34: 128.93353,
                    35: 128.5184,
                    36: 128.07108,
                    37: 127.59346,
                    38: 127.087616,
                    39: 126.5557,
                    40: 126,
                    41: 125.42289,
                    42: 124.826836,
                    43: 124.21439,
                    44: 123.58819,
                    45: 122.950905,
                    46: 122.30526,
                    47: 121.65403,
                    48: 121,
                    49: 120.34597,
                    50: 119.69474,
                    51: 119.049095,
                    52: 118.41181,
                    53: 117.78561,
                    54: 117.173164,
                    55: 116.57711,
                    56: 116,
                    57: 115.4443,
                    58: 114.912384,
                    59: 114.40654,
                    60: 113.92893,
                    61: 113.481606,
                    62: 113.06647,
                    63: 112.6853,
                    64: 112.339745,
                    65: 112.03127,
                    66: 111.76121,
                    67: 111.5307,
                    68: 111.340744,
                    69: 111.19215,
                    70: 111.08555,
                    71: 111.02141,
                    72: 111,
                    73: 111.02141,
                    74: 111.08555,
                    75: 111.19215,
                    76: 111.340744,
                    77: 111.5307,
                    78: 111.76121,
                    79: 112.03127,
                    80: 112.339745,
                    81: 112.6853,
                    82: 113.06647,
                    83: 113.481606,
                    84: 113.92893,
                    85: 114.40654,
                    86: 114.912384,
                    87: 115.4443,
                    88: 116,
                    89: 116.57711,
                    90: 117.173164,
                    91: 117.78561,
                    92: 118.41181,
                    93: 119.049095,
                    94: 119.69474,
                    95: 120.34597,
                }
                double3 xformOp:translate.timeSamples = {
                    0: (892.8961160954236, 0.15315142150938768, 119.32091366698972),
                    1: (892.9399493057844, 0.1648303192931373, 119.32091366698972),
                    2: (892.9844818399216, 0.17751624975357985, 119.32091366698972),
                    3: (893.0296660112824, 0.19115488978890396, 119.32091366698972),
                    4: (893.0754534355243, 0.205687836648637, 119.32091366698972),
                    5: (893.1217950823267, 0.2210528580231866, 119.32091366698972),
                    6: (893.1686413278933, 0.23718415853214597, 119.32091366698972),
                    7: (893.2159420080911, 0.2540126614702134, 119.32091366698972),
                    8: (893.263646472167, 0.27146630460424886, 119.32091366698972),
                    9: (893.3117036369858, 0.2894703487548213, 119.32091366698972),
                    10: (893.360062041732, 0.3079476978408464, 119.32091366698972),
                    11: (893.4086699030144, 0.3268192290168435, 119.32091366698972),
                    12: (893.4574751703176, 0.34600413148910686, 119.32091366698972),
                    13: (893.506425581739, 0.3654202525599298, 119.32091366698972),
                    14: (893.5554687199519, 0.3849844494180712, 119.32091366698972),
                    15: (893.6045520683357, 0.40461294516903357, 119.32091366698972),
                    16: (893.6536230672114, 0.4242216875805899, 119.32091366698972),
                    17: (893.7026291701243, 0.4437267090073451, 119.32091366698972),
                    18: (893.7515179001119, 0.4630444859530838, 119.32091366698972),
                    19: (893.8002369058977, 0.48209229673120635, 119.32091366698972),
                    20: (893.8487340179499, 0.5007885756916872, 119.32091366698972),
                    21: (893.8969573043464, 0.5190532624977126, 119.32091366698972),
                    22: (893.9448551263841, 0.5368081449563329, 119.32091366698972),
                    23: (893.9923761938755, 0.5539771939350822, 119.32091366698972),
                    24: (894.0394696200714, 0.5704868889303926, 119.32091366698972),
                    25: (894.0860849761511, 0.5862665328936796, 119.32091366698972),
                    26: (894.132172345224, 0.6012485549669575, 119.32091366698972),
                    27: (894.1776823757809, 0.6153687998316264, 119.32091366698972),
                    28: (894.2225663345413, 0.6285668024313968, 119.32091366698972),
                    29: (894.2667761586376, 0.6407860468929423, 119.32091366698972),
                    30: (894.310264507083, 0.6519742085355456, 119.32091366698972),
                    31: (894.3529848114649, 0.6620833779334152, 119.32091366698972),
                    32: (894.3948913258112, 0.671070266071202, 119.32091366698972),
                    33: (894.4359391755764, 0.6788963897142076, 119.32091366698972),
                    34: (894.4760844056954, 0.6855282361995043, 119.32091366698972),
                    35: (894.5152840276498, 0.6909374069423022, 119.32091366698972),
                    36: (894.5534960655028, 0.6951007390430499, 119.32091366698972),
                    37: (894.590679600847, 0.6980004044745258, 119.32091366698972),
                    38: (894.6267948166217, 0.6996239864241872, 119.32091366698972),
                    39: (894.6618030397489, 0.6999645324648691, 119.32091366698972),
                    40: (894.6956667825466, 0.6990205843261434, 119.32091366698972),
                    41: (894.7283497828709, 0.6967961841388581, 119.32091366698972),
                    42: (894.7598170429461, 0.6933008571261111, 119.32091366698972),
                    43: (894.7900348668423, 0.6885495708147832, 119.32091366698972),
                    44: (894.8189708965567, 0.6825626709422904, 119.32091366698972),
                    45: (894.846594146664, 0.6753657943330122, 119.32091366698972),
                    46: (894.8728750374958, 0.6669897591174745, 119.32091366698972),
                    47: (894.8977854268162, 0.6574704327643819, 119.32091366698972),
                    48: (894.9212986399563, 0.6468485784906124, 119.32091366698972),
                    49: (894.9433894983785, 0.6351696807068627, 119.32091366698972),
                    50: (894.9640343466382, 0.6224837502464202, 119.32091366698972),
                    51: (894.983211077715, 0.6088451102110961, 119.32091366698972),
                    52: (895.0008991566848, 0.594312163351363, 119.32091366698972),
                    53: (895.0170796427096, 0.5789471419768134, 119.32091366698972),
                    54: (895.0317352093199, 0.5628158414678541, 119.32091366698972),
                    55: (895.0448501629675, 0.5459873385297866, 119.32091366698972),
                    56: (895.0564104598318, 0.5285336953957512, 119.32091366698972),
                    57: (895.0664037208574, 0.5105296512451788, 119.32091366698972),
                    58: (895.07481924501, 0.4920523021591537, 119.32091366698972),
                    59: (895.0816480207354, 0.4731807709831566, 119.32091366698972),
                    60: (895.0868827356098, 0.45399586851089374, 119.32091366698972),
                    61: (895.0905177841693, 0.4345797474400702, 119.32091366698972),
                    62: (895.0925492739127, 0.4150155505819289, 119.32091366698972),
                    63: (895.0929750294702, 0.39538705483096653, 119.32091366698972),
                    64: (895.0917945949317, 0.3757783124194107, 119.32091366698972),
                    65: (895.0890092343365, 0.356273290992655, 119.32091366698972),
                    66: (895.084621930318, 0.33695551404691626, 119.32091366698972),
                    67: (895.0786373809117, 0.31790770326879375, 119.32091366698972),
                    68: (895.0710619945227, 0.29921142430831293, 119.32091366698972),
                    69: (895.0619038830646, 0.28094673750228805, 119.32091366698972),
                    70: (895.0511728532725, 0.2631918550436667, 119.32091366698972),
                    71: (895.038880396202, 0.24602280606491791, 119.32091366698972),
                    72: (895.0250396749238, 0.22951311106960798, 119.32091366698972),
                    73: (895.0096655104293, 0.21373346710632046, 119.32091366698972),
                    74: (894.9927743657585, 0.1987514450330429, 119.32091366698972),
                    75: (894.9743843283723, 0.1846312001683733, 119.32091366698972),
                    76: (894.9545150907835, 0.1714331975686032, 119.32091366698972),
                    77: (894.9331879294692, 0.1592139531070575, 119.32091366698972),
                    78: (894.9104256820881, 0.1480257914644545, 119.32091366698972),
                    79: (894.8862527230248, 0.1379166220665849, 119.32091366698972),
                    80: (894.8606949372892, 0.1289297339287978, 119.32091366698972),
                    81: (894.8337796927984, 0.12110361028579247, 119.32091366698972),
                    82: (894.8055358110706, 0.11447176380049595, 119.32091366698972),
                    83: (894.7759935363615, 0.10906259305769778, 119.32091366698972),
                    84: (894.7451845032791, 0.10489926095695007, 119.32091366698972),
                    85: (894.7131417029075, 0.10199959552547422, 119.32091366698972),
                    86: (894.6798994474799, 0.10037601357581283, 119.32091366698972),
                    87: (894.6454933336362, 0.10003546753513093, 119.32091366698972),
                    88: (894.6099602043048, 0.10097941567385654, 119.32091366698972),
                    89: (894.5733381092505, 0.10320381586114186, 119.32091366698972),
                    90: (894.5356662643302, 0.10669914287388904, 119.32091366698972),
                    91: (894.4969850094988, 0.11145042918521686, 119.32091366698972),
                    92: (894.4573357656128, 0.11743732905770948, 119.32091366698972),
                    93: (894.416760990076, 0.12463420566698785, 119.32091366698972),
                    94: (894.3753041313739, 0.1330102408825256, 119.32091366698972),
                    95: (894.3330095825495, 0.14252956723561833, 119.32091366698972),
                }
                uniform token[] xformOpOrder = ["xformOp:translate", "xformOp:rotateY"]
            }

            def Xform "Boat_30" (
                instanceable = true
                prepend references = @assetLibrary.usda@</Assets/Boat>
            )
            {
                float xformOp:rotateY.timeSamples = {
                    0: 150,
                    1: 150.65404,
                    2: 151.30527,
                    3: 151.9509,
                    4: 152.5882,
                    5: 153.2144,
                    6: 153.82683,
                    7: 154.42288,
                    8: 155,
                    9: 155.55571,
                    10: 156.08762,
                    11: 156.59346,
                    12: 157.07108,
                    13: 157.5184,
                    14: 157.93353,
                    15: 158.3147,
                    16: 158.66025,
                    17: 158.96873,
                    18: 159.2388,
                    19: 159.4693,
                    20: 159.65926,
                    21: 159.80785,
                    22: 159.91444,
                    23: 159.97859,
                    24: 160,
                    25: 159.97859,
                    26: 159.91444,
                    27: 159.80785,
                    28: 159.65926,
                    29: 159.4693,
                    30: 159.2388,
                    31: 158.96873,
                    32: 158.66025,
                    33: 158.3147,
                    34: 157.93353,
                    35: 157.5184,
                    36: 157.07108,
                    37: 156.59346,
                    38: 156.08762,
                    39: 155.55571,
                    40: 155,
                    41: 154.42288,
                    42: 153.82683,
                    43: 153.2144,
                    44: 152.5882,
                    45: 151.9509,
                    46: 151.30527,
                    47: 150.65404,
                    48: 150,
                    49: 149.34596,
                    50: 148.69473,
                    51: 148.0491,
                    52: 147.4118,
                    53: 146.7856,
                    54: 146.17317,
                    55: 145.57712,
                    56: 145,
                    57: 144.44429,
                    58: 143.91238,
                    59: 143.40654,
                    60: 142.92892,
                    61: 142.4816,
                    62: 142.06647,
                    63: 141.6853,
                    64: 141.33975,
                    65: 141.03127,
                    66: 140.7612,
                    67: 140.5307,
                    68: 140.34074,
                    69: 140.19215,
                    70: 140.08556,
                    71: 140.02141,
                    72: 140,
                    73: 140.02141,
                    74: 140.08556,
                    75: 140.19215,
                    76: 140.34074,
                    77: 140.5307,
                    78: 140.7612,
                    79: 141.03127,
                    80: 141.33975,
                    81: 141.6853,
                    82: 142.06647,
                    83: 142.4816,
                    84: 142.92892,
                    85: 143.40654,
                    86: 143.91238,
                    87: 144.44429,
                    88: 145,
                    89: 145.57712,
                    90: 146.17317,
                    91: 146.7856,
                    92: 147.4118,
                    93: 148.0491,
                    94: 148.69473,
                    95: 149.34596,
                }
                double3 xformOp:translate.timeSamples = {
                    0: (850.434224793296, 0.23902812459986955, -87.48164465064927),
                    1: (850.4815730338295, 0.25592998459583194, -87.48164465064927),
                    2: (850.5293193803521, 0.2734487745157862, -87.48164465064927),
                    3: (850.5774127048802, 0.29150947621176093, -87.48164465064927),
                    4: (850.6258015078771, 0.3100347509863656, -87.48164465064927),
                    5: (850.6744339734007, 0.32894527076896296, -87.48164465064927),
                    6: (850.7232580245889, 0.3481600578106482, -87.48164465064927),
                    7: (850.7722213794244, 0.36759683144340083, -87.48164465064927),
                    8: (850.8212716067209, 0.3871723604185373, -87.48164465064927),
                    9: (850.870356182266, 0.4068028193156972, -87.48164465064927),
                    10: (850.9194225450672, 0.4264041474961594, -87.48164465064927),
                    11: (850.9684181536338, 0.4458924090634046, -87.48164465064927),
                    12: (851.0172905422413, 0.4651841522895095, -87.48164465064927),
                    13: (851.0659873771117, 0.48419676696825703, -87.48164465064927),
                    14: (851.1144565124546, 0.5028488381647243, -87.48164465064927),
                    15: (851.1626460463057, 0.5210604948465292, -87.48164465064927),
                    16: (851.2105043761052, 0.538753751903856, -87.48164465064927),
                    17: (851.2579802539549, 0.555852844093667, -87.48164465064927),
                    18: (851.3050228414955, 0.5722845504781044, -87.48164465064927),
                    19: (851.3515817643462, 0.5879785079677897, -87.48164465064927),
                    20: (851.3976071660461, 0.6028675126273715, -87.48164465064927),
                    21: (851.4430497614422, 0.6168878074530956, -87.48164465064927),
                    22: (851.4878608894652, 0.6299793553900832, -87.48164465064927),
                    23: (851.5319925652369, 0.642086096420218, -87.48164465064927),
                    24: (851.5753975314533, 0.6531561876197476, -87.48164465064927),
                    25: (851.6180293089895, 0.6631422251586445, -87.48164465064927),
                    26: (851.6598422466706, 0.6720014472910827, -87.48164465064927),
                    27: (851.700791570155, 0.6796959174677984, -87.48164465064927),
                    28: (851.7408334298821, 0.6861926867862189, -87.48164465064927),
                    29: (851.779924948025, 0.69146393508272, -87.48164465064927),
                    30: (851.8180242644074, 0.6954870900628396, -87.48164465064927),
                    31: (851.8550905813267, 0.6982449239593067, -87.48164465064927),
                    32: (851.8910842072426, 0.6997256273039862, -87.48164465064927),
                    33: (851.9259665992787, 0.6999228594978348, -87.48164465064927),
                    34: (851.9597004044961, 0.6988357759623185, -87.48164465064927),
                    35: (851.992249499891, 0.6964690317560287, -87.48164465064927),
                    36: (852.023579031077, 0.6928327616410058, -87.48164465064927),
                    37: (852.0536554496073, 0.6879425366841325, -87.48164465064927),
                    38: (852.0824465488995, 0.6818192975794355, -87.48164465064927),
                    39: (852.1099214987236, 0.6744892649768175, -87.48164465064927),
                    40: (852.1360508782149, 0.6659838272012102, -87.48164465064927),
                    41: (852.1608067073795, 0.6563394058429475, -87.48164465064927),
                    42: (852.1841624770555, 0.6455972997949234, -87.48164465064927),
                    43: (852.2060931772995, 0.6338035084043941, -87.48164465064927),
                    44: (852.2265753241687, 0.6210085344967097, -87.48164465064927),
                    45: (852.245586984867, 0.6072671681144627, -87.48164465064927),
                    46: (852.263107801232, 0.5926382518981155, -87.48164465064927),
                    47: (852.2791190115347, 0.5771844291127777, -87.48164465064927),
                    48: (852.29360347057, 0.5609718754001305, -87.48164465064927),
                    49: (852.3065456680165, 0.5440700154041681, -87.48164465064927),
                    50: (852.3179317450448, 0.5265512254842138, -87.48164465064927),
                    51: (852.3277495091587, 0.5084905237882391, -87.48164465064927),
                    52: (852.3359884472502, 0.4899652490136345, -87.48164465064927),
                    53: (852.3426397368582, 0.4710547292310371, -87.48164465064927),
                    54: (852.3476962556152, 0.4518399421893519, -87.48164465064927),
                    55: (852.3511525888742, 0.4324031685565992, -87.48164465064927),
                    56: (852.353005035507, 0.4128276395814628, -87.48164465064927),
                    57: (852.3532516118672, 0.3931971806843029, -87.48164465064927),
                    58: (852.351892053915, 0.3735958525038407, -87.48164465064927),
                    59: (852.3489278174987, 0.3541075909365955, -87.48164465064927),
                    60: (852.3443620767973, 0.3348158477104911, -87.48164465064927),
                    61: (852.33819972092, 0.31580323303174307, -87.48164465064927),
                    62: (852.3304473486719, 0.29715116183527635, -87.48164465064927),
                    63: (852.3211132614874, 0.27893950515347093, -87.48164465064927),
                    64: (852.310207454541, 0.2612462480961446, -87.48164465064927),
                    65: (852.2977416060437, 0.24414715590633312, -87.48164465064927),
                    66: (852.2837290647384, 0.22771544952189562, -87.48164465064927),
                    67: (852.2681848356053, 0.21202149203220985, -87.48164465064927),
                    68: (852.2511255637943, 0.1971324873726286, -87.48164465064927),
                    69: (852.2325695168009, 0.18311219254690483, -87.48164465064927),
                    70: (852.2125365649052, 0.17002064460991645, -87.48164465064927),
                    71: (852.1910481598936, 0.1579139035797821, -87.48164465064927),
                    72: (852.1681273120886, 0.14684381238025274, -87.48164465064927),
                    73: (852.1437985657079, 0.13685777484135553, -87.48164465064927),
                    74: (852.1180879725828, 0.12799855270891752, -87.48164465064927),
                    75: (852.0910230642602, 0.12030408253220137, -87.48164465064927),
                    76: (852.0626328225219, 0.11380731321378124, -87.48164465064927),
                    77: (852.0329476483497, 0.1085360649172799, -87.48164465064927),
                    78: (852.0019993293719, 0.10451290993716045, -87.48164465064927),
                    79: (851.9698210058235, 0.10175507604069339, -87.48164465064927),
                    80: (851.9364471350593, 0.10027437269601369, -87.48164465064927),
                    81: (851.9019134546561, 0.10007714050216521, -87.48164465064927),
                    82: (851.8662569441437, 0.10116422403768138, -87.48164465064927),
                    83: (851.8295157854069, 0.10353096824397134, -87.48164465064927),
                    84: (851.7917293217986, 0.10716723835899422, -87.48164465064927),
                    85: (851.7529380160105, 0.11205746331586763, -87.48164465064927),
                    86: (851.7131834067445, 0.11818070242056461, -87.48164465064927),
                    87: (851.6725080642318, 0.12551073502318238, -87.48164465064927),
                    88: (851.6309555446481, 0.1340161727987899, -87.48164465064927),
                    89: (851.5885703434722, 0.14366059415705262, -87.48164465064927),
                    90: (851.5453978478389, 0.1544027002050769, -87.48164465064927),
                    91: (851.5014842879382, 0.16619649159560587, -87.48164465064927),
                    92: (851.4568766875097, 0.17899146550329, -87.48164465064927),
                    93: (851.4116228134894, 0.1927328318855373, -87.48164465064927),
                    94: (851.3657711248591, 0.2073617481018845, -87.48164465064927),
                    95: (851.3193707207552, 0.22281557088722276, -87.48164465064927),
                }
                uniform token[] xformOpOrder = ["xformOp:translate", "xformOp:rotateY"]
            }

            def Xform "Boat_31" (
                instanceable = true
                prepend references = @assetLibrary.usda@</Assets/Boat>
            )
            {
                float xformOp:rotateY.timeSamples = {
                    0: 179,
                    1: 179.65404,
                    2: 180.30527,
                    3: 180.9509,
                    4: 181.5882,
                    5: 182.2144,
                    6: 182.82683,
                    7: 183.42288,
                    8: 184,
                    9: 184.55571,
                    10: 185.08762,
                    11: 185.59346,
                    12: 186.07108,
                    13: 186.5184,
                    14: 186.93353,
                    15: 187.3147,
                    16: 187.66025,
                    17: 187.96873,
                    18: 188.2388,
                    19: 188.4693,
                    20: 188.65926,
                    21: 188.80785,
                    22: 188.91444,
                    23: 188.97859,
                    24: 189,
                    25: 188.97859,
                    26: 188.91444,
                    27: 188.80785,
                    28: 188.65926,
                    29: 188.4693,
                    30: 188.2388,
                    31: 187.96873,
                    32: 187.66025,
                    33: 187.3147,
                    34: 186.93353,
                    35: 186.5184,
                    36: 186.07108,
                    37: 185.59346,
                    38: 185.08762,
                    39: 184.55571,
                    40: 184,
                    41: 183.42288,
                    42: 182.82683,
                    43: 182.2144,
                    44: 181.5882,
                    45: 180.9509,
                    46: 180.30527,
                    47: 179.65404,
                    48: 179,
                    49: 178.34596,
                    50: 177.69473,
                    51: 177.0491,
                    52: 176.4118,
                    53: 175.7856,
                    54: 175.17317,
                    55: 174.57712,
                    56: 174,
                    57: 173.44429,
                    58: 172.91238,
                    59: 172.40654,
                    60: 171.92892,
                    61: 171.4816,
                    62: 171.06647,
                    63: 170.6853,
                    64: 170.33975,
                    65: 170.03127,
                    66: 169.7612,
                    67: 169.5307,
                    68: 169.34074,
                    69: 169.19215,
                    70: 169.08556,
                    71: 169.02141,
                    72: 169,
                    73: 169.02141,
                    74: 169.08556,
                    75: 169.19215,
                    76: 169.34074,
                    77: 169.5307,
                    78: 169.7612,
                    79: 170.03127,
                    80: 170.33975,
                    81: 170.6853,
                    82: 171.06647,
                    83: 171.4816,
                    84: 171.92892,
                    85: 172.40654,
                    86: 172.91238,
                    87: 173.44429,
                    88: 174,
                    89: 174.57712,
                    90: 175.17317,
                    91: 175.7856,
                    92: 176.4118,
                    93: 177.0491,
                    94: 177.69473,
                    95: 178.34596,
                }
                double3 xformOp:translate.timeSamples = {
                    0: (773.6602341123578, 0.3503187473655072, 84.30066923581755),
                    1: (773.70920975813, 0.36977513751851515, 84.30066923581755),
                    2: (773.7582664208744, 0.3893609551728741, 84.30066923581755),
                    3: (773.807351569488, 0.40899233085051817, 84.30066923581755),
                    4: (773.8564126423641, 0.4285851999869331, 84.30066923581755),
                    5: (773.9053971036773, 0.4480556629085242, 84.30066923581755),
                    6: (773.9542524996391, 0.4673203441039015, 84.30066923581755),
                    7: (774.0029265146679, 0.4862967492506186, 84.30066923581755),
                    8: (774.0513670274096, 0.504903618468526, 84.30066923581755),
                    9: (774.0995221665494, 0.5230612742870553, 84.30066923581755),
                    10: (774.1473403663584, 0.5406919628363768, 84.30066923581755),
                    11: (774.1947704219106, 0.5577201868014099, 84.30066923581755),
                    12: (774.2417615439143, 0.5740730287129153, 84.30066923581755),
                    13: (774.2882634130992, 0.5896804631912949, 84.30066923581755),
                    14: (774.334226234099, 0.6044756568060149, 84.30066923581755),
                    15: (774.3796007887737, 0.6183952542666176, 84.30066923581755),
                    16: (774.4243384889137, 0.6313796497198011, 84.30066923581755),
                    17: (774.468391428269, 0.6433732419908341, 84.30066923581755),
                    18: (774.511712433849, 0.654324672676323, 84.30066923581755),
                    19: (774.5542551164356, 0.6641870460687775, 84.30066923581755),
                    20: (774.5959739202588, 0.6729181299712326, 84.30066923581755),
                    21: (774.6368241717785, 0.680480536541997, 84.30066923581755),
                    22: (774.6767621275222, 0.6868418823951332, 84.30066923581755),
                    23: (774.7157450209266, 0.6919749272710867, 84.30066923581755),
                    24: (774.753731108133, 0.6958576906836591, 84.30066923581755),
                    25: (774.7906797126878, 0.6984735460438249, 84.30066923581755),
                    26: (774.8265512690997, 0.6998112918573388, 84.30066923581755),
                    27: (774.8613073652076, 0.6998651996912526, 84.30066923581755),
                    28: (774.8949107833134, 0.6986350387039455, 84.30066923581755),
                    29: (774.9273255400351, 0.6961260766336229, 84.30066923581755),
                    30: (774.9585169248395, 0.6923490572410527, 84.30066923581755),
                    31: (774.9884515372104, 0.6873201543031325, 84.30066923581755),
                    32: (775.017097322415, 0.681060902354294, 84.30066923581755),
                    33: (775.0444236058293, 0.6735981044723194, 84.30066923581755),
                    34: (775.0704011257842, 0.6649637175034491, 84.30066923581755),
                    35: (775.0950020649009, 0.6551947152182591, 84.30066923581755),
                    36: (775.1182000798775, 0.6443329299842991, 84.30066923581755),
                    37: (775.1399703296986, 0.6324248736334729, 84.30066923581755),
                    38: (775.1602895022353, 0.619521538291232, 84.30066923581755),
                    39: (775.1791358392089, 0.6056781780204684, 84.30066923581755),
                    40: (775.1964891594895, 0.5909540722151327, 84.30066923581755),
                    41: (775.2123308807072, 0.5754122717567699, 84.30066923581755),
                    42: (775.2266440391502, 0.5591193290209622, 84.30066923581755),
                    43: (775.2394133079298, 0.542145012889843, 84.30066923581755),
                    44: (775.2506250133932, 0.52456200999103, 84.30066923581755),
                    45: (775.2602671497654, 0.5064456134423277, 84.30066923581755),
                    46: (775.2683293920052, 0.48787340043503813, 84.30066923581755),
                    47: (775.2748031068617, 0.46892490003651527, 84.30066923581755),
                    48: (775.2796813621189, 0.4496812526344929, 84.30066923581755),
                    49: (775.2829589340189, 0.43022486248148495, 84.30066923581755),
                    50: (775.2846323128556, 0.410639044827126, 84.30066923581755),
                    51: (775.2846997067329, 0.39100766914948193, 84.30066923581755),
                    52: (775.283161043484, 0.371414800013067, 84.30066923581755),
                    53: (775.2800179707478, 0.3519443370914758, 84.30066923581755),
                    54: (775.2752738542056, 0.3326796558960986, 84.30066923581755),
                    55: (775.268933773976, 0.3137032507493815, 84.30066923581755),
                    56: (775.2610045191756, 0.29509638153147355, 84.30066923581755),
                    57: (775.2514945806493, 0.2769387257129448, 84.30066923581755),
                    58: (775.2404141418774, 0.25930803716362283, 84.30066923581755),
                    59: (775.2277750680712, 0.2422798131985902, 84.30066923581755),
                    60: (775.2135908934675, 0.22592697128708478, 84.30066923581755),
                    61: (775.1978768068359, 0.21031953680870477, 84.30066923581755),
                    62: (775.1806496352139, 0.19552434319398523, 84.30066923581755),
                    63: (775.1619278258881, 0.1816047457333829, 84.30066923581755),
                    64: (775.1417314266413, 0.16862035028019895, 84.30066923581755),
                    65: (775.1200820642833, 0.15662675800916592, 84.30066923581755),
                    66: (775.0970029214939, 0.14567532732367688, 84.30066923581755),
                    67: (775.0725187119968, 0.1358129539312225, 84.30066923581755),
                    68: (775.0466556540973, 0.1270818700287673, 84.30066923581755),
                    69: (775.0194414426054, 0.11951946345800302, 84.30066923581755),
                    70: (774.9909052191804, 0.11315811760486683, 84.30066923581755),
                    71: (774.961077541125, 0.10802507272891315, 84.30066923581755),
                    72: (774.929990348664, 0.10414230931634094, 84.30066923581755),
                    73: (774.8976769307419, 0.1015264539561751, 84.30066923581755),
                    74: (774.8641718893758, 0.10018870814266123, 84.30066923581755),
                    75: (774.8295111026033, 0.10013480030874738, 84.30066923581755),
                    76: (774.793731686063, 0.10136496129605449, 84.30066923581755),
                    77: (774.7568719532503, 0.10387392336637713, 84.30066923581755),
                    78: (774.7189713744903, 0.10765094275894721, 84.30066923581755),
                    79: (774.6800705346722, 0.11267984569686751, 84.30066923581755),
                    80: (774.6402110897893, 0.11893909764570615, 84.30066923581755),
                    81: (774.599435722334, 0.12640189552768089, 84.30066923581755),
                    82: (774.5577880955907, 0.13503628249655092, 84.30066923581755),
                    83: (774.5153128068814, 0.1448052847817406, 84.30066923581755),
                    84: (774.4720553398093, 0.15566707001570085, 84.30066923581755),
                    85: (774.4280620155535, 0.16757512636652713, 84.30066923581755),
                    86: (774.3833799432674, 0.18047846170876763, 84.30066923581755),
                    87: (774.3380569696333, 0.1943218219795316, 84.30066923581755),
                    88: (774.2921416276266, 0.2090459277848668, 84.30066923581755),
                    89: (774.2456830845456, 0.22458772824323053, 84.30066923581755),
                    90: (774.1987310893618, 0.2408806709790378, 84.30066923581755),
                    91: (774.1513359194477, 0.25785498711015753, 84.30066923581755),
                    92: (774.1035483267383, 0.27543799000897, 84.30066923581755),
                    93: (774.0554194833849, 0.29355438655767174, 84.30066923581755),
                    94: (774.0070009269584, 0.3121265995649624, 84.30066923581755),
                    95: (773.9583445052618, 0.3310750999634847, 84.30066923581755),
                }
                uniform token[] xformOpOrder = ["xformOp:translate", "xformOp:rotateY"]
            }

            def Xform "Boat_32" (
                instanceable = true
                prepend references = @assetLibrary.usda@</Assets/Boat>
            )
            {
                float xformOp:rotateY.timeSamples = {
                    0: 208,
                    1: 208.65404,
                    2: 209.30527,
                    3: 209.9509,
                    4: 210.5882,
                    5: 211.2144,
                    6: 211.82683,
                    7: 212.42288,
                    8: 213,
                    9: 213.55571,
                    10: 214.08762,
                    11: 214.59346,
                    12: 215.07108,
                    13: 215.5184,
                    14: 215.93353,
                    15: 216.3147,
                    16: 216.66025,
                    17: 216.96873,
                    18: 217.2388,
                    19: 217.4693,
                    20: 217.65926,
                    21: 217.80785,
                    22: 217.91444,
                    23: 217.97859,
                    24: 218,
                    25: 217.97859,
                    26: 217.91444,
                    27: 217.80785,
                    28: 217.65926,
                    29: 217.4693,
                    30: 217.2388,
                    31: 216.96873,
                    32: 216.66025,
                    33: 216.3147,
                    34: 215.93353,
                    35: 215.5184,
                    36: 215.07108,
                    37: 214.59346,
                    38: 214.08762,
                    39: 213.55571,
                    40: 213,
                    41: 212.42288,
                    42: 211.82683,
                    43: 211.2144,
                    44: 210.5882,
                    45: 209.9509,
                    46: 209.30527,
                    47: 208.65404,
                    48: 208,
                    49: 207.34596,
                    50: 206.69473,
                    51: 206.0491,
                    52: 205.4118,
                    53: 204.7856,
                    54: 204.17317,
                    55: 203.57712,
                    56: 203,
                    57: 202.44429,
                    58: 201.91238,
                    59: 201.40654,
                    60: 200.92892,
                    61: 200.4816,
                    62: 200.06647,
                    63: 199.6853,
                    64: 199.33975,
                    65: 199.03127,
                    66: 198.7612,
                    67: 198.5307,
                    68: 198.34074,
                    69: 198.19215,
                    70: 198.08556,
                    71: 198.02141,
                    72: 198,
                    73: 198.02141,
                    74: 198.08556,
                    75: 198.19215,
                    76: 198.34074,
                    77: 198.5307,
                    78: 198.7612,
                    79: 199.03127,
                    80: 199.33975,
                    81: 199.6853,
                    82: 200.06647,
                    83: 200.4816,
                    84: 200.92892,
                    85: 201.40654,
                    86: 201.91238,
                    87: 202.44429,
                    88: 203,
                    89: 203.57712,
                    90: 204.17317,
                    91: 204.7856,
                    92: 205.4118,
                    93: 206.0491,
                    94: 206.69473,
                    95: 207.34596,
                }
                double3 xformOp:translate.timeSamples = {
                    0: (770.8701423564828, 0.4694529475304617, 56.465700803375604),
                    1: (770.9187929030483, 0.48839213164257417, 56.465700803375604),
                    2: (770.9672041476781, 0.5069528070767861, 56.465700803375604),
                    3: (771.0153242503992, 0.5250554941714012, 56.465700803375604),
                    4: (771.0631016830002, 0.5426226744411061, 56.465700803375604),
                    5: (771.1104852842096, 0.5595791225230228, 56.465700803375604),
                    6: (771.1574243144803, 0.5758522283032634, 56.465700803375604),
                    7: (771.2038685103231, 0.591372307844584, 56.465700803375604),
                    8: (771.2497681381298, 0.6060729017837027, 56.465700803375604),
                    9: (771.2950740474291, 0.6198910599204964, 56.465700803375604),
                    10: (771.3397377235187, 0.632767610780421, 56.465700803375604),
                    11: (771.3837113394155, 0.64464741499585, 56.465700803375604),
                    12: (771.4269478070703, 0.6554796014213122, 56.465700803375604),
                    13: (771.4694008277903, 0.6652177849715464, 56.465700803375604),
                    14: (771.5110249418178, 0.6738202652495574, 56.465700803375604),
                    15: (771.5517755770089, 0.6812502051141178, 56.465700803375604),
                    16: (771.5916090965628, 0.6874757884220628, 56.465700803375604),
                    17: (771.6304828457489, 0.6924703562698984, 56.465700803375604),
                    18: (771.668355197583, 0.6962125211513202, 56.465700803375604),
                    19: (771.705185597402, 0.6986862585417986, 56.465700803375604),
                    20: (771.7409346062914, 0.6998809755180524, 56.465700803375604),
                    21: (771.7755639433171, 0.699791556118573, 56.465700803375604),
                    22: (771.8090365265176, 0.698418383250957, 56.465700803375604),
                    23: (771.8413165126124, 0.6957673370522364, 56.465700803375604),
                    24: (771.8723693353837, 0.6918497697092306, 56.465700803375604),
                    25: (771.9021617426914, 0.6866824568467381, 56.465700803375604),
                    26: (771.9306618320794, 0.6802875256917364, 56.465700803375604),
                    27: (771.9578390849382, 0.6726923603211991, 56.465700803375604),
                    28: (771.9836643991845, 0.6639294843992734, 56.465700803375604),
                    29: (772.0081101204252, 0.6540364219059583, 56.465700803375604),
                    30: (772.0311500715695, 0.643055536453661, 56.465700803375604),
                    31: (772.0527595808608, 0.6310338498797047, 56.465700803375604),
                    32: (772.0729155082952, 0.6180228408916012, 56.465700803375604),
                    33: (772.0915962704007, 0.6040782246273244, 56.465700803375604),
                    34: (772.1087818633495, 0.5892597140745343, 56.465700803375604),
                    35: (772.1244538843781, 0.5736307643703972, 56.465700803375604),
                    36: (772.1385955514938, 0.5572583010769465, 56.465700803375604),
                    37: (772.1511917214453, 0.5402124335955504, 56.465700803375604),
                    38: (772.1622289059385, 0.5225661549476937, 56.465700803375604),
                    39: (772.1716952860794, 0.5043950292076524, 56.465700803375604),
                    40: (772.1795807250314, 0.48577686792552766, 56.465700803375604),
                    41: (772.1858767788688, 0.46679139692624194, 56.465700803375604),
                    42: (772.1905767056194, 0.4475199149113157, 56.465700803375604),
                    43: (772.193675472484, 0.42804494532534915, 56.465700803375604),
                    44: (772.1951697612253, 0.4084498829779611, 56.465700803375604),
                    45: (772.1950579717218, 0.3888186369344118, 56.465700803375604),
                    46: (772.1933402236801, 0.369235271204104, 56.465700803375604),
                    47: (772.1900183565082, 0.34978364476558677, 56.465700803375604),
                    48: (772.1850959273444, 0.33054705246953836, 56.465700803375604),
                    49: (772.1785782072492, 0.31160786835742643, 56.465700803375604),
                    50: (772.1704721755606, 0.2930471929232139, 56.465700803375604),
                    51: (772.1607865124204, 0.27494450582859886, 56.465700803375604),
                    52: (772.1495315894791, 0.2573773255588935, 56.465700803375604),
                    53: (772.1367194587903, 0.24042087747697727, 56.465700803375604),
                    54: (772.1223638399043, 0.22414777169673714, 56.465700803375604),
                    55: (772.1064801051775, 0.208627692155416, 56.465700803375604),
                    56: (772.0890852633108, 0.1939270982162974, 56.465700803375604),
                    57: (772.0701979411366, 0.18010894007950398, 56.465700803375604),
                    58: (772.0498383636725, 0.16723238921957911, 56.465700803375604),
                    59: (772.028028332464, 0.1553525850041504, 56.465700803375604),
                    60: (772.0047912022391, 0.14452039857868776, 56.465700803375604),
                    61: (771.9801518558984, 0.13478221502845372, 56.465700803375604),
                    62: (771.9541366778714, 0.12617973475044247, 56.465700803375604),
                    63: (771.9267735258622, 0.11874979488588217, 56.465700803375604),
                    64: (771.8980917010194, 0.11252421157793746, 56.465700803375604),
                    65: (771.8681219165596, 0.10752964373010171, 56.465700803375604),
                    66: (771.8368962648784, 0.10378747884867984, 56.465700803375604),
                    67: (771.8044481831859, 0.10131374145820143, 56.465700803375604),
                    68: (771.7708124177007, 0.1001190244819476, 56.465700803375604),
                    69: (771.7360249864429, 0.10020844388142702, 56.465700803375604),
                    70: (771.7001231406653, 0.10158161674904326, 56.465700803375604),
                    71: (771.6631453249635, 0.10423266294776362, 56.465700803375604),
                    72: (771.6251311361087, 0.10815023029076953, 56.465700803375604),
                    73: (771.5861212806467, 0.11331754315326192, 56.465700803375604),
                    74: (771.5461575313077, 0.11971247430826348, 56.465700803375604),
                    75: (771.5052826822755, 0.1273076396788012, 56.465700803375604),
                    76: (771.4635405033622, 0.1360705156007267, 56.465700803375604),
                    77: (771.4209756931384, 0.14596357809404137, 56.465700803375604),
                    78: (771.3776338310693, 0.15694446354633895, 56.465700803375604),
                    79: (771.3335613287062, 0.16896615012029537, 56.465700803375604),
                    80: (771.2888053799886, 0.18197715910839923, 56.465700803375604),
                    81: (771.2434139107073, 0.19592177537267566, 56.465700803375604),
                    82: (771.1974355271848, 0.21074028592546531, 56.465700803375604),
                    83: (771.1509194642255, 0.22636923562960284, 56.465700803375604),
                    84: (771.1039155323947, 0.24274169892305347, 56.465700803375604),
                    85: (771.0564740646803, 0.2597875664044501, 56.465700803375604),
                    86: (771.0086458625938, 0.27743384505230634, 56.465700803375604),
                    87: (770.9604821417722, 0.29560497079234704, 56.465700803375604),
                    88: (770.9120344771341, 0.31422313207447233, 56.465700803375604),
                    89: (770.8633547476521, 0.3332086030737581, 56.465700803375604),
                    90: (770.8144950808002, 0.35248008508868484, 56.465700803375604),
                    91: (770.765507796733, 0.37195505467465084, 56.465700803375604),
                    92: (770.7164453522615, 0.39155011702203835, 56.465700803375604),
                    93: (770.6673602846803, 0.41118136306558817, 56.465700803375604),
                    94: (770.6183051555089, 0.430764728795896, 56.465700803375604),
                    95: (770.5693324942084, 0.4502163552344138, 56.465700803375604),
                }
                uniform token[] xformOpOrder = ["xformOp:translate", "xformOp:rotateY"]
            }

            def Xform "Boat_33" (
                instanceable = true
                prepend references = @assetLibrary.usda@</Assets/Boat>
            )
            {
                float xformOp:rotateY.timeSamples = {
                    0: 237,
                    1: 237.65404,
                    2: 238.30527,
                    3: 238.9509,
                    4: 239.5882,
                    5: 240.2144,
                    6: 240.82683,
                    7: 241.42288,
                    8: 242,
                    9: 242.55571,
                    10: 243.08762,
                    11: 243.59346,
                    12: 244.07108,
                    13: 244.5184,
                    14: 244.93353,
                    15: 245.3147,
                    16: 245.66025,
                    17: 245.96873,
                    18: 246.2388,
                    19: 246.4693,
                    20: 246.65926,
                    21: 246.80785,
                    22: 246.91444,
                    23: 246.97859,
                    24: 247,
                    25: 246.97859,
                    26: 246.91444,
                    27: 246.80785,
                    28: 246.65926,
                    29: 246.4693,
                    30: 246.2388,
                    31: 245.96873,
                    32: 245.66025,
                    33: 245.3147,
                    34: 244.93353,
                    35: 244.5184,
                    36: 244.07108,
                    37: 243.59346,
                    38: 243.08762,
                    39: 242.55571,
                    40: 242,
                    41: 241.42288,
                    42: 240.82683,
                    43: 240.2144,
                    44: 239.5882,
                    45: 238.9509,
                    46: 238.30527,
                    47: 237.65404,
                    48: 237,
                    49: 236.34596,
                    50: 235.69473,
                    51: 235.0491,
                    52: 234.4118,
                    53: 233.7856,
                    54: 233.17317,
                    55: 232.57712,
                    56: 232,
                    57: 231.44429,
                    58: 230.91238,
                    59: 230.40654,
                    60: 229.92892,
                    61: 229.4816,
                    62: 229.06647,
                    63: 228.6853,
                    64: 228.33975,
                    65: 228.03127,
                    66: 227.7612,
                    67: 227.5307,
                    68: 227.34074,
                    69: 227.19215,
                    70: 227.08556,
                    71: 227.02141,
                    72: 227,
                    73: 227.02141,
                    74: 227.08556,
                    75: 227.19215,
                    76: 227.34074,
                    77: 227.5307,
                    78: 227.7612,
                    79: 228.03127,
                    80: 228.33975,
                    81: 228.6853,
                    82: 229.06647,
                    83: 229.4816,
                    84: 229.92892,
                    85: 230.40654,
                    86: 230.91238,
                    87: 231.44429,
                    88: 232,
                    89: 232.57712,
                    90: 233.17317,
                    91: 233.7856,
                    92: 234.4118,
                    93: 235.0491,
                    94: 235.69473,
                    95: 236.34596,
                }
                double3 xformOp:translate.timeSamples = {
                    0: (925.1399971425191, 0.5776220544121673, 120.35211051705501),
                    1: (925.1863830461119, 0.5930539517469713, 120.35211051705501),
                    2: (925.2322188690745, 0.6076591624222127, 120.35211051705501),
                    3: (925.2774555292593, 0.6213751446835474, 120.35211051705501),
                    4: (925.3220445861177, 0.634143164589217, 120.35211051705501),
                    5: (925.3659382925707, 0.6459085475178029, 120.35211051705501),
                    6: (925.4090896461381, 0.6566209122933505, 120.35211051705501),
                    7: (925.4514524392696, 0.6662343869252989, 120.35211051705501),
                    8: (925.4929813088253, 0.6747078050393862, 120.35211051705501),
                    9: (925.5336317846514, 0.6820048821583855, 120.35211051705501),
                    10: (925.5733603372004, 0.6880943710778056, 120.35211051705501),
                    11: (925.6121244241428, 0.6929501956712179, 120.35211051705501),
                    12: (925.6498825359238, 0.6965515625522337, 120.35211051705501),
                    13: (925.6865942402112, 0.6988830501149769, 120.35211051705501),
                    14: (925.7222202251927, 0.699934674571767, 120.35211051705501),
                    15: (925.7567223416712, 0.699701932705232, 120.35211051705501),
                    16: (925.7900636439163, 0.6981858211517753, 120.35211051705501),
                    17: (925.8222084292262, 0.6953928321338266, 120.35211051705501),
                    18: (925.8531222761599, 0.6913349256591483, 120.35211051705501),
                    19: (925.8827720813956, 0.6860294783062459, 120.35211051705501),
                    20: (925.9111260951793, 0.6794992088151919, 120.35211051705501),
                    21: (925.938153955323, 0.671772080802492, 120.35211051705501),
                    22: (925.9638267197167, 0.6628811830165872, 120.35211051705501),
                    23: (925.9881168973217, 0.6528645876467516, 120.35211051705501),
                    24: (926.0109984776071, 0.6417651872921349, 120.35211051705501),
                    25: (926.0324469584037, 0.6296305112890666, 120.35211051705501),
                    26: (926.0524393721412, 0.6165125221831409, 120.35211051705501),
                    27: (926.070954310442, 0.6024673932176202, 120.35211051705501),
                    28: (926.0879719470464, 0.5875552677909818, 120.35211051705501),
                    29: (926.103474059043, 0.5718400019136536, 120.35211051705501),
                    30: (926.117444046382, 0.5553888907667743, 120.35211051705501),
                    31: (926.129866949651, 0.538272380533895, 120.35211051705501),
                    32: (926.1407294660941, 0.5205637667396081, 120.35211051705501),
                    33: (926.1500199638564, 0.5023388803868555, 120.35211051705501),
                    34: (926.1577284944403, 0.4836757632369356, 120.35211051705501),
                    35: (926.1638468033584, 0.46465433362269826, 120.35211051705501),
                    36: (926.168368338972, 0.44535604422597463, 120.35211051705501),
                    37: (926.1712882595075, 0.4258635332846894, 120.35211051705501),
                    38: (926.1726034382409, 0.40626027072323667, 120.35211051705501),
                    39: (926.172312466846, 0.38663020072145277, 120.35211051705501),
                    40: (926.1704156569022, 0.3670573822527486, 120.35211051705501),
                    41: (926.166915039561, 0.34762562913068135, 120.35211051705501),
                    42: (926.1618143633713, 0.3284181511053357, 120.35211051705501),
                    43: (926.1551190902646, 0.30951719754640183, 120.35211051705501),
                    44: (926.1468363897075, 0.29100370523874786, 120.35211051705501),
                    45: (926.1369751310228, 0.2729569517986771, 120.35211051705501),
                    46: (926.1255458738935, 0.2554542161950071, 120.35211051705501),
                    47: (926.1125608570544, 0.23857044782866346, 120.35211051705501),
                    48: (926.0980339851868, 0.22237794558783316, 120.35211051705501),
                    49: (926.0819808140288, 0.20694604825302879, 120.35211051705501),
                    50: (926.0644185337184, 0.19234083757778764, 120.35211051705501),
                    51: (926.045365950385, 0.17862485531645228, 120.35211051705501),
                    52: (926.0248434660122, 0.1658568354107831, 120.35211051705501),
                    53: (926.0028730565901, 0.15409145248219686, 120.35211051705501),
                    54: (925.9794782485837, 0.14337908770664953, 120.35211051705501),
                    55: (925.9546840937393, 0.13376561307470147, 120.35211051705501),
                    56: (925.9285171422588, 0.12529219496061372, 120.35211051705501),
                    57: (925.9010054143694, 0.11799511784161454, 120.35211051705501),
                    58: (925.8721783703182, 0.11190562892219469, 120.35211051705501),
                    59: (925.8420668788264, 0.10704980432878214, 120.35211051705501),
                    60: (925.810703184033, 0.10344843744776633, 120.35211051705501),
                    61: (925.7781208709679, 0.10111694988502312, 120.35211051705501),
                    62: (925.7443548295882, 0.10006532542823304, 120.35211051705501),
                    63: (925.7094412174168, 0.10029806729476815, 120.35211051705501),
                    64: (925.673417420824, 0.1018141788482248, 120.35211051705501),
                    65: (925.6363220149934, 0.10460716786617341, 120.35211051705501),
                    66: (925.598194722615, 0.10866507434085193, 120.35211051705501),
                    67: (925.559076371348, 0.1139705216937541, 120.35211051705501),
                    68: (925.5190088501032, 0.120500791184808, 120.35211051705501),
                    69: (925.4780350641857, 0.12822791919750803, 120.35211051705501),
                    70: (925.4361988893518, 0.13711881698341288, 120.35211051705501),
                    71: (925.3935451248254, 0.14713541235324873, 120.35211051705501),
                    72: (925.3501194453258, 0.15823481270786507, 120.35211051705501),
                    73: (925.3059683521585, 0.17036948871093316, 120.35211051705501),
                    74: (925.2611391234199, 0.18348747781685915, 120.35211051705501),
                    75: (925.2156797633708, 0.19753260678237977, 120.35211051705501),
                    76: (925.1696389510327, 0.21244473220901872, 120.35211051705501),
                    77: (925.1230659880606, 0.22815999808634638, 120.35211051705501),
                    78: (925.0760107459498, 0.2446111092332253, 120.35211051705501),
                    79: (925.0285236126322, 0.26172761946610495, 120.35211051705501),
                    80: (924.9806554385195, 0.2794362332603919, 120.35211051705501),
                    81: (924.9324574820516, 0.297661119613144, 120.35211051705501),
                    82: (924.8839813548075, 0.3163242367630644, 120.35211051705501),
                    83: (924.8352789662383, 0.33534566637730223, 120.35211051705501),
                    84: (924.7864024680817, 0.35464395577402535, 120.35211051705501),
                    85: (924.7374041985162, 0.37413646671531064, 120.35211051705501),
                    86: (924.688336626116, 0.3937397292767639, 120.35211051705501),
                    87: (924.6392522936666, 0.4133697992785472, 120.35211051705501),
                    88: (924.5902037619006, 0.4329426177472509, 120.35211051705501),
                    89: (924.5412435532146, 0.4523743708693192, 120.35211051705501),
                    90: (924.492424095426, 0.47158184889466437, 120.35211051705501),
                    91: (924.4437976656334, 0.4904828024535972, 120.35211051705501),
                    92: (924.3954163342355, 0.5089962947612522, 120.35211051705501),
                    93: (924.3473319091738, 0.5270430482013229, 120.35211051705501),
                    94: (924.2995958804552, 0.5445457838049929, 120.35211051705501),
                    95: (924.2522593650148, 0.5614295521713365, 120.35211051705501),
                }
                uniform token[] xformOpOrder = ["xformOp:translate", "xformOp:rotateY"]
            }

            def Xform "Boat_34" (
                instanceable = true
                prepend references = @assetLibrary.usda@</Assets/Boat>
            )
            {
                float xformOp:rotateY.timeSamples = {
                    0: 266,
                    1: 266.65402,
                    2: 267.30527,
                    3: 267.9509,
                    4: 268.5882,
                    5: 269.2144,
                    6: 269.82684,
                    7: 270.42288,
                    8: 271,
                    9: 271.5557,
                    10: 272.08762,
                    11: 272.59344,
                    12: 273.07108,
                    13: 273.5184,
                    14: 273.93353,
                    15: 274.3147,
                    16: 274.66025,
                    17: 274.96872,
                    18: 275.2388,
                    19: 275.4693,
                    20: 275.65927,
                    21: 275.80786,
                    22: 275.91446,
                    23: 275.97858,
                    24: 276,
                    25: 275.97858,
                    26: 275.91446,
                    27: 275.80786,
                    28: 275.65927,
                    29: 275.4693,
                    30: 275.2388,
                    31: 274.96872,
                    32: 274.66025,
                    33: 274.3147,
                    34: 273.93353,
                    35: 273.5184,
                    36: 273.07108,
                    37: 272.59344,
                    38: 272.08762,
                    39: 271.5557,
                    40: 271,
                    41: 270.42288,
                    42: 269.82684,
                    43: 269.2144,
                    44: 268.5882,
                    45: 267.9509,
                    46: 267.30527,
                    47: 266.65402,
                    48: 266,
                    49: 265.34598,
                    50: 264.69473,
                    51: 264.0491,
                    52: 263.4118,
                    53: 262.7856,
                    54: 262.17316,
                    55: 261.57712,
                    56: 261,
                    57: 260.4443,
                    58: 259.91238,
                    59: 259.40656,
                    60: 258.92892,
                    61: 258.4816,
                    62: 258.06647,
                    63: 257.6853,
                    64: 257.33975,
                    65: 257.03128,
                    66: 256.7612,
                    67: 256.5307,
                    68: 256.34073,
                    69: 256.19214,
                    70: 256.08554,
                    71: 256.02142,
                    72: 256,
                    73: 256.02142,
                    74: 256.08554,
                    75: 256.19214,
                    76: 256.34073,
                    77: 256.5307,
                    78: 256.7612,
                    79: 257.03128,
                    80: 257.33975,
                    81: 257.6853,
                    82: 258.06647,
                    83: 258.4816,
                    84: 258.92892,
                    85: 259.40656,
                    86: 259.91238,
                    87: 260.4443,
                    88: 261,
                    89: 261.57712,
                    90: 262.17316,
                    91: 262.7856,
                    92: 263.4118,
                    93: 264.0491,
                    94: 264.69473,
                    95: 265.34598,
                }
                double3 xformOp:translate.timeSamples = {
                    0: (855.1105901456501, 0.6577485444569491, -38.561774191337165),
                    1: (855.1528621466734, 0.6672367977419266, -38.561774191337165),
                    2: (855.1942952183502, 0.6755807020320335, -38.561774191337165),
                    3: (855.2348449931098, 0.6827445274481201, -38.561774191337165),
                    4: (855.2744680492376, 0.6886975973899445, -38.561774191337165),
                    5: (855.3131219573727, 0.6934144198980836, -38.561774191337165),
                    6: (855.350765325942, 0.6968747968144178, -38.561774191337165),
                    7: (855.3873578454836, 0.6990639102737448, -38.561774191337165),
                    8: (855.4228603318111, 0.6999723861561528, -38.561774191337165),
                    9: (855.4572347679729, 0.6995963342284415, -38.561774191337165),
                    10: (855.4904443449616, 0.6979373648026981, -38.561774191337165),
                    11: (855.5224535011305, 0.6950025818406932, -38.561774191337165),
                    12: (855.5532279602735, 0.690804552533626, -38.561774191337165),
                    13: (855.5827347683288, 0.685361253487483, -38.561774191337165),
                    14: (855.6109423286674, 0.6786959937444498, -38.561774191337165),
                    15: (855.637820435927, 0.6708373149700153, -38.561774191337165),
                    16: (855.6633403083572, 0.6618188692331783, -38.561774191337165),
                    17: (855.6874746186395, 0.6516792749031208, -38.561774191337165),
                    18: (855.7101975231498, 0.6404619512794232, -38.561774191337165),
                    19: (855.7314846896329, 0.6282149326639563, -38.561774191337165),
                    20: (855.7513133232576, 0.6149906626706286, -38.561774191337165),
                    21: (855.7696621910266, 0.6008457696537782, -38.561774191337165),
                    22: (855.7865116445125, 0.5858408242168673, -38.561774191337165),
                    23: (855.8018436408986, 0.5700400798398569, -38.561774191337165),
                    24: (855.815641762299, 0.5535111977359443, -38.561774191337165),
                    25: (855.8278912333399, 0.5363249571158585, -38.561774191337165),
                    26: (855.8385789369806, 0.5185549521004145, -38.561774191337165),
                    27: (855.8476934285608, 0.5002772765791895, -38.561774191337165),
                    28: (855.8552249480541, 0.48157019836480447, -38.561774191337165),
                    29: (855.8611654305212, 0.4625138240381366, -38.561774191337165),
                    30: (855.8655085147444, 0.4431897559196406, -38.561774191337165),
                    31: (855.8682495500406, 0.4236807426356853, -38.561774191337165),
                    32: (855.8693856012403, 0.4040703247762296, -38.561774191337165),
                    33: (855.8689154518315, 0.38444247716119456, -38.561774191337165),
                    34: (855.8668396052619, 0.3648812492473896, -38.561774191337165),
                    35: (855.8631602844002, 0.34547040521583605, -38.561774191337165),
                    36: (855.8578814291552, 0.32629306528068447, -38.561774191337165),
                    37: (855.8510086922574, 0.3074313497556945, -38.561774191337165),
                    38: (855.8425494332055, 0.28896602740244937, -38.561774191337165),
                    39: (855.832512710386, 0.2709761695661125, -38.561774191337165),
                    40: (855.8209092713731, 0.2535388115797914, -38.561774191337165),
                    41: (855.80775154142, 0.23672862288741728, -38.561774191337165),
                    42: (855.7930536101533, 0.22061758729771622, -38.561774191337165),
                    43: (855.7768312164861, 0.20527469473849616, -38.561774191337165),
                    44: (855.759101731764, 0.19076564583117855, -38.561774191337165),
                    45: (855.7398841411631, 0.17715257055065356, -38.561774191337165),
                    46: (855.7191990233607, 0.16449376217519118, -38.561774191337165),
                    47: (855.6970685284994, 0.15284342766566933, -38.561774191337165),
                    48: (855.673516354467, 0.14225145554305102, -38.561774191337165),
                    49: (855.6485677215215, 0.13276320225807375, -38.561774191337165),
                    50: (855.6222493452842, 0.12441929796796652, -38.561774191337165),
                    51: (855.5945894081312, 0.11725547255187996, -38.561774191337165),
                    52: (855.5656175290163, 0.11130240261005547, -38.561774191337165),
                    53: (855.5353647317532, 0.10658558010191649, -38.561774191337165),
                    54: (855.503863411795, 0.10312520318558227, -38.561774191337165),
                    55: (855.4711473015441, 0.10093608972625528, -38.561774191337165),
                    56: (855.4372514342308, 0.10002761384384729, -38.561774191337165),
                    57: (855.4022121063988, 0.10040366577155851, -38.561774191337165),
                    58: (855.366066839038, 0.10206263519730191, -38.561774191337165),
                    59: (855.3288543374061, 0.10499741815930674, -38.561774191337165),
                    60: (855.2906144495819, 0.109195447466374, -38.561774191337165),
                    61: (855.251388123795, 0.11463874651251704, -38.561774191337165),
                    62: (855.2112173645776, 0.1213040062555501, -38.561774191337165),
                    63: (855.1701451877848, 0.12916268502998463, -38.561774191337165),
                    64: (855.1282155745323, 0.13818113076682143, -38.561774191337165),
                    65: (855.0854734241003, 0.1483207250968792, -38.561774191337165),
                    66: (855.0419645058539, 0.15953804872057686, -38.561774191337165),
                    67: (854.9977354102326, 0.17178506733604398, -38.561774191337165),
                    68: (854.9528334988598, 0.1850093373293714, -38.561774191337165),
                    69: (854.907306853827, 0.1991542303462214, -38.561774191337165),
                    70: (854.8612042262057, 0.21415917578313315, -38.561774191337165),
                    71: (854.8145749838446, 0.2299599201601431, -38.561774191337165),
                    72: (854.7674690585043, 0.24648880226405528, -38.561774191337165),
                    73: (854.7199368923893, 0.2636750428841415, -38.561774191337165),
                    74: (854.6720293841339, 0.2814450478995851, -38.561774191337165),
                    75: (854.6237978342979, 0.29972272342081097, -38.561774191337165),
                    76: (854.5752938904327, 0.3184298016351955, -38.561774191337165),
                    77: (854.5265694917764, 0.3374861759618639, -38.561774191337165),
                    78: (854.4776768136356, 0.3568102440803594, -38.561774191337165),
                    79: (854.4286682115145, 0.37631925736431476, -38.561774191337165),
                    80: (854.3795961650519, 0.3959296752237709, -38.561774191337165),
                    81: (854.3305132218243, 0.4155575228388054, -38.561774191337165),
                    82: (854.2814719410766, 0.43511875075260986, -38.561774191337165),
                    83: (854.2325248374407, 0.45452959478416394, -38.561774191337165),
                    84: (854.183724324701, 0.4737069347193155, -38.561774191337165),
                    85: (854.1351226596689, 0.4925686502443055, -38.561774191337165),
                    86: (854.0867718862247, 0.5110339725975507, -38.561774191337165),
                    87: (854.0387237795877, 0.5290238304338875, -38.561774191337165),
                    88: (853.991029790874, 0.5464611884202086, -38.561774191337165),
                    89: (853.9437409920012, 0.5632713771125827, -38.561774191337165),
                    90: (853.8969080209996, 0.5793824127022837, -38.561774191337165),
                    91: (853.8505810277876, 0.5947253052615038, -38.561774191337165),
                    92: (853.8048096204699, 0.6092343541688214, -38.561774191337165),
                    93: (853.7596428122159, 0.6228474294493465, -38.561774191337165),
                    94: (853.7151289687753, 0.6355062378248089, -38.561774191337165),
                    95: (853.6713157566865, 0.6471565723343307, -38.561774191337165),
                }
                uniform token[] xformOpOrder = ["xformOp:translate", "xformOp:rotateY"]
            }

            def Xform "Boat_35" (
                instanceable = true
                prepend references = @assetLibrary.usda@</Assets/Boat>
            )
            {
                float xformOp:rotateY.timeSamples = {
                    0: 295,
                    1: 295.65402,
                    2: 296.30527,
                    3: 296.9509,
                    4: 297.5882,
                    5: 298.2144,
                    6: 298.82684,
                    7: 299.42288,
                    8: 300,
                    9: 300.5557,
                    10: 301.08762,
                    11: 301.59344,
                    12: 302.07108,
                    13: 302.5184,
                    14: 302.93353,
                    15: 303.3147,
                    16: 303.66025,
                    17: 303.96872,
                    18: 304.2388,
                    19: 304.4693,
                    20: 304.65927,
                    21: 304.80786,
                    22: 304.91446,
                    23: 304.97858,
                    24: 305,
                    25: 304.97858,
                    26: 304.91446,
                    27: 304.80786,
                    28: 304.65927,
                    29: 304.4693,
                    30: 304.2388,
                    31: 303.96872,
                    32: 303.66025,
                    33: 303.3147,
                    34: 302.93353,
                    35: 302.5184,
                    36: 302.07108,
                    37: 301.59344,
                    38: 301.08762,
                    39: 300.5557,
                    40: 300,
                    41: 299.42288,
                    42: 298.82684,
                    43: 298.2144,
                    44: 297.5882,
                    45: 296.9509,
                    46: 296.30527,
                    47: 295.65402,
                    48: 295,
                    49: 294.34598,
                    50: 293.69473,
                    51: 293.0491,
                    52: 292.4118,
                    53: 291.7856,
                    54: 291.17316,
                    55: 290.57712,
                    56: 290,
                    57: 289.4443,
                    58: 288.91238,
                    59: 288.40656,
                    60: 287.92892,
                    61: 287.4816,
                    62: 287.06647,
                    63: 286.6853,
                    64: 286.33975,
                    65: 286.03128,
                    66: 285.7612,
                    67: 285.5307,
                    68: 285.34073,
                    69: 285.19214,
                    70: 285.08554,
                    71: 285.02142,
                    72: 285,
                    73: 285.02142,
                    74: 285.08554,
                    75: 285.19214,
                    76: 285.34073,
                    77: 285.5307,
                    78: 285.7612,
                    79: 286.03128,
                    80: 286.33975,
                    81: 286.6853,
                    82: 287.06647,
                    83: 287.4816,
                    84: 287.92892,
                    85: 288.40656,
                    86: 288.91238,
                    87: 289.4443,
                    88: 290,
                    89: 290.57712,
                    90: 291.17316,
                    91: 291.7856,
                    92: 292.4118,
                    93: 293.0491,
                    94: 293.69473,
                    95: 294.34598,
                }
                double3 xformOp:translate.timeSamples = {
                    0: (1133.8806259288672, 0.6971822067084611, -26.349644515054983),
                    1: (1133.917098776037, 0.6992288293776823, -26.349644515054983),
                    2: (1133.9524772906102, 0.6999941082610626, -26.349644515054983),
                    3: (1133.986723588387, 0.6994747663169356, -26.349644515054983),
                    4: (1134.019800997574, 0.6976730274472369, -26.349644515054983),
                    5: (1134.0516740980534, 0.6945966069744147, -26.349644515054983),
                    6: (1134.08230875931, 0.6902586786032341, -26.349644515054983),
                    7: (1134.111672176982, 0.6846778180089512, -26.349644515054983),
                    8: (1134.1397329079862, 0.6778779232934207, -26.349644515054983),
                    9: (1134.1664609041884, 0.6698881126497526, -26.349644515054983),
                    10: (1134.1918275445814, 0.6607425996737413, -26.349644515054983),
                    11: (1134.2158056659312, 0.650480546855995, -26.349644515054983),
                    12: (1134.2383695918645, 0.6391458978821382, -26.349644515054983),
                    13: (1134.2594951603646, 0.6267871894592041, -26.349644515054983),
                    14: (1134.2791597496437, 0.6134573434740027, -26.349644515054983),
                    15: (1134.2973423023668, 0.5992134403734781, -26.349644515054983),
                    16: (1134.314023348201, 0.5841164747374704, -26.349644515054983),
                    17: (1134.3291850246649, 0.5682310940905615, -26.349644515054983),
                    18: (1134.3428110962552, 0.5516253220714498, -26.349644515054983),
                    19: (1134.3548869718336, 0.5343702671452848, -26.349644515054983),
                    20: (1134.3653997202496, 0.5165398181063049, -26.349644515054983),
                    21: (1134.374338084189, 0.49821032767467544, -26.349644515054983),
                    22: (1134.381692492228, 0.47946028554241976, -26.349644515054983),
                    23: (1134.3874550690823, 0.46036998226850595, -26.349644515054983),
                    24: (1134.39161964404, 0.4410211654623501, -26.349644515054983),
                    25: (1134.39418175757, 0.4214966897280006, -26.349644515054983),
                    26: (1134.3951386660972, 0.40188016186800396, -26.349644515054983),
                    27: (1134.3944893449398, 0.3822555828662413, -26.349644515054983),
                    28: (1134.392234489407, 0.3627069881828174, -26.349644515054983),
                    29: (1134.3883765140547, 0.34331808790132196, -26.349644515054983),
                    30: (1134.3829195500996, 0.32417190826939857, -26.349644515054983),
                    31: (1134.3758694409955, 0.3053504361676065, -26.349644515054983),
                    32: (1134.3672337361756, 0.2869342680290092, -26.349644515054983),
                    33: (1134.357021682969, 0.2690022647128796, -26.349644515054983),
                    34: (1134.345244216698, 0.25163121381038667, -26.349644515054983),
                    35: (1134.3319139489686, 0.23489550082834906, -26.349644515054983),
                    36: (1134.3170451541653, 0.21886679065906825, -26.349644515054983),
                    37: (1134.3006537541658, 0.2036137207002607, -26.349644515054983),
                    38: (1134.2827573012921, 0.18920160693918558, -26.349644515054983),
                    39: (1134.263374959514, 0.17569216425955486, -26.349644515054983),
                    40: (1134.2425274839288, 0.16314324216892948, -26.349644515054983),
                    41: (1134.2202371985354, 0.15160857707824835, -26.349644515054983),
                    42: (1134.1965279723295, 0.1411375621942626, -26.349644515054983),
                    43: (1134.1714251937447, 0.13177503601024604, -26.349644515054983),
                    44: (1134.1449557434646, 0.12356109030067919, -26.349644515054983),
                    45: (1134.1171479656402, 0.11653089844211789, -26.349644515054983),
                    46: (1134.088031637536, 0.11071456479539604, -26.349644515054983),
                    47: (1134.0576379376455, 0.10613699579412805, -26.349644515054983),
                    48: (1134.025999412304, 0.10281779329153895, -26.349644515054983),
                    49: (1133.9931499408367, 0.10077117062231783, -26.349644515054983),
                    50: (1133.9591246992804, 0.10000589173893748, -26.349644515054983),
                    51: (1133.9239601227164, 0.10052523368306443, -26.349644515054983),
                    52: (1133.8876938662536, 0.10232697255276318, -26.349644515054983),
                    53: (1133.850364764708, 0.10540339302558538, -26.349644515054983),
                    54: (1133.8120127910165, 0.1097413213967659, -26.349644515054983),
                    55: (1133.7726790134332, 0.11532218199104877, -26.349644515054983),
                    56: (1133.7324055515523, 0.12212207670657937, -26.349644515054983),
                    57: (1133.6912355312054, 0.13011188735024776, -26.349644515054983),
                    58: (1133.6492130382817, 0.13925740032625872, -26.349644515054983),
                    59: (1133.6063830715188, 0.14951945314400478, -26.349644515054983),
                    60: (1133.5627914943184, 0.16085410211786189, -26.349644515054983),
                    61: (1133.518484985633, 0.1732128105407959, -26.349644515054983),
                    62: (1133.4735109899816, 0.18654265652599694, -26.349644515054983),
                    63: (1133.4279176666455, 0.20078655962652195, -26.349644515054983),
                    64: (1133.3817538380974, 0.21588352526252919, -26.349644515054983),
                    65: (1133.335068937721, 0.23176890590943852, -26.349644515054983),
                    66: (1133.2879129568769, 0.24837467792855022, -26.349644515054983),
                    67: (1133.2403363913704, 0.26562973285471575, -26.349644515054983),
                    68: (1133.19239018738, 0.28346018189369515, -26.349644515054983),
                    69: (1133.1441256869016, 0.30178967232532405, -26.349644515054983),
                    70: (1133.095594572771, 0.3205397144575808, -26.349644515054983),
                    71: (1133.046848813321, 0.33963001773149404, -26.349644515054983),
                    72: (1132.9979406067318, 0.35897883453764934, -26.349644515054983),
                    73: (1132.948922325136, 0.3785033102719994, -26.349644515054983),
                    74: (1132.899846458537, 0.39811983813199553, -26.349644515054983),
                    75: (1132.8507655586025, 0.4177444171337592, -26.349644515054983),
                    76: (1132.801732182389, 0.4372930118171826, -26.349644515054983),
                    77: (1132.7527988360644, 0.4566819120986786, -26.349644515054983),
                    78: (1132.7040179186813, 0.4758280917306015, -26.349644515054983),
                    79: (1132.6554416660676, 0.4946495638323935, -26.349644515054983),
                    80: (1132.6071220948918, 0.5130657319709908, -26.349644515054983),
                    81: (1132.5591109469608, 0.5309977352871205, -26.349644515054983),
                    82: (1132.5114596338142, 0.5483687861896125, -26.349644515054983),
                    83: (1132.4642191816718, 0.565104499171651, -26.349644515054983),
                    84: (1132.417440176793, 0.5811332093409318, -26.349644515054983),
                    85: (1132.371172711308, 0.5963862792997393, -26.349644515054983),
                    86: (1132.3254663295775, 0.6107983930608145, -26.349644515054983),
                    87: (1132.2803699751398, 0.6243078357404452, -26.349644515054983),
                    88: (1132.2359319383013, 0.6368567578310705, -26.349644515054983),
                    89: (1132.1921998044243, 0.6483914229217517, -26.349644515054983),
                    90: (1132.1492204029735, 0.6588624378057374, -26.349644515054983),
                    91: (1132.1070397573683, 0.668224963989754, -26.349644515054983),
                    92: (1132.0657030357004, 0.6764389096993209, -26.349644515054983),
                    93: (1132.0252545023673, 0.6834691015578821, -26.349644515054983),
                    94: (1131.985737470671, 0.689285435204604, -26.349644515054983),
                    95: (1131.9471942564392, 0.693863004205872, -26.349644515054983),
                }
                uniform token[] xformOpOrder = ["xformOp:translate", "xformOp:rotateY"]
            }

            def Xform "Boat_36" (
                instanceable = true
                prepend references = @assetLibrary.usda@</Assets/Boat>
            )
            {
                float xformOp:rotateY.timeSamples = {
                    0: 324,
                    1: 324.65402,
                    2: 325.30527,
                    3: 325.9509,
                    4: 326.5882,
                    5: 327.2144,
                    6: 327.82684,
                    7: 328.42288,
                    8: 329,
                    9: 329.5557,
                    10: 330.08762,
                    11: 330.59344,
                    12: 331.07108,
                    13: 331.5184,
                    14: 331.93353,
                    15: 332.3147,
                    16: 332.66025,
                    17: 332.96872,
                    18: 333.2388,
                    19: 333.4693,
                    20: 333.65927,
                    21: 333.80786,
                    22: 333.91446,
                    23: 333.97858,
                    24: 334,
                    25: 333.97858,
                    26: 333.91446,
                    27: 333.80786,
                    28: 333.65927,
                    29: 333.4693,
                    30: 333.2388,
                    31: 332.96872,
                    32: 332.66025,
                    33: 332.3147,
                    34: 331.93353,
                    35: 331.5184,
                    36: 331.07108,
                    37: 330.59344,
                    38: 330.08762,
                    39: 329.5557,
                    40: 329,
                    41: 328.42288,
                    42: 327.82684,
                    43: 327.2144,
                    44: 326.5882,
                    45: 325.9509,
                    46: 325.30527,
                    47: 324.65402,
                    48: 324,
                    49: 323.34598,
                    50: 322.69473,
                    51: 322.0491,
                    52: 321.4118,
                    53: 320.7856,
                    54: 320.17316,
                    55: 319.57712,
                    56: 319,
                    57: 318.4443,
                    58: 317.91238,
                    59: 317.40656,
                    60: 316.92892,
                    61: 316.4816,
                    62: 316.06647,
                    63: 315.6853,
                    64: 315.33975,
                    65: 315.03128,
                    66: 314.7612,
                    67: 314.5307,
                    68: 314.34073,
                    69: 314.19214,
                    70: 314.08554,
                    71: 314.02142,
                    72: 314,
                    73: 314.02142,
                    74: 314.08554,
                    75: 314.19214,
                    76: 314.34073,
                    77: 314.5307,
                    78: 314.7612,
                    79: 315.03128,
                    80: 315.33975,
                    81: 315.6853,
                    82: 316.06647,
                    83: 316.4816,
                    84: 316.92892,
                    85: 317.40656,
                    86: 317.91238,
                    87: 318.4443,
                    88: 319,
                    89: 319.57712,
                    90: 320.17316,
                    91: 320.7856,
                    92: 321.4118,
                    93: 322.0491,
                    94: 322.69473,
                    95: 323.34598,
                }
                double3 xformOp:translate.timeSamples = {
                    0: (1115.3860658638873, 0.6896973329647833, 79.9095445414213),
                    1: (1115.4152854998838, 0.6839792082999291, 79.9095445414213),
                    2: (1115.4431990276205, 0.6770450410678533, 79.9095445414213),
                    3: (1115.4697765565927, 0.6689245244371969, 79.9095445414213),
                    4: (1115.4949896269165, 0.659652431706856, 79.9095445414213),
                    5: (1115.5188112398052, 0.6492684674013798, 79.9095445414213),
                    6: (1115.5412158864785, 0.6378170972500995, 79.9095445414213),
                    7: (1115.5621795754798, 0.6253473577780493, 79.9095445414213),
                    8: (1115.581679858366, 0.6119126463240382, 79.9095445414213),
                    9: (1115.5996958537455, 0.5975704923850458, 79.9095445414213),
                    10: (1115.6162082696392, 0.5823823112660867, 79.9095445414213),
                    11: (1115.6311994241387, 0.5664131410904446, 79.9095445414213),
                    12: (1115.6446532643404, 0.5497313642964434, 79.9095445414213),
                    13: (1115.6565553835349, 0.5324084148133471, 79.9095445414213),
                    14: (1115.666893036635, 0.5145184721703104, 79.9095445414213),
                    15: (1115.6756551538228, 0.49613814384824473, 79.9095445414213),
                    16: (1115.6828323524037, 0.4773461372348245, 79.9095445414213),
                    17: (1115.688416946854, 0.4582229225873703, 79.9095445414213),
                    18: (1115.6924029570496, 0.4388503884468507, 79.9095445414213),
                    19: (1115.6947861146714, 0.4193114909785816, 79.9095445414213),
                    20: (1115.6955638677744, 0.39968989874118815, 79.9095445414213),
                    21: (1115.6947353835208, 0.3800696344049926, 79.9095445414213),
                    22: (1115.6923015490727, 0.3605347149540407, 79.9095445414213),
                    23: (1115.6882649706406, 0.34116879191247595, 79.9095445414213),
                    24: (1115.682629970694, 0.32205479313587326, 79.9095445414213),
                    25: (1115.6754025833322, 0.30327456770142924, 79.9095445414213),
                    26: (1115.6665905478224, 0.28490853541764516, 79.9095445414213),
                    27: (1115.6562033003127, 0.2670353424543668, 79.9095445414213),
                    28: (1115.6442519637283, 0.24973152456780345, 79.9095445414213),
                    29: (1115.6307493358595, 0.23307117936267777, 79.9095445414213),
                    30: (1115.6157098756587, 0.21712564899489986, 79.9095445414213),
                    31: (1115.5991496877562, 0.20196321467350611, 79.9095445414213),
                    32: (1115.5810865052163, 0.18764880427004157, 79.9095445414213),
                    33: (1115.561539670547, 0.17424371428744068, 79.9095445414213),
                    34: (1115.540530114989, 0.16180534737899716, 79.9095445414213),
                    35: (1115.5180803361002, 0.1503869665413851, 79.9095445414213),
                    36: (1115.494214373666, 0.14003746703433229, 79.9095445414213),
                    37: (1115.4689577839572, 0.13080116700361316, 79.9095445414213),
                    38: (1115.4423376123623, 0.1227176177039408, 79.9095445414213),
                    39: (1115.414382364428, 0.11582143413442636, 79.9095445414213),
                    40: (1115.385121975334, 0.11014214681183537, 79.9095445414213),
                    41: (1115.3545877778377, 0.10570407531638304, 79.9095445414213),
                    42: (1115.3228124687225, 0.10252622415155854, 79.9095445414213),
                    43: (1115.2898300737857, 0.10062220136392191, 79.9095445414213),
                    44: (1115.2556759114016, 0.10000016027136072, 79.9095445414213),
                    45: (1115.2203865547026, 0.10066276454933087, 79.9095445414213),
                    46: (1115.1839997924162, 0.10260717682458925, 79.9095445414213),
                    47: (1115.1465545883984, 0.10582507082526149, 79.9095445414213),
                    48: (1115.1080910399119, 0.1103026670352169, 79.9095445414213),
                    49: (1115.0686503346876, 0.11602079170007096, 79.9095445414213),
                    50: (1115.0282747068206, 0.12295495893214647, 79.9095445414213),
                    51: (1114.9870073915447, 0.13107547556280347, 79.9095445414213),
                    52: (1114.9448925789345, 0.1403475682931441, 79.9095445414213),
                    53: (1114.9019753665864, 0.15073153259862002, 79.9095445414213),
                    54: (1114.858301711326, 0.16218290274990052, 79.9095445414213),
                    55: (1114.8139183799976, 0.17465264222195037, 79.9095445414213),
                    56: (1114.768872899384, 0.18808735367596224, 79.9095445414213),
                    57: (1114.7232135053139, 0.20242950761495426, 79.9095445414213),
                    58: (1114.6769890910105, 0.21761768873391366, 79.9095445414213),
                    59: (1114.630249154734, 0.2335868589095554, 79.9095445414213),
                    60: (1114.5830437467791, 0.2502686357035566, 79.9095445414213),
                    61: (1114.535423415879, 0.2675915851866534, 79.9095445414213),
                    62: (1114.4874391550768, 0.2854815278296896, 79.9095445414213),
                    63: (1114.4391423471207, 0.30386185615175476, 79.9095445414213),
                    64: (1114.3905847094425, 0.3226538627651755, 79.9095445414213),
                    65: (1114.341818238777, 0.34177707741262975, 79.9095445414213),
                    66: (1114.292895155482, 0.36114961155314984, 79.9095445414213),
                    67: (1114.243867847621, 0.3806885090214184, 79.9095445414213),
                    68: (1114.194788814863, 0.4003101012588124, 79.9095445414213),
                    69: (1114.1457106122655, 0.41993036559500746, 79.9095445414213),
                    70: (1114.0966857939973, 0.4394652850459593, 79.9095445414213),
                    71: (1114.0477668570616, 0.4588312080875246, 79.9095445414213),
                    72: (1113.9990061850815, 0.4779452068641267, 79.9095445414213),
                    73: (1113.9504559922057, 0.4967254322985708, 79.9095445414213),
                    74: (1113.9021682671969, 0.5150914645823549, 79.9095445414213),
                    75: (1113.8541947177605, 0.5329646575456333, 79.9095445414213),
                    76: (1113.8065867151747, 0.5502684754321956, 79.9095445414213),
                    77: (1113.7593952392813, 0.5669288206373222, 79.9095445414213),
                    78: (1113.7126708238948, 0.5828743510051001, 79.9095445414213),
                    79: (1113.666463502689, 0.598036785326494, 79.9095445414213),
                    80: (1113.6208227556217, 0.6123511957299584, 79.9095445414213),
                    81: (1113.5757974559472, 0.6257562857125594, 79.9095445414213),
                    82: (1113.5314358178846, 0.6381946526210028, 79.9095445414213),
                    83: (1113.4877853449868, 0.649613033458615, 79.9095445414213),
                    84: (1113.4448927792737, 0.6599625329656678, 79.9095445414213),
                    85: (1113.4028040511791, 0.6691988329963869, 79.9095445414213),
                    86: (1113.3615642303669, 0.6772823822960589, 79.9095445414213),
                    87: (1113.3212174774706, 0.6841785658655737, 79.9095445414213),
                    88: (1113.2818069968034, 0.6898578531881647, 79.9095445414213),
                    89: (1113.2433749900952, 0.694295924683617, 79.9095445414213),
                    90: (1113.2059626113016, 0.6974737758484415, 79.9095445414213),
                    91: (1113.1696099225346, 0.6993777986360782, 79.9095445414213),
                    92: (1113.1343558511644, 0.6999998397286393, 79.9095445414213),
                    93: (1113.100238148133, 0.6993372354506692, 79.9095445414213),
                    94: (1113.0672933475316, 0.6973928231754107, 79.9095445414213),
                    95: (1113.035556727478, 0.6941749291747386, 79.9095445414213),
                }
                uniform token[] xformOpOrder = ["xformOp:translate", "xformOp:rotateY"]
            }

            def Xform "Boat_37" (
                instanceable = true
                prepend references = @assetLibrary.usda@</Assets/Boat>
            )
            {
                float xformOp:rotateY.timeSamples = {
                    0: 353,
                    1: 353.65402,
                    2: 354.30527,
                    3: 354.9509,
                    4: 355.5882,
                    5: 356.2144,
                    6: 356.82684,
                    7: 357.42288,
                    8: 358,
                    9: 358.5557,
                    10: 359.08762,
                    11: 359.59344,
                    12: 0.07106781,
                    13: 0.51839805,
                    14: 0.93353343,
                    15: 1.3146961,
                    16: 1.660254,
                    17: 1.9687275,
                    18: 2.2387953,
                    19: 2.4693012,
                    20: 2.6592584,
                    21: 2.8078527,
                    22: 2.9144485,
                    23: 2.9785893,
                    24: 3,
                    25: 2.9785893,
                    26: 2.9144485,
                    27: 2.8078527,
                    28: 2.6592584,
                    29: 2.4693012,
                    30: 2.2387953,
                    31: 1.9687275,
                    32: 1.660254,
                    33: 1.3146961,
                    34: 0.93353343,
                    35: 0.51839805,
                    36: 0.07106781,
                    37: 359.59344,
                    38: 359.08762,
                    39: 358.5557,
                    40: 358,
                    41: 357.42288,
                    42: 356.82684,
                    43: 356.2144,
                    44: 355.5882,
                    45: 354.9509,
                    46: 354.30527,
                    47: 353.65402,
                    48: 353,
                    49: 352.34598,
                    50: 351.69473,
                    51: 351.0491,
                    52: 350.4118,
                    53: 349.7856,
                    54: 349.17316,
                    55: 348.57712,
                    56: 348,
                    57: 347.4443,
                    58: 346.91238,
                    59: 346.40656,
                    60: 345.92892,
                    61: 345.4816,
                    62: 345.06647,
                    63: 344.6853,
                    64: 344.33975,
                    65: 344.03128,
                    66: 343.7612,
                    67: 343.5307,
                    68: 343.34073,
                    69: 343.19214,
                    70: 343.08554,
                    71: 343.02142,
                    72: 343,
                    73: 343.02142,
                    74: 343.08554,
                    75: 343.19214,
                    76: 343.34073,
                    77: 343.5307,
                    78: 343.7612,
                    79: 344.03128,
                    80: 344.33975,
                    81: 344.6853,
                    82: 345.06647,
                    83: 345.4816,
                    84: 345.92892,
                    85: 346.40656,
                    86: 346.91238,
                    87: 347.4443,
                    88: 348,
                    89: 348.57712,
                    90: 349.17316,
                    91: 349.7856,
                    92: 350.4118,
                    93: 351.0491,
                    94: 351.69473,
                    95: 352.34598,
                }
                double3 xformOp:translate.timeSamples = {
                    0: (1024.2531021384475, 0.636475620212595, -56.97068684549634),
                    1: (1024.2739036685914, 0.6238955143680877, -56.97068684549634),
                    2: (1024.293239385227, 0.6103566535579916, -56.97068684549634),
                    3: (1024.3110885831848, 0.5959170132628197, -56.97068684549634),
                    4: (1024.3274321490962, 0.5806384262391289, -56.97068684549634),
                    5: (1024.3422525818617, 0.5645863177421664, -56.97068684549634),
                    6: (1024.3555340113908, 0.5478294253648808, -56.97068684549634),
                    7: (1024.3672622155957, 0.5304395046929964, -56.97068684549634),
                    8: (1024.377424635622, 0.5124910220365801, -56.97068684549634),
                    9: (1024.3860103892955, 0.49406083555386676, -56.97068684549634),
                    10: (1024.3930102827765, 0.4752278661328296, -56.97068684549634),
                    11: (1024.398416820403, 0.4560727594398195, -56.97068684549634),
                    12: (1024.40222421272, 0.43667754058244146, -56.97068684549634),
                    13: (1024.4044283826759, 0.4171252628654515, -56.97068684549634),
                    14: (1024.4050269699903, 0.39749965214375294, -56.97068684549634),
                    15: (1024.4040193336812, 0.37788474829543517, -56.97068684549634),
                    16: (1024.4014065527504, 0.3583645453501116, -56.97068684549634),
                    17: (1024.3971914250294, 0.33902263181359016, -56.97068684549634),
                    18: (1024.3913784641825, 0.3199418327290593, -56.97068684549634),
                    19: (1024.3839738948739, 0.301203855007535, -56.97068684549634),
                    20: (1024.3749856461018, 0.2828889375463296, -56.97068684549634),
                    21: (1024.364423342708, 0.2650755076337682, -56.97068684549634),
                    22: (1024.3522982950717, 0.2478398451115029, -56.97068684549634),
                    23: (1024.3386234869974, 0.23125575573252308, -56.97068684549634),
                    24: (1024.3234135618122, 0.21539425511358423, -56.97068684549634),
                    25: (1024.306684806685, 0.20032326463543776, -56.97068684549634),
                    26: (1024.288455135186, 0.1861073205930532, -56.97068684549634),
                    27: (1024.2687440681036, 0.17280729784129006, -56.97068684549634),
                    28: (1024.2475727125425, 0.1604801491194294, -56.97068684549634),
                    29: (1024.2249637393204, 0.1491786611707952, -56.97068684549634),
                    30: (1024.200941358692, 0.1389512287018207, -56.97068684549634),
                    31: (1024.1755312944244, 0.1298416471484814, -56.97068684549634),
                    32: (1024.1487607562506, 0.12188892513751681, -56.97068684549634),
                    33: (1024.1206584107338, 0.11512711744550269, -56.97068684549634),
                    34: (1024.091254350569, 0.10958517917106747, -56.97068684549634),
                    35: (1024.0605800623605, 0.10528684174471592, -56.97068684549634),
                    36: (1024.0286683929046, 0.10225051130720092, -56.97068684549634),
                    37: (1023.9955535140161, 0.10048918989160144, -56.97068684549634),
                    38: (1023.9612708859368, 0.10001041974662228, -56.97068684549634),
                    39: (1023.9258572193634, 0.1008162510395263, -56.97068684549634),
                    40: (1023.8893504361372, 0.10290323307700389, -56.97068684549634),
                    41: (1023.8517896286361, 0.10626242908157107, -56.97068684549634),
                    42: (1023.8132150179134, 0.11087945446022351, -56.97068684549634),
                    43: (1023.7736679106287, 0.11673453840147063, -56.97068684549634),
                    44: (1023.7331906548148, 0.12380260853698744, -56.97068684549634),
                    45: (1023.6918265945313, 0.13205339830534424, -56.97068684549634),
                    46: (1023.6496200234498, 0.14145157655806778, -56.97068684549634),
                    47: (1023.6066161374239, 0.15195689885304628, -56.97068684549634),
                    48: (1023.5628609860918, 0.16352437978740514, -56.97068684549634),
                    49: (1023.5184014235655, 0.17610448563191194, -56.97068684549634),
                    50: (1023.4732850582582, 0.1896433464420084, -56.97068684549634),
                    51: (1023.4275602019038, 0.20408298673718034, -56.97068684549634),
                    52: (1023.381275817824, 0.21936157376087156, -56.97068684549634),
                    53: (1023.3344814684964, 0.23541368225783363, -56.97068684549634),
                    54: (1023.2872272624822, 0.25217057463511877, -56.97068684549634),
                    55: (1023.2395638007691, 0.26956049530700354, -56.97068684549634),
                    56: (1023.1915421225856, 0.2875089779634199, -56.97068684549634),
                    57: (1023.1432136507474, 0.3059391644461327, -56.97068684549634),
                    58: (1023.0946301365929, 0.3247721338671704, -56.97068684549634),
                    59: (1023.0458436045656, 0.34392724056018, -56.97068684549634),
                    60: (1022.9969062965062, 0.36332245941755853, -56.97068684549634),
                    61: (1022.9478706157098, 0.3828747371345485, -56.97068684549634),
                    62: (1022.8987890708117, 0.4025003478562476, -56.97068684549634),
                    63: (1022.8497142195596, 0.4221152517045648, -56.97068684549634),
                    64: (1022.8006986125332, 0.44163545464988785, -56.97068684549634),
                    65: (1022.7517947368724, 0.4609773681864099, -56.97068684549634),
                    66: (1022.703054960072, 0.48005816727094075, -56.97068684549634),
                    67: (1022.654531473906, 0.498796144992464, -56.97068684549634),
                    68: (1022.6062762385386, 0.5171110624536704, -56.97068684549634),
                    69: (1022.5583409268845, 0.5349244923662319, -56.97068684549634),
                    70: (1022.5107768692761, 0.5521601548884971, -56.97068684549634),
                    71: (1022.4636349984977, 0.5687442442674769, -56.97068684549634),
                    72: (1022.4169657952453, 0.5846057448864166, -56.97068684549634),
                    73: (1022.3708192340706, 0.5996767353645622, -56.97068684549634),
                    74: (1022.3252447298672, 0.6138926794069468, -56.97068684549634),
                    75: (1022.2802910849556, 0.6271927021587099, -56.97068684549634),
                    76: (1022.2360064368249, 0.6395198508805706, -56.97068684549634),
                    77: (1022.1924382065855, 0.6508213388292043, -56.97068684549634),
                    78: (1022.1496330481896, 0.6610487712981794, -56.97068684549634),
                    79: (1022.1076367984729, 0.6701583528515187, -56.97068684549634),
                    80: (1022.0664944280716, 0.6781110748624832, -56.97068684549634),
                    81: (1022.0262499932662, 0.6848728825544974, -56.97068684549634),
                    82: (1021.9869465888057, 0.6904148208289326, -56.97068684549634),
                    83: (1021.9486263017601, 0.6947131582552841, -56.97068684549634),
                    84: (1021.9113301664523, 0.6977494886927991, -56.97068684549634),
                    85: (1021.8750981205185, 0.6995108101083987, -56.97068684549634),
                    86: (1021.8399689621408, 0.6999895802533778, -56.97068684549634),
                    87: (1021.805980308502, 0.6991837489604737, -56.97068684549634),
                    88: (1021.7731685555035, 0.6970967669229962, -56.97068684549634),
                    89: (1021.7415688387924, 0.693737570918429, -56.97068684549634),
                    90: (1021.711214996137, 0.6891205455397766, -56.97068684549634),
                    91: (1021.682139531192, 0.6832654615985294, -56.97068684549634),
                    92: (1021.6543735786938, 0.6761973914630126, -56.97068684549634),
                    93: (1021.6279468711195, 0.6679466016946558, -56.97068684549634),
                    94: (1021.6028877068499, 0.6585484234419323, -56.97068684549634),
                    95: (1021.5792229198654, 0.6480431011469537, -56.97068684549634),
                }
                uniform token[] xformOpOrder = ["xformOp:translate", "xformOp:rotateY"]
            }

            def Xform "Boat_38" (
                instanceable = true
                prepend references = @assetLibrary.usda@</Assets/Boat>
            )
            {
                float xformOp:rotateY.timeSamples = {
                    0: 22,
                    1: 22.654032,
                    2: 23.305262,
                    3: 23.950903,
                    4: 24.58819,
                    5: 25.214396,
                    6: 25.826834,
                    7: 26.422888,
                    8: 27,
                    9: 27.555702,
                    10: 28.087614,
                    11: 28.593458,
                    12: 29.071068,
                    13: 29.518398,
                    14: 29.933533,
                    15: 30.314695,
                    16: 30.660254,
                    17: 30.968727,
                    18: 31.238796,
                    19: 31.469301,
                    20: 31.659258,
                    21: 31.807854,
                    22: 31.914448,
                    23: 31.97859,
                    24: 32,
                    25: 31.97859,
                    26: 31.914448,
                    27: 31.807854,
                    28: 31.659258,
                    29: 31.469301,
                    30: 31.238796,
                    31: 30.968727,
                    32: 30.660254,
                    33: 30.314695,
                    34: 29.933533,
                    35: 29.518398,
                    36: 29.071068,
                    37: 28.593458,
                    38: 28.087614,
                    39: 27.555702,
                    40: 27,
                    41: 26.422888,
                    42: 25.826834,
                    43: 25.214396,
                    44: 24.58819,
                    45: 23.950903,
                    46: 23.305262,
                    47: 22.654032,
                    48: 22,
                    49: 21.345968,
                    50: 20.694738,
                    51: 20.049097,
                    52: 19.41181,
                    53: 18.785604,
                    54: 18.173166,
                    55: 17.577112,
                    56: 17,
                    57: 16.444298,
                    58: 15.912386,
                    59: 15.406542,
                    60: 14.928932,
                    61: 14.481602,
                    62: 14.066466,
                    63: 13.685304,
                    64: 13.3397455,
                    65: 13.031273,
                    66: 12.761205,
                    67: 12.530699,
                    68: 12.340742,
                    69: 12.192147,
                    70: 12.085551,
                    71: 12.021411,
                    72: 12,
                    73: 12.021411,
                    74: 12.085551,
                    75: 12.192147,
                    76: 12.340742,
                    77: 12.530699,
                    78: 12.761205,
                    79: 13.031273,
                    80: 13.3397455,
                    81: 13.685304,
                    82: 14.066466,
                    83: 14.481602,
                    84: 14.928932,
                    85: 15.406542,
                    86: 15.912386,
                    87: 16.444298,
                    88: 17,
                    89: 17.577112,
                    90: 18.173166,
                    91: 18.785604,
                    92: 19.41181,
                    93: 20.049097,
                    94: 20.694738,
                    95: 21.345968,
                }
                double3 xformOp:translate.timeSamples = {
                    0: (838.4709945390692, 0.5459196066561395, 37.37801068034794),
                    1: (838.4825486719967, 0.5284636417333871, 37.37801068034794),
                    2: (838.4925357235263, 0.5104575757746352, 37.37801068034794),
                    3: (838.5009449992733, 0.49197851351866134, 37.37801068034794),
                    4: (838.5077674943744, 0.4731055851470018, 37.37801068034794),
                    5: (838.5129959031312, 0.45391960743636917, 37.37801068034794),
                    6: (838.5166246268325, 0.43450273768880526, 37.37801068034794),
                    7: (838.51864977975, 0.41493812192150126, 37.37801068034794),
                    8: (838.5190691932993, 0.3953095388227877, 37.37801068034794),
                    9: (838.517882418362, 0.3757010409989271, 37.37801068034794),
                    10: (838.5150907257662, 0.3561965950479532, 37.37801068034794),
                    11: (838.5106971049263, 0.336879722001805, 37.37801068034794),
                    12: (838.5047062606417, 0.317833139676447, 37.37801068034794),
                    13: (838.4971246080585, 0.29913840846147927, 37.37801068034794),
                    14: (838.4879602658, 0.28087558206603375, 37.37801068034794),
                    15: (838.4772230472735, 0.2631228647164948, 37.37801068034794),
                    16: (838.4649244501617, 0.24595627627399902, 37.37801068034794),
                    17: (838.4510776441102, 0.22944932670572157, 37.37801068034794),
                    18: (838.4356974566259, 0.21367270130390506, 37.37801068034794),
                    19: (838.4188003571987, 0.1986939580005934, 37.37801068034794),
                    20: (838.400404439666, 0.184577238074189, 37.37801068034794),
                    21: (838.3805294028369, 0.17138299148665423, 37.37801068034794),
                    22: (838.3591965293989, 0.159167718027496, 37.37801068034794),
                    23: (838.336428663127, 0.14798372537298793, 37.37801068034794),
                    24: (838.3122501844226, 0.13787890509667577, 37.37801068034794),
                    25: (838.2866869842067, 0.12889652759030212, 37.37801068034794),
                    26: (838.2597664361939, 0.12107505677334862, 37.37801068034794),
                    27: (838.2315173675815, 0.11444798538462836, 37.37801068034794),
                    28: (838.2019700281799, 0.10904369156123367, 37.37801068034794),
                    29: (838.17115605802, 0.10488531731899914, 37.37801068034794),
                    30: (838.1391084534728, 0.10199066945483493, 37.37801068034794),
                    31: (838.1058615319162, 0.10037214329528982, 37.37801068034794),
                    32: (838.0714508949862, 0.10003666961785973, 37.37801068034794),
                    33: (838.0359133904552, 0.10098568497233423, 37.37801068034794),
                    34: (837.9992870727727, 0.10321512552926998, 37.37801068034794),
                    35: (837.9616111623174, 0.10671544448193215, 37.37801068034794),
                    36: (837.9229260033977, 0.11147165292718703, 37.37801068034794),
                    37: (837.8832730210507, 0.11746338405028511, 37.37801068034794),
                    38: (837.8426946766833, 0.12466498033869022, 37.37801068034794),
                    39: (837.8012344226029, 0.13304560345148675, 37.37801068034794),
                    40: (837.758936655488, 0.14256936627388805, 37.37801068034794),
                    41: (837.7158466688471, 0.15319548659137502, 37.37801068034794),
                    42: (837.6720106045173, 0.1648784617253954, 37.37801068034794),
                    43: (837.627475403254, 0.17756826338282353, 37.37801068034794),
                    44: (837.5822887544664, 0.19121055188478714, 37.37801068034794),
                    45: (837.5364990451498, 0.20574690885751928, 37.37801068034794),
                    46: (837.4901553080717, 0.22111508738880145, 37.37801068034794),
                    47: (837.4433071692669, 0.23724927857879533, 37.37801068034794),
                    48: (837.3960047948954, 0.2540803933438601, 37.37801068034794),
                    49: (837.3482988375248, 0.27153635826661293, 37.37801068034794),
                    50: (837.3002403818889, 0.2895424242253643, 37.37801068034794),
                    51: (837.251880890186, 0.30802148648133915, 37.37801068034794),
                    52: (837.2032721469709, 0.3268944148529982, 37.37801068034794),
                    53: (837.1544662037035, 0.3460803925636314, 37.37801068034794),
                    54: (837.1055153230101, 0.3654972623111947, 37.37801068034794),
                    55: (837.05647192272, 0.38506187807849823, 37.37801068034794),
                    56: (837.0073885197346, 0.40469046117721286, 37.37801068034794),
                    57: (836.9583176737912, 0.4242989590010729, 37.37801068034794),
                    58: (836.9093119311807, 0.4438034049520463, 37.37801068034794),
                    59: (836.8604237684798, 0.463120277998195, 37.37801068034794),
                    60: (836.8117055363576, 0.48216686032355305, 37.37801068034794),
                    61: (836.7632094035173, 0.5008615915385207, 37.37801068034794),
                    62: (836.7149873008327, 0.5191244179339662, 37.37801068034794),
                    63: (836.6670908657392, 0.5368771352835061, 37.37801068034794),
                    64: (836.619571386939, 0.554043723726001, 37.37801068034794),
                    65: (836.5724797494805, 0.5705506732942784, 37.37801068034794),
                    66: (836.5258663802684, 0.586327298696095, 37.37801068034794),
                    67: (836.479781194066, 0.6013060419994066, 37.37801068034794),
                    68: (836.4342735400452, 0.615422761925811, 37.37801068034794),
                    69: (836.3893921489416, 0.6286170085133458, 37.37801068034794),
                    70: (836.3451850808729, 0.6408322819725041, 37.37801068034794),
                    71: (836.301699673875, 0.6520162746270121, 37.37801068034794),
                    72: (836.2589824932107, 0.6621210949033243, 37.37801068034794),
                    73: (836.2170792815072, 0.6711034724096979, 37.37801068034794),
                    74: (836.1760349097731, 0.6789249432266514, 37.37801068034794),
                    75: (836.1358933293496, 0.6855520146153717, 37.37801068034794),
                    76: (836.0966975248467, 0.6909563084387664, 37.37801068034794),
                    77: (836.0584894681133, 0.6951146826810009, 37.37801068034794),
                    78: (836.0213100732938, 0.6980093305451651, 37.37801068034794),
                    79: (835.9851991530153, 0.6996278567047103, 37.37801068034794),
                    80: (835.9501953757557, 0.6999633303821403, 37.37801068034794),
                    81: (835.9163362244366, 0.6990143150276659, 37.37801068034794),
                    82: (835.8836579562851, 0.6967848744707301, 37.37801068034794),
                    83: (835.8521955640093, 0.6932845555180677, 37.37801068034794),
                    84: (835.8219827383269, 0.688528347072813, 37.37801068034794),
                    85: (835.7930518318885, 0.6825366159497149, 37.37801068034794),
                    86: (835.7654338246333, 0.6753350196613095, 37.37801068034794),
                    87: (835.739158290615, 0.6669543965485134, 37.37801068034794),
                    88: (835.714253366334, 0.657430633726112, 37.37801068034794),
                    89: (835.6907457206066, 0.646804513408625, 37.37801068034794),
                    90: (835.6686605260088, 0.6351215382746047, 37.37801068034794),
                    91: (835.6480214319203, 0.6224317366171772, 37.37801068034794),
                    92: (835.6288505391998, 0.608789448115213, 37.37801068034794),
                    93: (835.6111683765195, 0.5942530911424808, 37.37801068034794),
                    94: (835.594993878382, 0.5788849126111987, 37.37801068034794),
                    95: (835.580344364845, 0.5627507214212047, 37.37801068034794),
                }
                uniform token[] xformOpOrder = ["xformOp:translate", "xformOp:rotateY"]
            }

            def Xform "Boat_39" (
                instanceable = true
                prepend references = @assetLibrary.usda@</Assets/Boat>
            )
            {
                float xformOp:rotateY.timeSamples = {
                    0: 51,
                    1: 51.65403,
                    2: 52.305264,
                    3: 52.950905,
                    4: 53.588192,
                    5: 54.214394,
                    6: 54.826836,
                    7: 55.422886,
                    8: 56,
                    9: 56.555702,
                    10: 57.087616,
                    11: 57.593456,
                    12: 58.071068,
                    13: 58.5184,
                    14: 58.933533,
                    15: 59.314697,
                    16: 59.660255,
                    17: 59.968727,
                    18: 60.238796,
                    19: 60.469303,
                    20: 60.65926,
                    21: 60.807854,
                    22: 60.914448,
                    23: 60.97859,
                    24: 61,
                    25: 60.97859,
                    26: 60.914448,
                    27: 60.807854,
                    28: 60.65926,
                    29: 60.469303,
                    30: 60.238796,
                    31: 59.968727,
                    32: 59.660255,
                    33: 59.314697,
                    34: 58.933533,
                    35: 58.5184,
                    36: 58.071068,
                    37: 57.593456,
                    38: 57.087616,
                    39: 56.555702,
                    40: 56,
                    41: 55.422886,
                    42: 54.826836,
                    43: 54.214394,
                    44: 53.588192,
                    45: 52.950905,
                    46: 52.305264,
                    47: 51.65403,
                    48: 51,
                    49: 50.34597,
                    50: 49.694736,
                    51: 49.049095,
                    52: 48.411808,
                    53: 47.785606,
                    54: 47.173164,
                    55: 46.577114,
                    56: 46,
                    57: 45.444298,
                    58: 44.912384,
                    59: 44.406544,
                    60: 43.928932,
                    61: 43.4816,
                    62: 43.066467,
                    63: 42.685303,
                    64: 42.339745,
                    65: 42.031273,
                    66: 41.761204,
                    67: 41.530697,
                    68: 41.34074,
                    69: 41.192146,
                    70: 41.085552,
                    71: 41.02141,
                    72: 41,
                    73: 41.02141,
                    74: 41.085552,
                    75: 41.192146,
                    76: 41.34074,
                    77: 41.530697,
                    78: 41.761204,
                    79: 42.031273,
                    80: 42.339745,
                    81: 42.685303,
                    82: 43.066467,
                    83: 43.4816,
                    84: 43.928932,
                    85: 44.406544,
                    86: 44.912384,
                    87: 45.444298,
                    88: 46,
                    89: 46.577114,
                    90: 47.173164,
                    91: 47.785606,
                    92: 48.411808,
                    93: 49.049095,
                    94: 49.694736,
                    95: 50.34597,
                }
                double3 xformOp:translate.timeSamples = {
                    0: (1020.62966310481, 0.4323260956898327, 153.29113362877834),
                    1: (1020.6315092137023, 0.4127501847282803, 153.29113362877834),
                    2: (1020.6317494478975, 0.39311967551827737, 153.29113362877834),
                    3: (1020.6303835501467, 0.3735186289139924, 153.29113362877834),
                    4: (1020.6274129830875, 0.3540309796061912, 153.29113362877834),
                    5: (1020.6228409276775, 0.33474017670100864, 153.29113362877834),
                    6: (1020.6166722797882, 0.31572882637806277, 153.29113362877834),
                    7: (1020.6089136449622, 0.297078338158112, 153.29113362877834),
                    8: (1020.5995733313399, 0.2788685762949896, 153.29113362877834),
                    9: (1020.5886613407632, 0.26117751778460563, 153.29113362877834),
                    10: (1020.5761893580649, 0.24408091845548416, 153.29113362877834),
                    11: (1020.5621707385566, 0.2276519885706691, 153.29113362877834),
                    12: (1020.5466204937269, 0.21196107933014166, 153.29113362877834),
                    13: (1020.5295552751677, 0.19707538161618368, 153.29113362877834),
                    14: (1020.5109933567423, 0.18305863827169863, 153.29113362877834),
                    15: (1020.4909546150182, 0.16997087114357867, 153.29113362877834),
                    16: (1020.4694605079815, 0.1578681240599362, 153.29113362877834),
                    17: (1020.4465340520607, 0.1468022228418303, 153.29113362877834),
                    18: (1020.4221997974789, 0.13682055337714621, 153.29113362877834),
                    19: (1020.3964838019655, 0.12796585870694488, 153.29113362877834),
                    20: (1020.3694136028525, 0.12027605599320107, 153.29113362877834),
                    21: (1020.3410181875873, 0.11378407415169595, 153.29113362877834),
                    22: (1020.3113279626917, 0.10851771284534129, 153.29113362877834),
                    23: (1020.2803747212023, 0.10449952344175795, 153.29113362877834),
                    24: (1020.2481916086251, 0.10174671244485534, 153.29113362877834),
                    25: (1020.2148130874434, 0.10027106781394174, 153.29113362877834),
                    26: (1020.1802749002136, 0.10007890848587159, 153.29113362877834),
                    27: (1020.1446140312918, 0.10117105731638859, 153.29113362877834),
                    28: (1020.1078686672295, 0.10354283755653065, 153.29113362877834),
                    29: (1020.0700781558829, 0.10718409287918718, 153.29113362877834),
                    30: (1020.0312829642783, 0.11207923087005117, 153.29113362877834),
                    31: (1019.9915246352783, 0.11820728979672995, 153.29113362877834),
                    32: (1019.9508457430977, 0.12554202837010342, 153.29113362877834),
                    33: (1019.909289847713, 0.13405203811355004, 153.29113362877834),
                    34: (1019.8669014482178, 0.14370087785886887, 153.29113362877834),
                    35: (1019.8237259351722, 0.15444722979295256, 153.29113362877834),
                    36: (1019.7798095419968, 0.16624507638700986, 153.29113362877834),
                    37: (1019.7351992954653, 0.1790438974506874, 153.29113362877834),
                    38: (1019.6899429653474, 0.1927888864672784, 153.29113362877834),
                    39: (1019.6440890132548, 0.20742118528364537, 153.29113362877834),
                    40: (1019.5976865407476, 0.2228781361498661, 153.29113362877834),
                    41: (1019.550785236756, 0.23909355002933547, 153.29113362877834),
                    42: (1019.503435324371, 0.25599799003038776, 153.29113362877834),
                    43: (1019.4556875070647, 0.27351906874571974, 153.29113362877834),
                    44: (1019.4075929143959, 0.2915817582263884, 153.29113362877834),
                    45: (1019.3592030472588, 0.3101087112630039, 153.29113362877834),
                    46: (1019.3105697227355, 0.3290205925983519, 153.29113362877834),
                    47: (1019.2617450186078, 0.34823641865315175, 153.29113362877834),
                    48: (1019.212781217592, 0.3676739043101673, 153.29113362877834),
                    49: (1019.1637307513525, 0.3872498152717192, 153.29113362877834),
                    50: (1019.1146461443572, 0.4068803244817226, 153.29113362877834),
                    51: (1019.0655799576326, 0.42648137108600764, 153.29113362877834),
                    52: (1019.0165847324806, 0.44596902039380937, 153.29113362877834),
                    53: (1018.9677129342153, 0.46525982329899135, 153.29113362877834),
                    54: (1018.9190168959825, 0.4842711736219367, 153.29113362877834),
                    55: (1018.8705487627195, 0.502921661841888, 153.29113362877834),
                    56: (1018.8223604353177, 0.5211314237050104, 153.29113362877834),
                    57: (1018.7745035150448, 0.5388224822153943, 153.29113362877834),
                    58: (1018.7270292482897, 0.5559190815445159, 153.29113362877834),
                    59: (1018.6799884716866, 0.5723480114293309, 153.29113362877834),
                    60: (1018.633431557677, 0.5880389206698584, 153.29113362877834),
                    61: (1018.5874083605707, 0.6029246183838164, 153.29113362877834),
                    62: (1018.5419681631599, 0.6169413617283006, 153.29113362877834),
                    63: (1018.4971596239462, 0.6300291288564214, 153.29113362877834),
                    64: (1018.4530307250358, 0.6421318759400638, 153.29113362877834),
                    65: (1018.4096287207587, 0.6531977771581696, 153.29113362877834),
                    66: (1018.3670000870684, 0.6631794466228538, 153.29113362877834),
                    67: (1018.3251904717735, 0.6720341412930556, 153.29113362877834),
                    68: (1018.2842446456573, 0.679723944006799, 153.29113362877834),
                    69: (1018.2442064545359, 0.686215925848304, 153.29113362877834),
                    70: (1018.2051187723073, 0.6914822871546588, 153.29113362877834),
                    71: (1018.1670234550406, 0.6955004765582421, 153.29113362877834),
                    72: (1018.1299612961559, 0.6982532875551446, 153.29113362877834),
                    73: (1018.093971982741, 0.6997289321860583, 153.29113362877834),
                    74: (1018.0590940530542, 0.6999210915141285, 153.29113362877834),
                    75: (1018.0253648552563, 0.6988289426836114, 153.29113362877834),
                    76: (1017.992820507417, 0.6964571624434694, 153.29113362877834),
                    77: (1017.9614958588392, 0.6928159071208126, 153.29113362877834),
                    78: (1017.9314244527412, 0.6879207691299489, 153.29113362877834),
                    79: (1017.9026384903378, 0.6817927102032701, 153.29113362877834),
                    80: (1017.8751687963586, 0.6744579716298966, 153.29113362877834),
                    81: (1017.8490447860399, 0.66594796188645, 153.29113362877834),
                    82: (1017.8242944336264, 0.6562991221411317, 153.29113362877834),
                    83: (1017.8009442424152, 0.6455527702070476, 153.29113362877834),
                    84: (1017.779019216376, 0.6337549236129902, 153.29113362877834),
                    85: (1017.7585428333759, 0.6209561025493127, 153.29113362877834),
                    86: (1017.7395370200388, 0.6072111135327216, 153.29113362877834),
                    87: (1017.7220221282654, 0.5925788147163548, 153.29113362877834),
                    88: (1017.7060169134406, 0.577121863850134, 153.29113362877834),
                    89: (1017.6915385143494, 0.5609064499706646, 153.29113362877834),
                    90: (1017.6786024348241, 0.5440020099696123, 153.29113362877834),
                    91: (1017.6672225271428, 0.5264809312542803, 153.29113362877834),
                    92: (1017.6574109771956, 0.5084182417736117, 153.29113362877834),
                    93: (1017.6491782914359, 0.48989128873699617, 153.29113362877834),
                    94: (1017.6425332856297, 0.4709794074016481, 153.29113362877834),
                    95: (1017.637483075416, 0.45176358134684835, 153.29113362877834),
                }
                uniform token[] xformOpOrder = ["xformOp:translate", "xformOp:rotateY"]
            }
        }

        def Scope "FlowerBeds"
        {
            def Scope "Prototypes"
            {
                token visibility = "invisible"

                def Xform "bed_0"
                {
                    def PointInstancer "flowers"
                    {
                        point3f[] positions = [(-0.7826854, 0, -0.084320374), (-0.81176144, 0, 0.06777237), (-0.5548096, 0, 0.36363107), (0.43841103, 0, 0.90467554), (0.56492954, 0, -0.38337266), (-0.5309905, 0, -0.59585875), (-0.015314933, 0, 0.384937), (0.4892416, 0, -0.71588606), (0.636594, 0, -0.22853953), (0.5497127, 0, -0.840875), (0.9668992, 0, 0.63070416), (-0.11378852, 0, -0.12844889)]
                        int[] protoIndices = [0, 1, 2, 0, 1, 2, 0, 1, 2, 0, 1, 2]
                        rel prototypes = [
                            </Island/Village/FlowerBeds/Prototypes/bed_0/flowers/Prototypes/proto_0>,
                            </Island/Village/FlowerBeds/Prototypes/bed_0/flowers/Prototypes/proto_1>,
                            </Island/Village/FlowerBeds/Prototypes/bed_0/flowers/Prototypes/proto_2>,
                        ]

                        def Scope "Prototypes"
                        {
                            def Xform "proto_0" (
                                instanceable = true
                                prepend references = @assetLibrary.usda@</Assets/Flower_0>
                            )
                            {
                            }

                            def Xform "proto_1" (
                                instanceable = true
                                prepend references = @assetLibrary.usda@</Assets/Flower_1>
                            )
                            {
                            }

                            def Xform "proto_2" (
                                instanceable = true
                                prepend references = @assetLibrary.usda@</Assets/Flower_2>
                            )
                            {
                            }
                        }
                    }
                }

                def Xform "bed_1"
                {
                    def PointInstancer "flowers"
                    {
                        point3f[] positions = [(-0.5619542, 0, -0.88276476), (-0.09180337, 0, 0.8099497), (0.15012808, 0, 0.2900211), (-0.40998176, 0, 0.97383946), (-0.88694954, 0, -0.24571076), (-0.21216862, 0, -0.6030717), (-0.9276634, 0, -0.77272373), (-0.86994207, 0, -0.5789439), (0.19150409, 0, -0.7714033), (-0.8649157, 0, -0.6208547), (-0.0074777426, 0, -0.43039897), (0.17963055, 0, -0.33104968)]
                        int[] protoIndices = [0, 1, 2, 0, 1, 2, 0, 1, 2, 0, 1, 2]
                        rel prototypes = [
                            </Island/Village/FlowerBeds/Prototypes/bed_1/flowers/Prototypes/proto_0>,
                            </Island/Village/FlowerBeds/Prototypes/bed_1/flowers/Prototypes/proto_1>,
                            </Island/Village/FlowerBeds/Prototypes/bed_1/flowers/Prototypes/proto_2>,
                        ]

                        def Scope "Prototypes"
                        {
                            def Xform "proto_0" (
                                instanceable = true
                                prepend references = @assetLibrary.usda@</Assets/Flower_0>
                            )
                            {
                            }

                            def Xform "proto_1" (
                                instanceable = true
                                prepend references = @assetLibrary.usda@</Assets/Flower_1>
                            )
                            {
                            }

                            def Xform "proto_2" (
                                instanceable = true
                                prepend references = @assetLibrary.usda@</Assets/Flower_2>
                            )
                            {
                            }
                        }
                    }
                }

                def Xform "bed_2"
                {
                    def PointInstancer "flowers"
                    {
                        point3f[] positions = [(-0.9377383, 0, 0.3026182), (0.24323483, 0, 0.14508067), (0.5839998, 0, -0.087981254), (-0.03519103, 0, -0.3250267), (-0.56525564, 0, 0.35341182), (-0.018323803, 0, -0.508467), (-0.31716144, 0, 0.86871684), (0.66684574, 0, -0.61769515), (-0.5172994, 0, 0.20497653), (-0.92400104, 0, -0.93656147), (-0.07809994, 0, 0.16965252), (-0.6567483, 0, -0.14686929)]
                        int[] protoIndices = [0, 1, 2, 0, 1, 2, 0, 1, 2, 0, 1, 2]
                        rel prototypes = [
                            </Island/Village/FlowerBeds/Prototypes/bed_2/flowers/Prototypes/proto_0>,
                            </Island/Village/FlowerBeds/Prototypes/bed_2/flowers/Prototypes/proto_1>,
                            </Island/Village/FlowerBeds/Prototypes/bed_2/flowers/Prototypes/proto_2>,
                        ]

                        def Scope "Prototypes"
                        {
                            def Xform "proto_0" (
                                instanceable = true
                                prepend references = @assetLibrary.usda@</Assets/Flower_0>
                            )
                            {
                            }

                            def Xform "proto_1" (
                                instanceable = true
                                prepend references = @assetLibrary.usda@</Assets/Flower_1>
                            )
                            {
                            }

                            def Xform "proto_2" (
                                instanceable = true
                                prepend references = @assetLibrary.usda@</Assets/Flower_2>
                            )
                            {
                            }
                        }
                    }
                }
            }

            def PointInstancer "BedInstancer"
            {
                int64[] ids = [0, 1, 2, 3, 4, 5, 6, 7]
                point3f[] positions = [(562.4849, 85.6084, -109.48743), (489.52002, 110.789406, -1.6506925), (518.68243, 103.16633, -79.10471), (501.3709, 109.12742, 94.03317), (702.33295, 29.706766, -328.38257), (665.86334, 44.748917, -284.36646), (719.68414, 24.888084, 303.10425), (814.2371, 9.689079, -305.60587)]
                int[] protoIndices = [0, 1, 2, 0, 1, 2, 0, 1]
                rel prototypes = [
                    </Island/Village/FlowerBeds/Prototypes/bed_0>,
                    </Island/Village/FlowerBeds/Prototypes/bed_1>,
                    </Island/Village/FlowerBeds/Prototypes/bed_2>,
                ]
            }
        }
    }
}

